What is John Mayne's occupation?	John Mayne's occupation was a printer, journalist, and poet.   FINAL: printer, journalist, and poet.
What is Kathy Saltzman's occupation?	Kathy Saltzman is a Minnesota politician and former member of the Minnesota Senate. She also served as a majority whip and was involved in various committees related to education, business, and transportation. Additionally, she worked as a communications director for Schools for Equity in Education and as an outreach and marketing employee for the University of Minnesota Hospital and Clinics.  FINAL: Minnesota politician and former member of the Minnesota Senate.
What is Eleanor Davis's occupation?	Eleanor Davis was a cartoonist and illustrator.   FINAL: cartoonist and illustrator.
What is William Murray, 1st Earl of Mansfield's occupation?	William Murray, 1st Earl of Mansfield's occupation was a British judge, politician, lawyer, and peer.  FINAL: British judge, politician, lawyer, and peer.
What is Þorsteinn Bachmann's occupation?	Þorsteinn Bachmann's occupation is an Icelandic film actor.   FINAL: film actor
What is Jacob Kraemer's occupation?	Jacob Kraemer's occupation is a Canadian actor.   FINAL: Canadian actor
What is Bae Geu-rin's occupation?	Bae Geu-rin is a South Korean actress.  FINAL: actress
What is John Floyd's occupation?	John Floyd's occupation was an American politician, planter, and military officer.   FINAL: politician, planter, and military officer.
What is Sachiko Kokubu's occupation?	Sachiko Kokubu is a Japanese actress and fashion model.   FINAL: actress and fashion model
What is Akari Hayami's occupation?	Akari Hayami is a Japanese actress, model, and former idol singer.   FINAL: actress, model, and former idol singer.
What is Paris's occupation?	Paris's occupation is an actor.   FINAL: actor
What is Fairfax M. Cone's occupation?	Fairfax M. Cone's occupation was an American businessman, advertising executive, and former director of the American Association of Advertising Agencies.  FINAL: advertising executive and businessman
What is Albert Bates's occupation?	Albert Bates is an American lawyer, author, teacher, and a member of the intentional community and ecovillage movements. He has also served as a director of the Global Village Institute for Appropriate Technology and the Ecovillage Training Center. Additionally, he is an emergency medical technician (EMT) and a licensed Amateur Radio operator.  FINAL: Lawyer, author, teacher, and ecovillage movement member.
What is Heath's occupation?	Heath's occupation is a physician.   FINAL: physician
What is Yoshiki Tonogai's occupation?	Yoshiki Tonogai's occupation is a Japanese manga artist.   FINAL: manga artist
What is Thomas R. Whitney's occupation?	Thomas R. Whitney was an American journalist, politician, and writer. He worked as an editor for the "New York Sunday Times" and later published his own paper, the "Sunday Morning News," and a magazine, "The Republic." He also served in political roles, including as a member of the New York State Senate and as a U.S. Congressman.  FINAL: journalist, politician, and writer
What is Edwin Wallock's occupation?	Edwin Wallock was an American actor.   FINAL: actor
What is Tsutomu Seki's occupation?	Tsutomu Seki's occupation is a Japanese amateur astronomer and discoverer of minor planets and comets. He is also the Director of the Geisei Observatory in Kōchi and in charge of the Comet Section of the Oriental Astronomical Association.  FINAL: Astronomer and comet discoverer
What is Matthew McKay's occupation?	Matthew McKay was a dentist, dental surgeon, and schoolteacher.   FINAL: dentist, dental surgeon, and schoolteacher
What is Dominick Bellizzi's occupation?	Dominick Bellizzi was an American jockey.   FINAL: jockey
What is Brendan Canty's occupation?	Brendan Canty is an American musician, composer, producer, and filmmaker, best known as the drummer for the band Fugazi. He is also a multi-instrumentalist, film director, and film producer.  FINAL: Musician, composer, producer, and filmmaker.
What is María Elena Marqués's occupation?	María Elena Marqués was an actress and singer.   FINAL: actress and singer
What is Patrick O'Brien Demsey's occupation?	Patrick O'Brien Demsey's occupation is an actor.   FINAL: actor
What is Boutheina Jabnoun's occupation?	Boutheina Jabnoun is a Tunisian journalist and magazine publisher.   FINAL: journalist and magazine publisher
What is Modou Dia's occupation?	Modou Dia's occupation is a politician and former diplomat.   FINAL: politician and former diplomat
What is Glenn Albrecht's occupation?	Glenn Albrecht's occupation was an academic and environmental philosopher. He was a Professor of Sustainability at Murdoch University and has held other academic positions. He is known for his work on concepts like "solastalgia" and "symbiocene."  FINAL: Academic and environmental philosopher.
What is Tobias Lindholm's occupation?	Tobias Lindholm is a Danish screenwriter and film director.   FINAL: screenwriter and film director
What is Ingrid Martinez's occupation?	Ingrid Martz is a Mexican actress and model. She has appeared in several telenovelas and has also starred in music videos and movies.   FINAL: Actress and model.
What is Tolis Voskopoulos's occupation?	Tolis Voskopoulos was a Greek singer, actor, and composer.   FINAL: singer, actor, and composer
What is Marco Ameglio's occupation?	Marco Ameglio is a Panamanian politician and businessman.   FINAL: politician and businessman
What is Mohd Sharkar Shamsudin's occupation?	Mohd Sharkar Shamsudin's occupation is a Malaysian politician. He has served as Speaker of the Pahang State Legislative Assembly and was a Member of the Pahang State Executive Council (EXCO) and Member of the Pahang State Legislative Assembly (MLA) for Lanchang. He is also a member of the United Malays National Organisation (UMNO).  FINAL: Malaysian politician
What is Anthony Sharp's occupation?	Anthony Sharp was an actor, writer, and director. He was also a playwright and a director, particularly of comedy-thrillers and 'boardroom' dramas. Additionally, he worked in cinema, television, and radio.  FINAL: Actor, writer, and director.
What is Claire Berlinski's occupation?	Claire Berlinski is an American journalist and author.   FINAL: journalist and author
What is Russell Stokes's occupation?	Russell Stokes was an Australian politician and manufacturer. He was the managing director and chairman of Stokes & Sons, a family business involved in badge- and medallion-making. Additionally, he served as a member of the Victorian Legislative Assembly.  FINAL: politician and manufacturer
What is C. E. Webber's occupation?	C. E. Webber's occupation is a British television writer and playwright.   FINAL: British television writer and playwright.
What is Muhammad Ali Luqman's occupation?	Muhammad Ali Luqman was a Yemeni lawyer, writer, and journalist. He founded newspapers and was involved in political activities in Yemen.  FINAL: journalist, writer, and lawyer
What is Ivo Perilli's occupation?	Ivo Perilli's occupation was an Italian screenwriter. He wrote for more than 50 films between 1933 and 1977.  FINAL: screenwriter
What is Joseph Weydemeyer's occupation?	Joseph Weydemeyer was a Marxist journalist, revolutionary, and military officer. He also worked as a construction engineer and was involved in organizing the Communist League.  FINAL: Marxist journalist, revolutionary, and military officer.
What is Ai's occupation?	Ai's occupation was an American poet and educator. She won the 1999 National Book Award for Poetry for "Vice: New and Selected Poems."   FINAL: Poet and educator.
What is Rinaldo del Mel's occupation?	Rinaldo del Mel was a Franco-Flemish composer of the Renaissance, primarily active in Italy, and a member of the Roman School of composition. He was a skilled and prolific composer, known for his cyclic madrigals and other vocal works.  FINAL: Composer
What is Annie Beustes's occupation?	Answer: French politician
What is Elisa Bridges's occupation?	Elisa Bridges was an American actress and model.   FINAL: actress and model
What is Domingo Eyzaguirre's occupation?	Domingo Eyzaguirre was a Chilean politician and philanthropist. He was involved in establishing a cloth factory, improving agricultural practices, and contributing to the development of the Maipo canal. He also held political positions, including being a deputy in the National Congress and governor of the department of Victoria.  FINAL: politician and philanthropist
What is Suzanne Lilar's occupation?	Suzanne Lilar was a Flemish Belgian essayist, novelist, and playwright. She was also a member of the Royal Academy of French Language and Literature.   FINAL: Essayist, novelist, and playwright.
What is Karen Redman's occupation?	Karen Redman is a Canadian politician and the chair of the Region of Waterloo. She previously served as a member of the House of Commons of Canada and held roles such as Chief Government Whip and Chief Official Opposition Whip.   FINAL: Canadian politician and chair of the Region of Waterloo.
What is Eduard Looijenga's occupation?	Eduard Looijenga is a mathematician. He worked in algebraic geometry and the theory of algebraic groups, and he was a professor of mathematics at Utrecht University until his retirement in 2013.  FINAL: mathematician
What is Petrus Camper's occupation?	Petrus Camper's occupation was a Dutch physician, anatomist, physiologist, midwife, zoologist, anthropologist, palaeontologist, and naturalist.   FINAL: physician, anatomist, physiologist, midwife, zoologist, anthropologist, palaeontologist, and naturalist.
What is Jacopo Melani's occupation?	Jacopo Melani was an Italian composer and violinist.   FINAL: composer and violinist
What is Charlotte von Hagn's occupation?	Charlotte von Hagn's occupation was a German actress.   FINAL: actress
What is Michael Hutchings's occupation?	Michael Hutchings is a professional chef and mathematician. He is known for his work as a chef, owning Michael's Waterside, and for his contributions to mathematics, particularly in embedded contact homology.   FINAL: Chef and mathematician
What is James Alex Msekela's occupation?	James Alex Msekela's occupation is a Tanzanian politician and diplomat. He served as Tanzania's ambassador to Italy and held various political positions, including Member of Parliament and Regional Commissioner.  FINAL: politician and diplomat
What is Hiroyuki Arai's occupation?	Hiroyuki Arai is a Japanese politician and member of the House of Councillors in the Diet.  FINAL: Japanese politician and member of the House of Councillors in the Diet.
What is Melinda Mullins's occupation?	Melinda Mullins is an American former film, television and theatre actress.   FINAL: Actress
What is Meyer Lutz's occupation?	Meyer Lutz was a German-born British composer and conductor. He is known for his work in light music, musical theatre, and burlesques. He served as a theatrical conductor in London and was the music director at the Gaiety Theatre. He composed songs, operas, and music for various theatrical productions.  FINAL: Composer and conductor
What is Ludwig Lichtschein's occupation?	Ludwig Lichtschein's occupation was a rabbi.   FINAL: rabbi
What is Władysław Sławny's occupation?	Władysław Sławny's occupation was a photographer.   FINAL: photographer
What is Johnson's occupation?	Johnson's occupation is a film score composer and music director.   FINAL: film score composer and music director
What is Walter Köbel's occupation?	Walter Köbel's occupation was a German politician. He served as the Mayor of Rüsselsheim and was a member of the Hessian State Parliament.  FINAL: politician
What is Debbie Johnson's occupation?	Debbie Johnson's occupation is an American politician. She was a member of the Minnesota Senate, representing District 49.  FINAL: politician
What is Kekko Fornarelli's occupation?	Kekko Fornarelli is a jazz pianist and composer.   FINAL: jazz pianist and composer
What is Adil Shamoo's occupation?	Adil Shamoo is a professor at the Department of Biochemistry and Molecular Biology at the University of Maryland. He is also a biochemist, ethicist, and analyst for Foreign Policy In Focus.   FINAL: Professor and biochemist.
What is Patrick Mulvany's occupation?	Patrick Mulvany's occupation was an Irish-born American artist. He was known for painting scenes of the American West, the American Civil War, and other historical events. He also worked as a portrait painter throughout his career.  FINAL: Artist
What is Gerard Kennedy's occupation?	Gerard Kennedy is a Canadian politician and former social activist. He served as Ontario's Minister of Education and was a Member of Parliament. He is also known for his work with food banks.  FINAL: Canadian politician and social activist.
What is Giora Godik's occupation?	Giora Godik's occupation was a theater producer and impresario.   FINAL: theater producer and impresario.
What is Lillian Lawrence's occupation?	Lillian Lawrence was an American theatre and silent film actress.   FINAL: actress
What is Philip Rosenberg's occupation?	Philip Rosenberg's occupation is a production designer and art director.   FINAL: production designer and art director
What is Mariana Vicente's occupation?	Mariana Vicente is an actress, model, and beauty pageant titleholder. She was crowned Miss Universe Puerto Rico 2010 and participated in the 2010 Miss Universe pageant.  FINAL: actress, model, and beauty pageant titleholder
What is Huntington Wilson's occupation?	Huntington Wilson's occupation was a United States diplomat and author. He served as United States Assistant Secretary of State and was involved in various diplomatic missions. He also wrote several books.  FINAL: diplomat and author
What is Bala's occupation?	Bala's occupation is a film director, screenwriter, and film producer.   FINAL: film director, screenwriter, and film producer.
What is Steve Tom's occupation?	Steve Tom's occupation is an actor. He is best known for hosting the HBO comedy series "Funny or Die Presents" and has guest-starred in numerous television series and films.  FINAL: Actor
What is Ilja Rosendahl's occupation?	Ilja Rosendahl is a German film and music producer, director, screenwriter, actor, songwriter, musician (vocals, guitars, bass), and voiceover artist.   FINAL: film and music producer, director, screenwriter, actor, songwriter, musician, and voiceover artist.
What is Thanasis Pafilis's occupation?	Thanasis Pafilis is a Greek communist politician, member of the Hellenic Parliament, and General Secretary of the World Peace Council. He has also served as a Member of the European Parliament.  FINAL: Greek communist politician, member of the Hellenic Parliament, and General Secretary of the World Peace Council.
What is Christopher Butson's occupation?	Christopher Butson's occupation was an Irish Anglican priest and later a Church of Ireland bishop. He served as the Rector of Clontarf, Archdeacon of Clonfert, Dean of Kilmacduagh, and Bishop of Clonfert and Kilmacduagh.  FINAL: Priest and Bishop
What is Hate Man's occupation?	Hate Man's occupation was an American philosopher, activist, and former reporter for "The New York Times".   FINAL: philosopher, activist, and former reporter for "The New York Times"
What is Rich Brightman's occupation?	Rich Brightman's occupation is a singer-songwriter.   FINAL: singer-songwriter
What is Edward Norton's occupation?	Edward Norton is an American actor and producer. He is known for his roles in films such as "Primal Fear," "American History X," and "Fight Club," and has also directed and written scripts for plays.   FINAL: Actor and producer.
What is Jonathan Le Billon's occupation?	Jonathan Le Billon is a British actor known for his work in feature films, television shows, and classical theatre companies. He has also been involved in theatre productions and has taken on roles such as Sherlock Holmes in online productions.  FINAL: Actor
What is Eliza Lawrence's occupation?	Eliza Lawrence was a Canadian territorial-level politician and member of the Legislative Assembly of the Northwest Territories. She also worked as a nurse and nutritional educator.  FINAL: Canadian territorial-level politician and nurse
What is Charles Combe's occupation?	Charles Combe was an English physician and numismatist. He practiced medicine, particularly as an obstetric physician, and was involved in numismatics, including the collection and study of coins.  FINAL: physician and numismatist
What is GQ's occupation?	GQ is an actor, writer, and rapper.   FINAL: actor, writer, and rapper.
What is John D. Maurice's occupation?	John D. Maurice's occupation is an American journalist.   FINAL: journalist
What is Harvey Benge's occupation?	Harvey Benge was a photographer.   FINAL: photographer
What is Alan Huckle's occupation?	Alan Huckle's occupation is a senior diplomat in the Foreign and Commonwealth Office of the British Government. He has served as a British Colonial Governor and Commissioner, including roles as the commissioner of the British Indian Ocean Territory and the British Antarctic Territory, and as the governor of Anguilla and the Falkland Islands.  FINAL: Senior diplomat in the Foreign and Commonwealth Office of the British Government.
What is Sylwester Braun's occupation?	Sylwester Braun's occupation was a Polish photographer and Home Army officer.   FINAL: photographer and Home Army officer
What is Jack Mackenzie's occupation?	Jack Mackenzie was a cinematographer.   FINAL: cinematographer
What is Ernst Theodor Echtermeyer's occupation?	Ernst Theodor Echtermeyer was a German writer and philosopher.   FINAL: writer and philosopher
What is Felicia Chateloin's occupation?	Felicia Chateloin is a Cuban architect specialized in conservation and rehabilitation of built patrimony and in urban historic preservation. She works as a preservation and rehabilitation specialist and also serves as a professor at the Faculty of Architecture, Polytechnic José Antonio Echeverría (CUJAE) and at the San Geronimo University College of the University of Havana.  FINAL: Architect and professor.
What is Bedřich Feigl's occupation?	Bedřich Feigl was a painter, graphic designer, and illustrator.   FINAL: painter, graphic designer, and illustrator.
What is Björn Böhning's occupation?	Björn Böhning is a German politician who has served as State Secretary at the Federal Ministry of Labour and Social Affairs.   FINAL: Politician
What is Stanley Peiris's occupation?	Stanley Peiris was a Sri Lankan musician and musical composer.   FINAL: musician and musical composer
What is J. Da Silva's occupation?	J. Da Silva's occupation was a cricket umpire.   FINAL: Cricket umpire.
What is Carsten Carlsen's occupation?	Carsten Carlsen was a Norwegian pianist and composer.   FINAL: pianist and composer
What is Shiva Nageswara Rao's occupation?	Shiva Nageswara Rao is an Indian film director and screenwriter who works in Telugu cinema.   FINAL: Indian film director and screenwriter
What is Fritz Goos's occupation?	Fritz Goos was a German physicist and astronomer. He worked as an assistant professor ("Wissenschaftlicher Rat") at the Physical State Institute in Hamburg and was an adjunct professor at the University of Hamburg, where he focused on optical spectroscopy.  FINAL: physicist and astronomer
What is Alexander Gadolin's occupation?	Alexander Gadolin's occupation was a legal scholar and politician. He was a member of the Diet of Finland and the Parliament of Finland, representing the Swedish People's Party of Finland.  FINAL: legal scholar and politician
What is Kamya Panjabi's occupation?	Kamya Panjabi is an Indian actress and politician.   FINAL: actress and politician
What is John Strange's occupation?	John Strange's occupation was a diplomat and author.   FINAL: diplomat and author
What is Everley Gregg's occupation?	Everley Gregg's occupation was an English actress.   FINAL: actress
What is Meg McCall's occupation?	Meg McCall's occupation was a Canadian politician. She represented the electoral district of Klondike in the Yukon Legislative Assembly.  FINAL: Canadian politician
What is Todd Verow's occupation?	Todd Verow's occupation is a film director.   FINAL: film director
What is Kyaw Swe's occupation?	Kyaw Swe's occupation was a Burmese politician and film director. He served as the former Minister of Home Affairs of Myanmar and was also involved in the film industry, directing and acting in several films.  FINAL: Burmese politician and film director
What is Edwin H. Knopf's occupation?	Edwin H. Knopf was an American film director, producer, and screenwriter.   FINAL: film director, producer, and screenwriter
What is Tatiana Doronina's occupation?	Tatiana Doronina is a Soviet/Russian actress.   FINAL: actress
What is Marina Baker's occupation?	Marina Baker is a British politician, journalist, children's book author, former model, and actress. She has also worked as a journalist for several newspapers and has been involved in local politics and environmental initiatives.  FINAL: British politician, journalist, children's book author, former model, and actress.
What is Giuseppe Demachi's occupation?	Giuseppe Demachi was an Italian composer and violinist. He served as a leading violinist in Alessandria and later in Geneva. He also composed numerous works, including symphonies, sonatas, and quartets.  FINAL: Composer and violinist
What is Atsushi Kaneko's occupation?	Atsushi Kaneko is a Japanese manga artist.   FINAL: manga artist
What is Richard Faith's occupation?	Richard Faith's occupation was an American composer, concert pianist, professor of piano, and published composer of piano pedagogy literature, orchestral and chamber works, opera, and songs.  FINAL: composer, concert pianist, professor of piano, and published composer of piano pedagogy literature, orchestral and chamber works, opera, and songs.
What is E. David Redwine's occupation?	E. David Redwine's occupation is a politician.   FINAL: politician
What is Chiara Zanni's occupation?	Chiara Zanni is a Canadian actress and comedian. She is known for her roles in various television series and voice-work in animated projects.   FINAL: actress and comedian
What is P. J. Moloney's occupation?	P. J. Moloney was an Irish Sinn Féin politician. Before entering politics, he was a chemist.  FINAL: chemist and politician
What is Andreas Rüdiger's occupation?	Andreas Rüdiger's occupation is a German philosopher and physicist.   FINAL: philosopher and physicist
What is Guillem Ramon de Gironella's occupation?	Guillem Ramon de Gironella was a Catalan troubadour.   FINAL: troubadour
What is Dima Grigoriev's occupation?	Dima Grigoriev is a Russian mathematician. His occupation includes being a researcher in algebraic geometry, symbolic computation, and computational complexity theory, as well as holding positions as a professor and research director at various institutions.  FINAL: Mathematician
What is Paddy Mullins's occupation?	Paddy Mullins was an Irish racehorse trainer.   FINAL: Paddy Mullins's occupation was a racehorse trainer.
What is Alan Mauritz Swanson's occupation?	Alan Mauritz Swanson's occupation is a composer and academic.   FINAL: composer and academic
What is Harvey William Burk's occupation?	Harvey William Burk was a politician and farmer.   FINAL: politician and farmer
What is Richard Sandrak's occupation?	Richard Sandrak's occupation was a former bodybuilder, martial artist, and actor. He is known for his appearance in the documentary "The World's Strongest Boy" and for his role in the film "Little Hercules in 3D."  FINAL: former bodybuilder, martial artist, and actor
What is Jim Boyd's occupation?	Jim Boyd's occupation was a newscaster and actor. He worked as a weekend, early morning, and midday news anchor and reporter for WCVB-TV and later transitioned into acting in major motion pictures and television productions.  FINAL: newscaster and actor
What is Nosrat Karimi's occupation?	Nosrat Karimi was an Iranian actor, director, make-up artist, professor, scriptwriter, and sculptor.   FINAL: actor, director, make-up artist, professor, scriptwriter, and sculptor.
What is Jörg A. Eggers's occupation?	Jörg A. Eggers is a German film director and screenwriter.   FINAL: film director and screenwriter
What is Duilio Forte's occupation?	Duilio Forte is an artist and architect. He teaches materials technologies at Nuova Accademia Belle Arti di Milano and creates large sculptures and unique exterior sculptural saunas. He also founded AtelierFORTE, an architecture and sculpture research laboratory.   FINAL: Artist and architect.
What is Giovanni Grasso's occupation?	Giovanni Grasso was an Italian stage and film actor.   FINAL: Actor
What is Adam Darr's occupation?	Adam Darr's occupation was a German classical guitarist, singer, zither player, and composer.   FINAL: guitarist, singer, zither player, and composer
What is Paul Lieber's occupation?	Paul Lieber's occupation is an actor.   FINAL: actor
What is Keiko Aizawa's occupation?	Keiko Aizawa is a Japanese actress and voice actress.   FINAL: actress and voice actress
What is Petros Efthymiou's occupation?	Petros Efthymiou is a Greek academic and politician. He is currently the parliamentary spokesman of his party, the Panhellenic Socialist Movement (PASOK). He has also served as a minister, MEP, journalist, editor, and talk show host.  FINAL: Greek academic and politician
What is Isobel Pravda's occupation?	Isobel Pravda is a professional drama teacher.   FINAL: Drama teacher
What is Seungri's occupation?	Seungri's occupation was a South Korean former singer-songwriter and convicted criminal. He was a former member of the boy band BigBang.  FINAL: South Korean former singer-songwriter and convicted criminal.
What is DM Sevilla's occupation?	DM Sevilla is a Filipino actor and dancer.   FINAL: actor and dancer
What is Carlo Giustini's occupation?	Carlo Giustini was an Italian actor.   FINAL: Actor
What is Hugo Becker's occupation?	Hugo Becker was a German cellist, cello teacher, composer, and actor.   FINAL: cellist, cello teacher, composer, and actor
What is Per Risvik's occupation?	Per Risvik's occupation was a Norwegian politician. He was a member of the Progress Party and held various political positions, including serving on the Storting and holding leadership roles within the party.  FINAL: politician
What is Eleanor Yule's occupation?	Eleanor Yule is a Scottish film director. She is best known for her feature film "Blinded" and her television documentaries with Michael Palin. She has directed several films and TV projects, including "Ghost Stories for Christmas" and various documentaries as part of the "Palin on Art" series.  FINAL: Film director
What is Claire Adams's occupation?	Claire Adams was a silent film actress and benefactor.   FINAL: silent film actress and benefactor.
What is Lothrop Stoddard's occupation?	Lothrop Stoddard was an American historian, journalist, political scientist, and white supremacist. He was also a member of the Ku Klux Klan and an advocate for eugenics and racial hierarchy.  FINAL: Historian, journalist, political scientist, and white supremacist.
What is Chris Lang's occupation?	Chris Lang is a British screenwriter, producer, and actor.   FINAL: Chris Lang is a British screenwriter, producer, and actor.
What is Pamela Winslow's occupation?	Pamela Winslow is an actress and producer.   FINAL: actress and producer
What is Zoran Rankić's occupation?	Zoran Rankić was a Serbian actor and writer.   FINAL: actor and writer
What is George Minor's occupation?	George Minor was a baseball player.   FINAL: baseball player
What is Anjali Sudhakar's occupation?	Anjali Sudhakar's occupation is an Indian actress. She has appeared in Kannada cinema and has acted in over 87 films and television series.  FINAL: Indian actress
What is Jean Gabriel Marie's occupation?	Jean Gabriel Marie's occupation was a French composer.   FINAL: composer
What is George Birnie Esslemont's occupation?	George Birnie Esslemont's occupation was a Scottish Liberal politician.   FINAL: Politician
What is Ajay Kumar Parida's occupation?	Ajay Kumar Parida was an Indian biologist and researcher. He was the Director of the Institute of Life Sciences (ILS) and served as the Executive Director of the M. S. Swaminathan Research Foundation. His work focused on agriculture, plant molecular biology, and biotechnology.  FINAL: Biologist and researcher
What is A. Lawrence Kocher's occupation?	A. Lawrence Kocher was an American architect, editor, and teacher.   FINAL: architect, editor, and teacher
What is John Andrew Martin's occupation?	John Andrew Martin was a journalist, attorney, soldier, and politician. He served as a member of the U.S. House of Representatives and was involved in railroad legislation. He also commanded a supply train during World War I.  FINAL: journalist, attorney, soldier, and politician
What is Maurice Le Boucher's occupation?	Maurice Le Boucher was a French organist, composer, and pedagogue.   FINAL: organist, composer, and pedagogue
What is Martin Shapiro's occupation?	Martin Shapiro is an American screenwriter and comic book writer. He created the horror comic book series "Chopper" and wrote the screenplay for its movie adaptation. Additionally, he has worked on various film projects and has a background in screenwriting from the UCLA School of Theater, Film and Television.  FINAL: Screenwriter and comic book writer.
What is Lewis J. Rachmil's occupation?	Lewis J. Rachmil's occupation was a film producer and art director.   FINAL: film producer and art director
What is René Bégin's occupation?	René Bégin's occupation was a Canadian politician and wholesaler.   FINAL: Canadian politician and wholesaler.
What is Louis O'Dea's occupation?	Louis O'Dea's occupation was an Irish politician and solicitor.   FINAL: politician and solicitor
What is Guo Gengmao's occupation?	Guo Gengmao is a Chinese politician who served as Communist Party Secretary and Governor of Henan Province, as well as Governor of Hebei Province. He also held positions in the National People's Congress Agriculture and Rural Affairs Committee.  FINAL: Chinese politician
What is Jacques Monasch's occupation?	Jacques Monasch is a Dutch politician, art collector, and former management and political consultant and civil servant.   FINAL: politician, art collector, and former management and political consultant and civil servant.
What is Robert Antoine's occupation?	Robert Antoine's occupation was a Belgian Jesuit priest, missionary in India, and professor of Comparative Literature at Jadavpur University. He was also a Sanskritist and musician.  FINAL: priest, missionary, professor of Comparative Literature, Sanskritist, and musician.
What is Howard Fowles's occupation?	Howard Fowles was an Australian politician. He served as a member of the New South Wales Legislative Assembly and was the acting Speaker of the New South Wales Legislative Assembly.  FINAL: politician
What is Đurđa Ivezić's occupation?	Đurđa Ivezić was a Croatian film, television, and stage actress.   FINAL: actress
What is Jeet Ganguly's occupation?	Jeet Ganguly is a score composer, music director, and playback singer.   FINAL: score composer, music director, and playback singer.
What is Akimasa Nakamura's occupation?	Akimasa Nakamura's occupation is a Japanese astronomer.   FINAL: astronomer
What is Jean-Marie-Victor Viel's occupation?	Jean-Marie-Victor Viel's occupation was an architect.   FINAL: architect
What is Eckart von Hirschhausen's occupation?	Eckart von Hirschhausen is a German doctor, talk show host, comedian, and cabaret artist. He is also a writer and speaker specializing in communication and motivational training.  FINAL: doctor, talk show host, comedian, and cabaret artist.
What is Val McLane's occupation?	Val McLane is an English actress, scriptwriter, director, and teacher. She has also worked as a drama leader and educator.  FINAL: actress, scriptwriter, director, and teacher.
What is Edwin N. Hubbell's occupation?	Edwin N. Hubbell was an American politician. He served one term in the U.S. House of Representatives from 1865 to 1867. He was also a farmer, business owner, and held positions such as Town Supervisor and Board of Trustees member.  FINAL: Politician
What is Mariví Bilbao's occupation?	Mariví Bilbao was a Spanish actress. She was known for her roles as Marisa Benito in "Aquí no hay quien viva" and Izaskun Sagastume in "La que se avecina" TV series. She had a long career in theater, film, and television, and was recognized for her contributions to Basque cinema.  FINAL: Actress
What is Dick Rude's occupation?	Dick Rude is an actor, director, and writer.   FINAL: actor, director, and writer.
What is Harding of Bristol's occupation?	Harding of Bristol's occupation was sheriff reeve of Bristol, responsible for managing a manorial estate and similar duties to a magistrate. FINAL: sheriff reeve of Bristol
What is Gina Krog's occupation?	Gina Krog was a Norwegian suffragist, teacher, liberal politician, writer, and editor. She was a major figure in liberal feminism in Scandinavia and played a central role in the Norwegian women's rights movement.  FINAL: Suffragist, teacher, liberal politician, writer, and editor.
What is Petr Mlsna's occupation?	Petr Mlsna is a Czech politician who served as Chairman of the Government Legislative Council and Minister without Portfolio of the Czech Republic.  FINAL: Czech politician
What is Neville Ashenheim's occupation?	Neville Ashenheim was a Jamaican businessman, lawyer, politician, and served as the first Jamaican Ambassador to the United States.  FINAL: businessman, lawyer, politician, and ambassador
What is Lorena Corona Valdés's occupation?	Lorena Corona Valdés is a Mexican politician. She serves as a federal deputy to the LXIII Legislature of the Mexican Congress, representing Durango and the first electoral region.   FINAL: Mexican politician
What is Honor Harger's occupation?	Honor Harger is an artist and curator. She is the executive director of the ArtScience Museum in Singapore and has been involved in various artistic and technological projects.  FINAL: artist and curator
What is Clement Baker's occupation?	Clement Baker was an English politician. He served as a Member of Parliament (MP) for New Romney and held other local offices such as chamberlain, commissioner of subsidy, and jurat.  FINAL: Politician
What is Alleppey Vincent's occupation?	Alleppey Vincent's occupation was an Indian film actor in Malayalam cinema.   FINAL: Indian film actor in Malayalam cinema.
In what city was Belarmino Mario Chipongue born?	Belarmino Mário Chipongue was born in Lubango.   FINAL: Lubango
In what city was Raju Kaji Shakya born?	Raju Kaji Shakya was born in Dharan, Nepal.  FINAL: Dharan
In what city was Alastair Heathcote born?	Alastair Heathcote was born in Athens, Greece.   FINAL: Athens, Greece
In what city was William Marshall Craig born?	The context provided does not specify the birthplace of William Marshall Craig.   FINAL: The context does not provide information about the birthplace of William Marshall Craig.
In what city was Philipp Crone born?	Philipp Crone was born in Cologne.   FINAL: Cologne
In what city was Danie Mellor born?	Danie Mellor was born in Mackay, Queensland.   FINAL: Mackay, Queensland
In what city was Endre Bálint born?	Endre Bálint was born in Budapest.   FINAL: Budapest
In what city was Aleksandr Nekrasov born?	Aleksandr Nekrasov (footballer) was born in Russia. However, the specific city of birth is not mentioned in the provided context.   FINAL: Russia
In what city was Charles Joseph Bonaparte born?	Answer: Baltimore, Maryland
In what city was Louis François Antoine Arbogast born?	Louis François Antoine Arbogast was born in Mutzig, Alsace.   FINAL: Mutzig
In what city was Austin Cuvillier born?	Austin Cuvillier was born in Quebec City.   FINAL: Quebec City
In what city was Bert Myers born?	Bert Myers was born in Frederick, Maryland.   FINAL: Frederick, Maryland
In what city was Scott Fraser born?	Scott Fraser was born in Ottawa, Ontario.   FINAL: Ottawa, Ontario
In what city was Giuseppe Castelli born?	Giuseppe Castelli was born in Milan.   FINAL: Milan
In what city was Jacob Duck born?	Jacob Duck was born in Utrecht.   FINAL: Utrecht
In what city was Parnelli Jones born?	Parnelli Jones was born in Texarkana, Arkansas.   FINAL: Texarkana, Arkansas
In what city was Fernand Cornez born?	Paris  FINAL: Paris
In what city was Yinka Ayenuwa born?	Yinka Ayenuwa was born in Warri.   FINAL: Warri
In what city was Phil Williams born?	Phil Williams was born in Birkenhead.   FINAL: Birkenhead
In what city was James M. Bingham born?	James M. Bingham was born in Perry, New York. FINAL: Perry, New York.
In what city was Jack Kachkar born?	Jack Kachkar was born in Damascus, Syria.   FINAL: Damascus, Syria
In what city was Gustavo Grondona born?	Gustavo Grondona was born in Buenos Aires.   FINAL: Buenos Aires
In what city was Bastien Lecouffe-Deharme born?	Bastien Lecouffe-Deharme was born in Vannes.  FINAL: Vannes
In what city was Betty Francisco born?	Betty Francisco was born in Little Rock, Arkansas.   FINAL: Little Rock, Arkansas
In what city was Hans-Jörg Voigt born?	Hans-Jörg Voigt was born in Dresden, East Germany.  FINAL: Dresden
In what city was Charlie Davis born?	The question refers to multiple individuals named Charlie Davis. Based on the context provided:  - Charlie Davis (footballer) was born in England, but the specific city is not mentioned. - Charlie Davis (baseball) was born in the United States, but the specific city is not mentioned. - Charlie Davis (basketball) was born in New York City. - Charlie Davis (cricketer) was born in Trinidad and Tobago, but the specific city is not mentioned.  The only Charlie Davis with a specific birthplace mentioned is the basketball player, who was born in New York City.  Answer: New York City FINAL: New
In what city was Marnus Labuschagne born?	Marnus Labuschagne was born in Klerksdorp, North West Province, South Africa. FINAL: Klerksdorp
In what city was Leslie Douglas Jackson born?	Leslie Douglas Jackson was born in Brisbane.   FINAL: Brisbane
In what city was Ricardo Maliandi born?	Ricardo Maliandi was born in La Plata.   FINAL: La Plata
