Were Scott Derrickson and Ed Wood of the same nationality?	Scott Derrickson and Ed Wood were both American. Scott Derrickson is an American director, screenwriter, and producer. Ed Wood was an American filmmaker, actor, writer, producer, and director. FINAL: Yes
What government position was held by the woman who portrayed Corliss Archer in the film Kiss and Tell?	The woman who portrayed Corliss Archer in the film *Kiss and Tell* was Shirley Temple. Shirley Temple later served as the United States ambassador to Ghana and to Czechoslovakia. FINAL: Ambassador to Ghana and Czechoslovakia
What science fantasy young adult series, told in first person, has a set of companion books narrating the stories of enslaved worlds and alien species?	The science fantasy young adult series told in first person that has a set of companion books narrating the stories of enslaved worlds and alien species is "The Hork-Bajir Chronicles." This book is a companion to the "Animorphs" series, which is told in first person with all six main characters taking turns narrating the books through their own perspectives. "The Hork-Bajir Chronicles" introduces the story of how the Yeerks enslaved the Hork-Bajir and how Aldrea, an Andalite, and her companion, Dak Hamee, a Hork-Bajir, tried to save their
Are the Laleli Mosque and Esma Sultan Mansion located in the same neighborhood?	The Laleli Mosque is located in Laleli, Fatih, Istanbul, while the Esma Sultan Mansion is located in the Ortaköy neighborhood of Istanbul. These are two distinct neighborhoods in Istanbul. FINAL: No
The director of the romantic comedy "Big Stone Gap" is based in what New York city?	The director of the romantic comedy "Big Stone Gap" is Adriana Trigiani, who is based in New York City. FINAL: New York City
2014 S/S is the debut album of a South Korean boy group that was formed by who?	The 2014 S/S is the debut album of the South Korean boy group WINNER. The group was formed by YG Entertainment. FINAL: YG Entertainment
Who was known by his stage name Aladin and helped organizations improve their performance as a consultant?	Eenasul Fateh was known by his stage name Aladin and helped organizations improve their performance as a consultant. FINAL: Eenasul Fateh
The arena where the Lewiston Maineiacs played their home games can seat how many people?	The Lewiston Maineiacs played their home games at the Androscoggin Bank Colisée, which has a seating capacity of 3,677 people. FINAL: 3,677
Who is older, Annie Morton or Terry Richardson?	Annie Morton was born on October 8, 1970. Terry Richardson was born on August 14, 1965. Based on their birth dates, Terry Richardson is older. FINAL: Terry Richardson
Are Local H and For Against both from the United States?	Yes, Local H and For Against are both from the United States. FINAL: Yes
What is the name of the fight song of the university whose main campus is in Lawrence, Kansas and whose branch campuses are in the Kansas City metropolitan area?	The fight song of the University of Kansas, whose main campus is in Lawrence, Kansas, and whose branch campuses are in the Kansas City metropolitan area, is "Kansas Song (We’re From Kansas)." FINAL: Kansas Song (We’re From Kansas)
What screenwriter with credits for "Evolution" co-wrote a film starring Nicolas Cage and Téa Leoni?	The screenwriter with credits for "Evolution" who co-wrote a film starring Nicolas Cage and Téa Leoni is David Weissman. He co-wrote "The Family Man," which stars Nicolas Cage and Téa Leoni. FINAL: David Weissman
What year did Guns N Roses perform a promo for a movie starring Arnold Schwarzenegger as a former New York Police detective?	Guns N' Roses performed a promo for the movie "End of Days," which stars Arnold Schwarzenegger as a former New York Police detective. The song "Oh My God" was released in 1999 as a promo for the soundtrack of "End of Days." FINAL: 1999
Are Random House Tower and 888 7th Avenue both used for real estate?	Yes, both the Random House Tower and 888 7th Avenue are used for real estate purposes. The Random House Tower is a mixed-use tower that serves as the headquarters of Random House and a luxury apartment complex. 888 7th Avenue is a modern-style office skyscraper that houses the corporate headquarters of Vornado Realty Trust. FINAL: Yes.
The football manager who recruited David Beckham managed Manchester United during what timeframe?	The football manager who recruited David Beckham was Alex Ferguson. He managed Manchester United from 1986 to 2013. FINAL: 1986 to 2013
Brown State Fishing Lake is in a country that has a population of how many inhabitants ?	Brown State Fishing Lake is located in the United States. As of the most recent estimates, the population of the United States is approximately 331 million. FINAL: 331 million
The Vermont Catamounts men's soccer team currently competes in a conference that was formerly known as what from 1988 to 1996?	The Vermont Catamounts men's soccer team currently competes in the America East Conference. According to the context, the America East Conference was formerly known as the North Atlantic Conference from 1988 to 1996. FINAL: North Atlantic Conference
Are Giuseppe Verdi and Ambroise Thomas both Opera composers ?	Yes, Giuseppe Verdi and Ambroise Thomas are both opera composers. Giuseppe Verdi was an Italian opera composer known for works such as "Rigoletto," "Aida," and "La Traviata." Ambroise Thomas was a French composer known for his operas "Mignon" and "Hamlet." FINAL: Yes
Roger O. Egeberg was Assistant Secretary for Health and Scientific Affairs during the administration of a president that served during what years?	Roger O. Egeberg served as Assistant Secretary for Health and Scientific Affairs during the Nixon administration. Richard Nixon was the 37th President of the United States, serving from 1969 until 1974. FINAL: 1969 to 1974
Which writer was from England, Henry Roth or Robert Erskine Childers?	Robert Erskine Childers was from England. He was an English-born writer and Irish nationalist. Henry Roth, on the other hand, was an American novelist. FINAL: Robert Erskine Childers
Which other Mexican Formula One race car driver has held the podium besides the Force India driver born in 1990?	The question asks about a Mexican Formula One race car driver who has held the podium besides the Force India driver born in 1990. The Force India driver born in 1990 is Sergio Pérez. According to the context, Sergio Pérez is the only other Mexican to finish on the podium, alongside Pedro Rodríguez, who is the most successful Mexican driver and the only one to have won a grand prix. Therefore, the answer is Pedro Rodríguez. FINAL: Pedro Rodríguez
This singer of A Rather Blustery Day also voiced what hedgehog?	The singer of "A Rather Blustery Day" is Jim Cummings. He is known for voicing the title character from "Darkwing Duck", Dr. Robotnik from "Sonic the Hedgehog", and Pete. FINAL: Sonic the Hedgehog
Aside from the Apple Remote, what other device can control the program Apple Remote was originally designed to interact with?	The Apple Remote was originally designed to interact with the Front Row media program. Aside from the Apple Remote, a keyboard with function keys can also control Front Row. FINAL: keyboard with function keys
Which performance act has a higher instrument to person ratio, Badly Drawn Boy or Wolf Alice?	To determine which performance act has a higher instrument-to-person ratio, we need to analyze the number of instruments each act uses relative to the number of members. Badly Drawn Boy: - Badly Drawn Boy is a solo project led by Damon Gough. He writes, produces, and plays several instruments on his albums. For example, on "The Hour of Bewilderbeast," he played multiple instruments, and other musicians (like members of Alfie and Doves) also contributed. However, since it's primarily a solo project, the instrument-to-person ratio is likely high, as one person (Damon Gough)
What was the father of Kasper Schmeichel voted to be by the IFFHS in 1992?	Peter Schmeichel was voted the IFFHS World's Best Goalkeeper in 1992. FINAL: IFFHS World's Best Goalkeeper
Who was the writer of These Boots Are Made for Walkin' and who died in 2007?	The writer of "These Boots Are Made for Walkin'" is Lee Hazlewood. He died in 2007. FINAL: Lee Hazlewood
The 2011–12 VCU Rams men's basketball team, led by third year head coach Shaka Smart, represented Virginia Commonwealth University which was founded in what year?	The 2011–12 VCU Rams men's basketball team was led by third-year head coach Shaka Smart and represented Virginia Commonwealth University. Virginia Commonwealth University was founded in 1838. FINAL: 1838
Are both Dictyosperma, and Huernia described as a genus?	Yes, both Dictyosperma and Huernia are described as genera. FINAL: Yes
Kaiser Ventures corporation was founded by an American industrialist who became known as the father of modern American shipbuilding?	The question asks whether Kaiser Ventures corporation was founded by an American industrialist who became known as the father of modern American shipbuilding. From the context, Kaiser Ventures was formerly known as Kaiser Steel and was founded by Henry J. Kaiser. The title "Henry J. Kaiser" mentions that he became known as the father of modern American shipbuilding. Additionally, the "Kaiser Shipyards" section states that Henry J. Kaiser established the shipbuilding company around 1939 to meet the construction goals set by the United States Maritime Commission for merchant shipping. Therefore, the answer is yes. FINAL: Yes
What is the name for the adventure in "Tunnels and Trolls", a game designed by Ken St. Andre?	The name for the adventure in "Tunnels and Trolls", a game designed by Ken St. Andre, is "Arena of Khazan". FINAL: Arena of Khazan
When was Poison's album "Shut Up, Make Love" released?	The question refers to Poison's album "Crack a Smile...and More!" which includes the song "Shut Up, Make Love." The album was released on March 14, 2000. FINAL: 2000
Hayden is a singer-songwriter from Canada, but where does Buck-Tick hail from?	Buck-Tick is a Japanese rock band formed in Fujioka, Gunma in 1983. FINAL: Fujioka, Gunma
Which French ace pilot and adventurer fly L'Oiseau Blanc	The French ace pilot and adventurer who flew L'Oiseau Blanc was Charles Nungesser. FINAL: Charles Nungesser
Are Freakonomics and In the Realm of the Hackers both American documentaries?	Based on the provided information: - "Freakonomics" is described as a "2010 American documentary film" based on the book "Freakonomics." - "In the Realm of the Hackers" is described as a "2003 Australian documentary." Therefore, while "Freakonomics" is an American documentary, "In the Realm of the Hackers" is an Australian documentary. FINAL: No.
Which band, Letters to Cleo or Screaming Trees, had more members?	Screaming Trees had more members. The band consisted of vocalist Mark Lanegan, guitarist Gary Lee Conner, bass player Van Conner, and drummer Mark Pickerel. Later, Mark Pickerel was replaced by Barrett Martin. On the other hand, Letters to Cleo had six members: Kay Hanley, Greg McKenna, Michael Eisenstein, Stacy Jones, Scott Riebling, and later, Tom Polce. FINAL: Screaming Trees had more members.
Alexander Kerensky was defeated and destroyed by the Bolsheviks in the course of a civil war that ended when ?	The Russian Civil War, in which Alexander Kerensky was defeated and destroyed by the Bolsheviks, ended in 1923 in the sense that Red control of the newly formed Soviet Union was now assured, although armed national resistance in Central Asia was not completely crushed until 1934. FINAL: 1923
Seven Brief Lessons on Physics was written by an Italian physicist that has worked in France since what year?	"Seven Brief Lessons on Physics" was written by Carlo Rovelli. According to the context, he has worked in France since 2000. FINAL: 2000
The Livesey Hal War Memorial commemorates the fallen of which war, that had over 60 million casualties?	The Livesey Hall War Memorial commemorates the fallen of World War II, which had over 60 million casualties. FINAL: World War II
Are both Elko Regional Airport and Gerald R. Ford International Airport located in Michigan?	Based on the provided information: - Elko Regional Airport is located in Elko County, Nevada. - Gerald R. Ford International Airport is located in Cascade Township, approximately 13 miles southeast of Grand Rapids, Michigan. Therefore, only Gerald R. Ford International Airport is located in Michigan, while Elko Regional Airport is not. FINAL: No.
Ralph Hefferline was a psychology professor at a university that is located in what city?	Ralph Hefferline was a psychology professor at Columbia University. Columbia University is located in New York City. FINAL: New York City
Which dog's ancestors include Gordon and Irish Setters: the Manchester Terrier or the Scotch Collie?	The Scotch Collie's ancestors include Gordon and Irish Setters. FINAL: Scotch Collie
Where is the company that Sachin Warrier worked for as a software engineer headquartered?	Sachin Warrier was working as a software engineer in Tata Consultancy Services in Kochi. The headquarters of Tata Consultancy Services is in Mumbai, Maharashtra. FINAL: Mumbai, Maharashtra
A Japanese manga series based on a 16 year old high school student Ichitaka Seto, is written and illustrated by someone born in what year?	The Japanese manga series "I"s" is written and illustrated by Masakazu Katsura. The question asks for the birth year of the person who wrote and illustrated this series. According to the provided information, Masakazu Katsura was born on December 10, 1962. FINAL: 1962
The battle in which Giuseppe Arimondi lost his life secured what for Ethiopia?	The battle in which Giuseppe Arimondi lost his life was part of the First Italo-Ethiopian War, and it contributed to the eventual Ethiopian victory at the Battle of Adwa, which secured Ethiopian sovereignty and freedom from colonization. FINAL: Ethiopian sovereignty and freedom from colonization.
Alfred Balk served as the secretary of the Committee on the Employment of Minority Groups in the News Media under which United States Vice President?	Alfred Balk served as the secretary of the Committee on the Employment of Minority Groups in the News Media under New York Governor Nelson Rockefeller. The question asks about the United States Vice President, but the context provided indicates that Nelson Rockefeller was the Governor of New York, not a Vice President. However, since the question specifically asks for the Vice President, and there is no direct mention of a Vice President in the context related to Alfred Balk, the answer cannot be definitively determined from the given information. FINAL: The context does not provide enough information to determine which United States Vice President Alfred Balk served under.
A medieval fortress in Dirleton, East Lothian, Scotland borders on the south side of what coastal area?	The medieval fortress in Dirleton, East Lothian, Scotland is Dirleton Castle. According to the context, it is bordered to the south by the village of Dirleton and Dirleton Castle. However, the specific coastal area mentioned in the context is Yellowcraigs. FINAL: Yellowcraigs
Who is the writer of this song that was inspired by words on a tombstone and was the first track on the box set Back to Mono?	The song "To Know Him Is to Love Him" was written by Phil Spector. It was inspired by words on his father's tombstone, "To Know Him Was To Love Him." This song was the first track on the box set "Back to Mono (1958–1969)." FINAL: Phil Spector
What type of forum did a former Soviet statesman initiate?	The former Soviet statesman, Mikhail Gorbachev, initiated the World Summit of Nobel Peace Laureates. This forum was created in the 90s as a platform for Nobel Peace Laureates and their organizations to address global issues and promote peace and human well-being. FINAL: The World Summit of Nobel Peace Laureates.
Are Ferocactus and Silene both types of plant?	Yes, Ferocactus and Silene are both types of plants. Ferocactus is a genus of cacti, while Silene is a genus of flowering plants in the family Caryophyllaceae. FINAL: Yes, Ferocactus and Silene are both types of plant.
Which British first-generation jet-powered medium bomber was used in the South West Pacific theatre of World War II?	The British first-generation jet-powered medium bomber used in the South West Pacific theatre of World War II was the English Electric Canberra. FINAL: English Electric Canberra
Which year and which conference was the 14th season for this conference as part of the NCAA Division that the Colorado Buffaloes played in with a record of 2-6 in conference play?	The 14th season for the Big 12 Conference as part of the NCAA Division I FBS football season was in 2009. The Colorado Buffaloes played in the Big 12 Conference during that season and finished with a record of 2-6 in conference play. FINAL: 2009 and the Big 12 Conference.
In 1991 Euromarché was bought by a chain that operated how any hypermarkets at the end of 2016?	In 1991, Euromarché was bought by Carrefour. According to the information provided, Carrefour operated 1,462 hypermarkets at the end of 2016. FINAL: 1462
What race track in the midwest hosts a 500 mile race eavery May?	Based on the information provided, the Indianapolis Motor Speedway is the track in the midwest that hosts a 500-mile race every May, specifically the Indianapolis 500. FINAL: Indianapolis Motor Speedway
In what city did the "Prince of tenors" star in a film based on an opera by Giacomo Puccini?	The "Prince of tenors" refers to Franco Corelli. The film based on an opera by Giacomo Puccini is "Tosca," which stars Franco Corelli. The film "Tosca" was made in Rome. FINAL: Rome
Ellie Goulding worked with what other writers on her third studio album, Delirium?	Ellie Goulding worked with Savan Kotecha, Max Martin, and Ilya Salmanzadeh on her third studio album, "Delirium." FINAL: Savan Kotecha, Max Martin, and Ilya Salmanzadeh
Which Australian city founded in 1838 contains a boarding school opened by a Prime Minister of Australia and named after a school in London of the same name.	The Australian city founded in 1838 that contains a boarding school opened by a Prime Minister of Australia and named after a school in London of the same name is Marion. FINAL: Marion
D1NZ is a series based on what oversteering technique?	D1NZ is a production car drifting series in New Zealand that involves the oversteering technique known as drifting. Drifting is a driving technique where the driver intentionally oversteers, with loss of traction in the rear wheels or all tires, while maintaining control and driving the car through the entirety of a corner. FINAL: drifting
who is younger Keith Bostic or Jerry Glanville ?	Jerry Glanville was born on October 14, 1941. Keith Bostic (American football) was born on January 17, 1961. Based on these birth dates, Jerry Glanville is younger. FINAL: Jerry Glanville
According to the 2001 census, what was the population of the city in which Kirton End is located?	The question asks for the population of the city in which Kirton End is located, according to the 2001 census. Kirton End is a hamlet in the civil parish of Kirton in the Boston district of Lincolnshire, England. The 2001 census recorded the population of the town of Boston as 35,124. FINAL: 35124
Are both Cypress and Ajuga genera?	Yes, both Cypress and Ajuga are genera. FINAL: Yes, both Cypress and Ajuga are genera.
What distinction is held by the former NBA player who was a member of the Charlotte Hornets during their 1992-93 season and was head coach for the WNBA team Charlotte Sting?	The former NBA player who was a member of the Charlotte Hornets during their 1992-93 season and was head coach for the WNBA team Charlotte Sting is Muggsy Bogues. He is the shortest player ever to play in the NBA and is best known for his ten seasons with the Charlotte Hornets. FINAL: Muggsy Bogues
What is the name of the executive producer of the film that has a score composed by Jerry Goldsmith?	Based on the information provided, the film "Alien" has a score composed by Jerry Goldsmith. The executive producer of "Alien" is Ronald Shusett. FINAL: Ronald Shusett
Who was born earlier, Emma Bull or Virginia Woolf?	Virginia Woolf was born on 25 January 1882, while Emma Bull was born on 13 December 1954. Therefore, Virginia Woolf was born earlier. FINAL: Virginia Woolf
What was the Roud Folk Song Index of the nursery rhyme inspiring What Are Little Girls Made Of?	The nursery rhyme "What Are Little Boys Made Of?" has a Roud Folk Song Index number of 821. The question refers to the nursery rhyme that inspired "What Are Little Girls Made Of," which is "What Are Little Boys Made Of?" FINAL: 821
Scott Parkin has been a vocal critic of Exxonmobil and another corporation that has operations in how many countries ?	Scott Parkin has been a vocal critic of Exxonmobil and another corporation, Halliburton, which has operations in more than 70 countries. FINAL: 70
What WB supernatrual drama series was Jawbreaker star Rose Mcgowan best known for being in?	Rose McGowan, the star of the film "Jawbreaker," was best known for being in the WB supernatural drama series "Charmed." She played the role of Paige Matthews in the series from 2001 to 2006. FINAL: Charmed
Vince Phillips held a junior welterweight title by an organization recognized by what larger Hall of Fame?	Vince Phillips held the IBF junior welterweight title, and the International Boxing Federation (IBF) is recognized by the International Boxing Hall of Fame (IBHOF). FINAL: International Boxing Hall of Fame
What is the name of the singer who's song was released as the lead single from the album "Confessions", and that had popular song stuck behind for eight consecutive weeks?	The singer whose song was released as the lead single from the album "Confessions" and had a popular song stuck behind for eight consecutive weeks is Usher. FINAL: Usher
who is the younger brother of The episode guest stars of The Hard Easy	The question is asking for the younger brother of the guest stars of the episode "The Hard Easy." From the context, "The Hard Easy" episode of "Adventure Time" guest stars Brian Doyle-Murray as Prince Huge and Jonathan Katz as the Mudscamp elder. Brian Doyle-Murray is mentioned in the context as the older brother of actor/comedian Bill Murray. Therefore, the younger brother of one of the guest stars (Brian Doyle-Murray) is Bill Murray. FINAL: Bill Murray
The 2017–18 Wigan Athletic F.C. season will be a year in which the team competes in the league cup known as what for sponsorship reasons?	The 2017–18 Wigan Athletic F.C. season will be a year in which the team competes in the league cup known as the EFL Cup for sponsorship reasons. FINAL: EFL Cup
Which of Tara Strong major voice role in animated series is an American animated television series based on the DC Comics fictional superhero team, the "Teen Titans"?	Tara Strong's major voice role in an animated series that is an American animated television series based on the DC Comics fictional superhero team, the "Teen Titans," is Raven. FINAL: Raven
What is the inhabitant of the city where 122nd SS-Standarte was formed in2014	The 122nd SS-Standarte was formed in the city of Strasbourg. In 2014, the city proper had 276,170 inhabitants. FINAL: 276,170
What color clothing do people of the Netherlands wear during Oranjegekte or to celebrate the national holiday Koningsdag?	During Oranjegekte or to celebrate the national holiday Koningsdag in the Netherlands, people wear orange clothing. FINAL: orange
What was the name of the 1996 loose adaptation of William Shakespeare's "Romeo & Juliet" written by James Gunn?	The 1996 loose adaptation of William Shakespeare's "Romeo & Juliet" written by James Gunn is titled "Tromeo and Juliet". FINAL: Tromeo and Juliet
Robert Suettinger was the national intelligence officer under which former Governor of Arkansas?	Robert Suettinger was the national intelligence officer under Bill Clinton, who was the former Governor of Arkansas. FINAL: Bill Clinton
What American professional Hawaiian surfer born 18 October 1992 won the Rip Curl Pro Portugal?	The American professional Hawaiian surfer born on 18 October 1992 who won the Rip Curl Pro Portugal is John John Florence. FINAL: John John Florence
What is the middle name of the actress who plays Bobbi Bacha in Suburban Madness?	The actress who plays Bobbi Bacha in *Suburban Madness* is Sela Ward. The content provided does not explicitly mention Sela Ward's middle name. However, based on the information given in the context, we can infer that her middle name is "Ann," as it is stated that she is "Sela Ann Ward." FINAL: Ann
Alvaro Mexia had a diplomatic mission with which tribe of indigenous people?	Alvaro Mexia had a diplomatic mission with the Ais native population. FINAL: Ais
What nationality were social anthropologists Alfred Gell and Edmund Leach?	Alfred Gell was British, and Edmund Leach was also British. FINAL: British
In which year was the King who made the 1925 Birthday Honours born?	The King who made the 1925 Birthday Honours was George V. He was born on 3 June 1865. FINAL: 1865
What is the county seat of the county where East Lempster, New Hampshire is located?	The county seat of the county where East Lempster, New Hampshire is located is Newport. FINAL: Newport
The Album Against the Wind was the 11th Album of a Rock singer Robert C Seger born may 6 1945. What was the Rock singers stage name ?	The question refers to Bob Seger, who was born on May 6, 1945, and is a rock singer. The album "Against the Wind" is mentioned as his 11th album. However, the question asks for the rock singer's stage name. Bob Seger is known by his stage name "Bob Seger," and there is no indication of another stage name being used. FINAL: Bob Seger
Rostker v. Goldberg held that the practice of what way of filling armed forces vacancies was consitutional?	The case Rostker v. Goldberg addressed the constitutionality of requiring only men to register for the draft. The Supreme Court held that this practice was constitutional. FINAL: requiring only men to register for the draft
Handi-Snacks are a snack food product line sold by what American multinational confectionery, food, and beverage company that is based in Illinois?	Handi-Snacks are a snack food product line sold by Mondelez International. FINAL: Mondelez International
What was the name of a woman from the book titled "Their Lives: The Women Targeted by the Clinton Machine " and was also a former white house intern?	The name of a woman from the book titled "Their Lives: The Women Targeted by the Clinton Machine" and who was also a former White House intern is Monica Lewinsky. FINAL: Monica Lewinsky
When was the American lawyer, lobbyist and political consultant who was a senior member of the presidential campaign of Donald Trump born?	The American lawyer, lobbyist, and political consultant who was a senior member of Donald Trump's presidential campaign is Paul Manafort. He was born on April 1, 1949. FINAL: 1949
In what year was the novel that Lourenço Mutarelli based "Nina" on based first published?	Lourenço Mutarelli is mentioned in the context of having created the motion picture "Nina," which was based on the novel "Crime and Punishment" by Fyodor Dostoyevsky. The novel "Crime and Punishment" was first published in 1866. FINAL: 1866
Where are Teide National Park and Garajonay National Park located?	Teide National Park is located on the island of Tenerife in the Canary Islands, Spain. Garajonay National Park is located on the island of La Gomera, also part of the Canary Islands, Spain. FINAL: Teide National Park is located on Tenerife, and Garajonay National Park is located on La Gomera, both in the Canary Islands, Spain.
How many copies of Roald Dahl's variation on a popular anecdote sold?	The provided context does not mention the number of copies sold for "Mrs. Bixby and the Colonel's Coat" or any specific sales figures for Roald Dahl's short stories. Therefore, it is not possible to determine the number of copies sold based on the given information. FINAL: The number of copies sold for "Mrs. Bixby and the Colonel's Coat" is not provided in the context.
What occupation do Chris Menges and Aram Avakian share?	Chris Menges and Aram Avakian both share the occupation of film director. FINAL: film director
Andrew Jaspan was the co-founder of what not-for-profit media outlet?	Andrew Jaspan was the co-founder of "The Conversation", an independent not-for-profit website of analysis and news from the university and research sector. FINAL: The Conversation
Which American film director hosted the 18th Independent Spirit Awards in 2002?	The 18th Independent Spirit Awards in 2002 was hosted by John Waters. FINAL: John Waters
Where does the hotel and casino located in which Bill Cosby's third album was recorded?	The hotel and casino where Bill Cosby's third album was recorded is the Flamingo Las Vegas. FINAL: Flamingo Las Vegas
Do the drinks Gibson and Zurracapote both contain gin?	The Gibson is a mixed drink made with gin and vermouth. Zurracapote is a Spanish alcoholic mixed drink that consists of red wine mixed with fruit, sugar, and cinnamon. There is no mention of gin being an ingredient in Zurracapote. FINAL: No
In what month is the annual documentary film festival, that is presented by the fortnightly published British journal of literary essays, held?	The annual documentary film festival presented by the fortnightly published British journal of literary essays is the London International Documentary Festival. The London International Documentary Festival takes place in the months of March and April. FINAL: March and April
Tysons Galleria is located in what county?	Tysons Galleria is located in Fairfax County, Virginia. FINAL: Fairfax County
Bordan Tkachuk was the CEO of a company that provides what sort of products?	Bordan Tkachuk was the CEO of a company that provides IT products and services, including storage systems, servers, workstations, and data/voice communications equipment and services. FINAL: IT products and services
Which filmmaker was known for animation, Lev Yilmaz or Pamela B. Green?	Lev Yilmaz is known for his work in animation, specifically for his "Tales of Mere Existence" animated comic series. Pamela B. Green is a film producer and director known for her work in feature films and motion graphics, but there is no mention of her being associated with animation in the provided context. FINAL: Lev Yilmaz
In which city is the ambassador of the Rabat-Salé-Kénitra administrative region to China based?	The question refers to the Moroccan ambassador to China, not the ambassador of the Rabat-Salé-Kénitra administrative region. The Moroccan ambassador in Beijing is the official representative of the Government in Rabat to the Government of the People's Republic of China. Therefore, the ambassador is based in Beijing. FINAL: Beijing
Are Yingkou and Fuding the same level of city?	Yingkou is a prefecture-level city in Liaoning province, while Fuding is a county-level city in Fujian province. Therefore, they are not the same level of city. FINAL: No
Where did the descendants of the group of black Indians associated with the Seminole people settle?	The descendants of the group of black Indians associated with the Seminole people, known as the Black Seminoles, settled in Florida and Oklahoma. FINAL: Florida and Oklahoma.
David Huntsinger has worked with this gospel singer born in the month of July?	Based on the information provided, David Huntsinger has worked with several artists, but the question specifically asks about a gospel singer born in the month of July. Looking at the list of gospel singers mentioned in the context: - **Larnelle Harris** was born on July 6, 1947. - **Kierra Sheard** was born on June 20, 1987. - **Muyiwa Olarewaju** was born on November 26. - **Charles Charamba** was born on April 27. - **Andraé Crouch** was born
What year was the brother of this first round draft pick by the Washington Redskins drafted?	Based on the context provided, the first-round draft pick by the Washington Redskins was Champ Bailey, who was drafted in the first round of the 1999 NFL Draft. His brother, Boss Bailey, was drafted by the Detroit Lions in the second round of the 2003 NFL Draft. Answer: 2003 FINAL: 2003
Where is the stadium at which 1964 Georgia Tech Yellow Jackets football team played their home game located?	The 1964 Georgia Tech Yellow Jackets football team played their home games at Grant Field in Atlanta, Georgia. FINAL: Atlanta, Georgia
Since 2 June 2017, The Leader of Fine Gael had been held by which Irish Fine Gael politician who has served as Taoiseach and Minister for Defence?	The Irish Fine Gael politician who has served as Taoiseach and Minister for Defence and has been the Leader of Fine Gael since 2 June 2017 is Leo Varadkar. FINAL: Leo Varadkar
Which American film actor and dancer starred in the 1945 film Johnny Angel?	The American film actor and dancer who starred in the 1945 film "Johnny Angel" is George Raft. FINAL: George Raft
hree Men on a Horse is a play by a playwright born in which year ?	The play "Three Men on a Horse" is by George Abbott and John Cecil Holm. The question asks for the birth year of the playwright associated with the play. Since the play is credited to both George Abbott and John Cecil Holm, we need to determine the birth year of one of them. The context provides information about George Abbott, stating he was an American theater producer and director, playwright, screenwriter, and film director and producer whose career spanned nine decades. However, it does not explicitly state his birth year. Given the information provided, we cannot determine the exact birth year of the playwright associated with "Three Men
What type of activity does Owner earnings and Warren Buffett have in common?	Owner earnings and Warren Buffett have in common the concept of valuing a company based on its net cash flows. Warren Buffett introduced the idea of owner earnings as a method to assess a company's value, focusing on the total of the net cash flows expected over the life of the business. FINAL: The common activity is the valuation method focusing on net cash flows.
When was the former Indian cricketer who made his ODI debuts during the 2000 ICC KnockOut Trophy born?	The former Indian cricketer who made his ODI debut during the 2000 ICC KnockOut Trophy is Zaheer Khan. According to the context, Zaheer Khan was born on 7 October 1978. FINAL: 7 October 1978
Which airplane was this Major test-flying after whom the base, that 514th Flight Test Squadron is stated at, is named?	The question refers to Major Ployer Peter Hill, after whom Hill Air Force Base is named. The context states that he was test-flying a prototype of the B-17 Flying Fortress bomber when he died. Answer: B-17 Flying Fortress FINAL: B-17 Flying Fortress
Based on a True Story... is an album by which country music star, with the single My Eyes?	Answer: Blake Shelton FINAL: Blake Shelton
Over how many centuries were the "dwelling place of the dead" built?	The "dwelling place of the dead" mentioned in the context refers to the cliff-dwellings at Montezuma Castle National Monument, which were built and used by the Sinagua people between approximately 1100 and 1425 AD. This period spans over three centuries. FINAL: three
When was the British author who wrote the novel on which "Here We Go Round the Mulberry Bush" was based born?	The British author who wrote the novel on which "Here We Go Round the Mulberry Bush" was based is Hunter Davies. He was born on 7 January 1936. FINAL: 7 January 1936
Who died first, George Archainbaud or Ralph Murphy?	George Archainbaud died on February 20, 1959. Ralph Murphy died on February 10, 1967. Therefore, George Archainbaud died first. FINAL: George Archainbaud
Which component of shellite has the formula (ON)CHOH?	The component of Shellite that has the formula (ON)CHOH is picric acid. FINAL: picric acid
The Argentine PGA Championship record holder has won how many tournaments worldwide?	The Argentine PGA Championship record holder is Roberto De Vicenzo, who won more than 230 tournaments worldwide in his career. FINAL: 230
Suicide's 1977 released album features a song based on what brand's comic character?	Suicide's 1977 released album features a song based on the Marvel Comics character. FINAL: Marvel Comics
What other political position did the person who introduced the DISCLOSE Act hold?	The person who introduced the DISCLOSE Act was Chris Van Hollen. Chris Van Hollen held the political position of U.S. Representative for Maryland's 8th congressional district before becoming a U.S. Senator. FINAL: U.S. Representative for Maryland's 8th congressional district
Were the bands Skin Yard and Ostava from the U.S.?	Skin Yard was an American grunge band from Seattle, Washington. Ostava, on the other hand, is an alternative rock band from Bulgaria. FINAL: No, Skin Yard was from the U.S., but Ostava was not.
Are Daryl Hall and Gerry Marsden both musicians?	Yes, Daryl Hall and Gerry Marsden are both musicians. Daryl Hall is a singer, songwriter, and musician known for his work with Hall & Oates. Gerry Marsden was a musician and the leader of the British Merseybeat band Gerry and the Pacemakers. FINAL: Yes
What major truck road is located in Backford Cross?	The major truck road located in Backford Cross is the A5117 road. This road serves as a significant route connecting various areas and is part of the transportation network in Cheshire, England. FINAL: A5117
In which role did Caroline Carver played in a 1999 Hallmark Entertainment made-for-TV fantasy movie?	Caroline Carver played the role of Princess Jessica in the 1999 Hallmark Entertainment made-for-TV fantasy movie "The Magical Legend of the Leprechauns." FINAL: Princess Jessica
What's the name of the fantasy film starring Sarah Bolger, featuring a New England family who discover magical creatures around their estate?	The name of the fantasy film starring Sarah Bolger, featuring a New England family who discover magical creatures around their estate is "The Spiderwick Chronicles". FINAL: The Spiderwick Chronicles
Maxeda has been owned since 2004 by which American multinational equity firm?	Maxeda has been owned since 2004 by a consortium of investors led by the American private equity firm Kohlberg Kravis Roberts. FINAL: Kohlberg Kravis Roberts
The youngest daughter of Lady Mary-Gaye Curzon stars with Douglas Smith and Lucien Laviscount in what 2017 film?	Cressida Curzon Bonas, the youngest daughter of Lady Mary-Gaye Curzon, stars with Douglas Smith and Lucien Laviscount in the 2017 film "The Bye Bye Man." FINAL: The Bye Bye Man
Mummulgum is a stop on the Bruxner Highway before reaching the town on the banks of which river?	Mummulgum is a small rural village in the Northern Rivers region of New South Wales, Australia, located on Shannon Brook between Tenterfield and Casino on the Bruxner Highway. The town on the banks of the river that comes after Mummulgum on the Bruxner Highway is Casino. Casino is situated on the banks of the Richmond River. FINAL: Richmond River
Which American audio engineer and clandestine chemist, who was a key figure in the San Francisco Bay Area hippie movement during the 1960s recorded the album "Old and in the Way?"	The American audio engineer and clandestine chemist who was a key figure in the San Francisco Bay Area hippie movement during the 1960s and recorded the album "Old and in the Way" is Owsley Stanley. FINAL: Owsley Stanley
When was the palace founded at which Columba de Dunbar died in 1435?	The question refers to Spynie Palace, where Columba de Dunbar died in 1435. The content states that Spynie Palace was founded in the late 12th century. FINAL: 12th century
Where is the Bubblegum Alley, that is similar to Gum Wall, located in California?	Bubblegum Alley, which is similar to the Gum Wall, is located in downtown San Luis Obispo, California. FINAL: Bubblegum Alley is located in downtown San Luis Obispo, California.
At what venue was the January 2, 2012 game featured the University of Louisville team?	The January 2, 2012 game featuring the University of Louisville team was held at Papa John's Cardinal Stadium. FINAL: Papa John's Cardinal Stadium
Which film was Oscar nominated, LaLee's Kin: The Legacy of Cotton or Gimme Shelter, the 1970 Rolling Stones documentary?	The film "LaLee's Kin: The Legacy of Cotton" was Oscar nominated. It was nominated for Best Documentary Feature at the 74th Academy Awards. The 1970 Rolling Stones documentary "Gimme Shelter" is not mentioned as being Oscar nominated in the provided context. FINAL: LaLee's Kin: The Legacy of Cotton
Which board game was published most recently, Pirate's Cove or Catan?	Based on the information provided, "Pirate's Cove" was originally published in Germany in 2002, while "Catan" (The Settlers of Catan) was first published in 1995. Therefore, "Pirate's Cove" was published more recently. FINAL: Pirate's Cove
Alice David is the voice of Lara Croft in a video game developed by which company ?	Alice David is the voice of Lara Croft in the video game "Tomb Raider," which was developed by Crystal Dynamics. FINAL: Crystal Dynamics
Which Eminem album included vocals from a singer who had an album titled "Unapologetic"?	The Eminem album that included vocals from a singer who had an album titled "Unapologetic" is "The Marshall Mathers LP 2." The singer in question is Rihanna, whose album "Unapologetic" was released in 2012. The song in question is "The Monster," which features Rihanna's vocals. FINAL: The Marshall Mathers LP 2
This American crime film set in South Los Angeles was written and directed by the same director and writer of screenwriter of "Street Kings", "End of Watch", "Sabotage", "Fury" and what other film?	The American crime film set in South Los Angeles that was written and directed by the same director and writer of "Street Kings," "End of Watch," "Sabotage," "Fury," and other films is "Harsh Times." FINAL: Harsh Times
SuperMansion starred the actress who had a recurring role as whom on Workaholics?	SuperMansion starred Jillian Bell, who had a recurring role as Jillian Belk on "Workaholics". FINAL: Jillian Belk
The 1974 Texas Tech Raiders football team represented what public research university in Lubbock, Texas?	The 1974 Texas Tech Red Raiders football team represented Texas Tech University, a public research university in Lubbock, Texas. FINAL: Texas Tech University
During Siege of Bharatpur, which Commander-in-Chief of Ireland and Commander-in-Chief of India contributed to the storming of the castle?	Based on the context provided, Field Marshal Stapleton Cotton, 1st Viscount Combermere, was the Commander-in-Chief, Ireland and later Commander-in-Chief, India. He is noted for storming Bharatpur, a fort that was previously considered impregnable. FINAL: Stapleton Cotton, 1st Viscount Combermere
For what type of work is the production company for The Year Without a Santa Claus best known?	The production company for "The Year Without a Santa Claus" is Rankin/Bass Productions. This company is best known for its seasonal television specials, particularly its work in stop motion animation. FINAL: stop motion animation
What year was the film that starred the composer for "The Naked Brothers Band"?	The film that starred the composer for "The Naked Brothers Band" is "The Fault in Our Stars." Nat Wolff, who composed the music for "The Naked Brothers Band," starred in this film. "The Fault in Our Stars" was released in 2014. FINAL: 2014
The author of Sexual Politics attended which British University?	Based on the information provided, the author of *Sexual Politics* is Kate Millett. The context mentions that she was a student at Oxford University, but there is no direct mention of her attending a British university other than Oxford. However, since Oxford is a British university, the answer is: FINAL: Oxford University
Who had the best singles ranking, Roberta Vinci or Jorge Lozano?	Jorge Lozano's highest singles ranking was World No. 51, while Roberta Vinci's highest singles ranking was World No. 7. Therefore, Roberta Vinci had the better singles ranking. FINAL: Roberta Vinci
Both Truth in Science and Discovery embrace what campaign?	Both Truth in Science and the Discovery Institute embrace the "Teach the Controversy" campaign. FINAL: Teach the Controversy
Josey Scott and Ian Watkins were both promising musicians. Which of these talented men was incarcerated, impacting his career with a rock band?	Josey Scott and Ian Watkins were both prominent figures in the rock music scene. However, it was Ian Watkins who was incarcerated, which significantly impacted his career with the band Lostprophets. FINAL: Ian Watkins
The movies Queen of Blood and Battle Beyond the Sun both contained scenes from what 1959 Soviet feature?	The movies Queen of Blood and Battle Beyond the Sun both contained scenes from the 1959 Soviet feature "Nebo Zovyot". FINAL: Nebo Zovyot
Who was born first, Erika Jayne or Marco Da Silva	Erika Jayne was born on 10 July 1971. Marco Da Silva (the dancer) was born on 30 May 1977. Therefore, Erika Jayne was born first. FINAL: Erika Jayne
When did the English local newspaper, featuring the sculpture and war memorial in the Forbury gardens, change names?	The English local newspaper, which featured the sculpture and war memorial in the Forbury Gardens, was known as the Reading Evening Post before 2009. The name change occurred in 2009. FINAL: 2009
What is the name of the Isles who were led by Aonghus Mór and covered a total land area of over 8300 km2?	The name of the Isles led by Aonghus Mór and covered a total land area of over 8300 km² is the Kingdom of the Isles. FINAL: Kingdom of the Isles
Who is Bruce Spizer an expert on, known as the most influential act of the rock era?	Bruce Spizer is an expert on The Beatles, known as the most influential act of the rock era. FINAL: The Beatles
Which song was behind the third single on the album "A Lot About Livin' (And a Little 'bout Love)" for two weeks on the country charts?	The third single from Alan Jackson's album "A Lot About Livin' (And a Little 'bout Love)" was "Chattahoochee." According to the context, "We'll Burn That Bridge" by Brooks & Dunn peaked at #2 on the country charts for two weeks, behind "Chattahoochee." FINAL: Chattahoochee
What occupation was shared by David Yates and Pietro Germi?	David Yates and Pietro Germi both shared the occupation of filmmaker. FINAL: filmmaker
Marcus Wayne Garland spent nine seasons with an American professional baseball team that is based in Baltimore, Maryland, and was one of the AMerican League's original eight charter franchises when the league was established in what year?	Marcus Wayne Garland spent nine seasons with the Baltimore Orioles, an American professional baseball team based in Baltimore, Maryland. The Baltimore Orioles were one of the American League's original eight charter franchises when the league was established in 1901. FINAL: 1901
The lamp used in many lighthouses is similiar to this type of lamp patented in 1780 by Aimé Argand?	The lamp used in many lighthouses is similar to the Argand lamp, which was patented in 1780 by Aimé Argand. FINAL: Yes
The songs from the sountrack to "When Harry Met Sally" are performed by a singer that has had how many top 20 US albums?	Harry Connick Jr. has had seven top 20 US albums. FINAL: 7
Are Broughtonia and Laeliocattleya both orchids?	Yes, Broughtonia and Laeliocattleya are both orchids. FINAL: Yes, Broughtonia and Laeliocattleya are both orchids.
Where was the world cup hosted that Algeria qualified for the first time into the round of 16?	The world cup hosted that Algeria qualified for the first time into the round of 16 was the 2014 FIFA World Cup. FINAL: 2014 FIFA World Cup
Which was fought earlier in our nation's history, the Seven Days Battles or the Battle of Manila?	The Seven Days Battles took place in 1862 during the American Civil War, while the Battle of Manila occurred in 1945 during World War II. Therefore, the Seven Days Battles were fought earlier in our nation's history. FINAL: Seven Days Battles
What retailer in ABQ Uptown is headquarted in Poole, Dorset, United Kingdom?	The retailer in ABQ Uptown that is headquartered in Poole, Dorset, United Kingdom is Lush. FINAL: Lush
What football club plays in the area between the old tool gates: Brook Bar and Trafford bar?	The question refers to the area between two old toll gates: Brooks's Bar and Trafford Bar. Based on the context provided, the area between these two points is known as Old Trafford. The football club that plays in this area is Manchester United F.C. FINAL: Manchester United F.C.
The song "Chim Chim Cher-ee" can be heard in the "Mary Poppins" scene of a Disney ride that debuted in what year?	The song "Chim Chim Cher-ee" can be heard in the "Mary Poppins" scene of The Great Movie Ride, which debuted in 1989. FINAL: 1989
Who held the record for the longest service in the Australian Parliament for a woman, and was surpassed by a former Australian politician who was the 29th Speaker of the House of Representatives?	Kathy Sullivan held the record for the longest service in the Australian Parliament for a woman, and this record was surpassed by Bronwyn Bishop, a former Australian politician who was the 29th Speaker of the House of Representatives. FINAL: Kathy Sullivan
Which man who presented the Australia 2022 FIFA World Cup bid was born on October 22, 1930?	The man who presented the Australia 2022 FIFA World Cup bid and was born on October 22, 1930, is Frank Lowy. FINAL: Frank Lowy
What major city is the Faith Lutheran Middle School and High School located by?	Faith Lutheran Middle School and High School is located in Summerlin, Nevada. Summerlin is part of the Las Vegas Valley. FINAL: Las Vegas Valley
What British singer-songwriter hosted the 16th Annual Young Hollywood Awards?	The British singer-songwriter who hosted the 16th Annual Young Hollywood Awards was Kelly Osbourne. FINAL: Kelly Osbourne
Who did the Star and Dagger bass player marry?	The Star and Dagger bass player, Sean Yseult, married Chris Lee. FINAL: Sean Yseult married Chris Lee.
In 2017, what was 3/4th of the organization that also has a Center for Veterinary Medicine as well as part of the U.S. Department of Health and Human Services, spent on?	In 2017, 3/4th of the organization that also has a Center for Veterinary Medicine as well as part of the U.S. Department of Health and Human Services was spent on funding from pharmaceutical companies. FINAL: funding from pharmaceutical companies
Which came out first, Dinosaur or McFarland, USA	The film "Dinosaur" was released in 2000, while "McFarland, USA" was released in 2015. Therefore, "Dinosaur" came out first. FINAL: Dinosaur
Both Bishop Carroll Catholic High School and Kapaun Mt. Carmel Catholic High School are located in which city in Kansas?	Bishop Carroll Catholic High School and Kapaun Mt. Carmel Catholic High School are both located in Wichita, Kansas. FINAL: Wichita
What was the 58th quadrennial American presidential election held after the 2016 Michigan Democratic primary?	The 58th quadrennial American presidential election was the 2016 United States presidential election, which was held on November 8, 2016, after the Michigan Democratic primary on March 8, 2016. FINAL: 2016
This Celtic ruler who was born in AD 43 ruled southeastern Britain prior to conquest by which empire?	The Celtic ruler born in AD 43 who ruled southeastern Britain prior to the Roman conquest was Togodumnus, a king of the Catuvellauni tribe. The Catuvellauni were a Celtic tribe in southeastern Britain before the Roman conquest. FINAL: The Roman Empire.
What is the name of the detective novelist parent of the author of '"Q" Is for Quarry'?	The author of "Q" Is for Quarry is Sue Grafton. The detective novelist parent of Sue Grafton is C. W. Grafton. FINAL: C. W. Grafton
What is the birthplace of the Senator who represents the first of 62 districts in the State Senate?	The Senator who represents the first of 62 districts in the New York State Senate is Kenneth LaValle. According to the provided information, he was born in Brooklyn, New York. FINAL: Brooklyn, New York
The Memphis Hustle are based in a suburb of a city with a population of what in 2010?	The Memphis Hustle are based in Southaven, Mississippi, which is a suburb of Memphis, Tennessee. According to the 2010 census, the population of Memphis was 650,105. FINAL: 650,105
Which songwriting duo composed music for "La La Land", and created lyrics for "A Christmas Story: The Musical"?	The songwriting duo that composed music for "La La Land" and created lyrics for "A Christmas Story: The Musical" is Pasek and Paul. FINAL: Pasek and Paul
Which of the city at the south of Shelly Beach, New South Wales is a local government area in the Hunter region of New South Wales, Australia?	The city at the south of Shelly Beach, New South Wales, that is a local government area in the Hunter region of New South Wales, Australia, is the City of Newcastle. FINAL: City of Newcastle
Are Bamboo Mañalac and Danny Jones both musicians?	Yes, Bamboo Mañalac and Danny Jones are both musicians. Bamboo Mañalac is a Filipino American musician and singer-songwriter, known for his work with the band Rivermaya and his solo career. Danny Jones is a British musician and one of the lead vocalists and guitarists for the pop-rock band McFly. FINAL: Yes
Works by Hanna Leena Kristiina Varis are part of a collection in a museum that houses approximately 65,000 what?	Works by Hanna Leena Kristiina Varis are part of a collection in a museum that houses approximately 65,000 drawings and approximately 1 million old master prints, as well as more modern graphic works, photographs, and architectural drawings. FINAL: drawings
When was the Western Germanic language spoken from which the small settlement situated on the river Leda opposite Leer derives its name?	The small settlement situated on the river Leda opposite Leer is called Kloster Muhde. The name "Muhde" is derived from the Old Frisian "mutha," meaning "(river) mouth." The Old Frisian language was spoken between the 8th and 16th centuries. Therefore, the Western Germanic language from which the name of the settlement derives its name was spoken during that period. FINAL: 8th to 16th centuries
Born on 6 March 1937, this man was also a citizen of the United Kingdom.	Based on the information provided, several individuals were born on 6 March 1937. The question asks for the man who was also a citizen of the United Kingdom. - Arild Nyquist: Norwegian - Valentina Tereshkova: Russian - Alistair Grant: British - William Bonfield: British - Chawalit Kamutchati: Thai - Robin Bailie: Northern Irish (part of the UK) - Paul Méfano: French - Vatroslav Rožić: Croatian (died on 6 March 1937, so not applicable)
What country does Hatton Hill and Hatton Castle, Angus have in common?	Hatton Hill and Hatton Castle, Angus are both located in Scotland. FINAL: Scotland
What podcast was the cheif executive officer of Nerdist Industries a guest on?	The podcast that the chief executive officer of Nerdist Industries was a guest on is "The Drop-In." FINAL: The Drop-In
Randall Cunningham II was a multi-sport athlete at the high school located in what Nevada city?	Randall Cunningham II was a multi-sport athlete at Bishop Gorman High School, which is located in Las Vegas, Nevada. FINAL: Las Vegas
Which English musician is known for both the songs "See Yourself" and "Withing You Without You"?	The English musician known for both the songs "See Yourself" and "Within You Without You" is George Harrison. FINAL: George Harrison
Which professional ice hockey position does the Captain of the National Hockey League All-Star Game "Away Team" play?	The Captain of the National Hockey League All-Star Game "Away Team" plays the position of centre. FINAL: centre
What year did the series on CBS, starring the actor who known for his role in "Rebel Without a Cause," air?	The question refers to the CBS series that starred an actor known for his role in "Rebel Without a Cause." The CBS Television Workshop is the series in question, and it aired in 1952. Several actors who appeared in "Rebel Without a Cause" had early television appearances on this series, including James Dean. FINAL: 1952
What season was the character introduced that becomes the main antagonist in the following season, from the animated television series created by Bryan Konietzko and Michael Dante DiMartino as a sequel to "", which aired from 2005 to 2008?	The character in question is General Kuvira. She was introduced in the third season of "The Legend of Korra," which is a sequel to "Avatar: The Last Airbender." She becomes the main antagonist of the fourth season. FINAL: third season
Who were the directors of the 2009 American science fiction film starring the actor who played Dexter Morgan in the Showtime TV Network series "Dexter"?	The 2009 American science fiction film starring the actor who played Dexter Morgan in the Showtime TV Network series "Dexter" is "Gamer." The film was directed by Mark Neveldine and Brian Taylor. FINAL: Mark Neveldine and Brian Taylor
Which travel parody series featured American actor, comedian, and radio host best known as the host of "The Joe Schmo Show"?	The travel parody series that featured the American actor, comedian, and radio host best known as the host of "The Joe Schmo Show" is "Hidden America with Jonah Ray." Ralph Garman, who is known as the host of "The Joe Schmo Show," was a comedic guest on this series. FINAL: Hidden America with Jonah Ray
Do The Importance of Being Icelandic and The Five Obstructions belong to different film genres ?	Yes, The Importance of Being Icelandic and The Five Obstructions belong to different film genres. The Importance of Being Icelandic is a documentary film that explores the cultural identity of Icelandic-Canadians, while The Five Obstructions is a documentary that also incorporates experimental film elements, focusing on the creative challenge between two filmmakers. FINAL: Yes
Tefik Selim Mborja was a part of a party that held power in Albania until what year?	Tefik Selim Mborja was a part of the Albanian Fascist Party, which held nominal power in Albania from 1939 until 1943. FINAL: 1943
Joe Walker played for which team that ends their regular season with the Civil War rivalry game?	Joe Walker played for the Oregon Ducks football team, which ends its regular season with the Civil War rivalry game. FINAL: Oregon Ducks
What station broadcast the episode "Marry Me a Little, Marry Me a Little More" , of the series created by Max Mutchnick and David Kohan?	The episode "Marry Me a Little, Marry Me a Little More" from the series created by Max Mutchnick and David Kohan was broadcast on NBC. FINAL: NBC
Georges-Henri Bousquet translated the work of a historian who is of what heritage?	Georges-Henri Bousquet translated the work of Ibn Khaldun, a North African Arab historian. FINAL: North African Arab
In which city are the headquarters of the American research and scientific development company where Ravi Sethi worked as computer scientist located?	Ravi Sethi worked as a computer scientist at Bell Labs. The headquarters of Bell Labs are located in Murray Hill, New Jersey. FINAL: Murray Hill, New Jersey
What is the full name of the viral respiratory disease in which Yi Guan's research helped to prevent the outbreak of?	The full name of the viral respiratory disease in which Yi Guan's research helped to prevent the outbreak is Severe Acute Respiratory Syndrome (SARS). FINAL: Severe Acute Respiratory Syndrome
Which Kentucky Writers Hall of Fame author has had works published by Dim Gray Bar Press?	Based on the information provided, Wendell Berry is an author who has been inducted into the Kentucky Writers Hall of Fame. Additionally, the content mentions that Dim Gray Bar Press published works by several authors, including Wendell Berry. Therefore, the answer is: FINAL: Wendell Berry
What director worked with Vikram Bhatt on a film starring actors Rajneesh Duggal and Adah Sharma?	Based on the information provided, the film that stars Rajneesh Duggal and Adah Sharma and is directed by Vikram Bhatt is "1920". Therefore, the director who worked with Vikram Bhatt on a film starring these actors is Vikram Bhatt himself. FINAL: Vikram Bhatt
Robert Smith founded the multinational company headquartered in what city?	Robert Smith founded General Mills, which is headquartered in Golden Valley, Minnesota. FINAL: Golden Valley, Minnesota
What amount was the settlement that the character from the Son of al Quada got in 2017?	The question refers to "Son of al Qaeda," which is a documentary about Abdurahman Khadr. However, the specific settlement amount for Abdurahman Khadr is not mentioned in the provided context. The context only mentions that Omar Khadr, his brother, was involved in a $10.5 million settlement with the Canadian government in 2017. FINAL: The amount of the settlement for the character from "Son of al Qaeda" is not provided in the context.
Considered the strongest recorded tropical cyclone, which cyclone had a film made about it in 2007?	Based on the information provided, the 1999 Odisha cyclone is considered the strongest recorded tropical cyclone in the North Indian Ocean. Additionally, the film "Kathantara" was made about the 1999 Odisha cyclone in 2007. FINAL: 1999 Odisha cyclone