Who developed the eponymous character from the series that contains Mickey's Safari in Letterland?	The question refers to "Mickey's Safari in Letterland," but none of the provided paragraphs mention this specific series or its developer. Therefore, based on the given information, it is not possible to determine who developed the eponymous character from that series. FINAL: The provided information does not mention "Mickey's Safari in Letterland" or its developer.
What county is the city that shares a border with the state capital of the state where Zubly Cemetery is located in?	Zubly Cemetery is located in Aiken County, South Carolina. The state capital of South Carolina is Columbia. The city that shares a border with Columbia is Lexington County. FINAL: Lexington County
In what region of the country containing A Lưới is the birthplace of John Phan located?	The provided text does not mention A Lưới or the birthplace of John Phan. Therefore, it is not possible to determine the region based on the given information. FINAL: The provided text does not mention A Lưới or the birthplace of John Phan. Therefore, it is not possible to determine the region based on the given information.
Where do Greyhound buses leave from in the city where Arna Selznick's employer is headquartered?	The question refers to Arna Selznick, who is a Canadian director and artist. However, the provided content does not specify where her employer is headquartered. Therefore, there is not enough information to determine where Greyhound buses leave from in the city associated with her employer. FINAL: There is not enough information to determine the location.
Which county does Lloyd Dane's birthplace belong to?	Lloyd Dane was from Eldon, Missouri. However, the provided information does not specify which county Eldon, Missouri, belongs to. FINAL: The information provided does not specify the county of Lloyd Dane's birthplace.
Who wrote "Turn Me On" by performer of "Happy Pills"?	Norah Jones wrote "Turn Me On" as the performer of "Happy Pills." FINAL: Norah Jones
Who did the screenwriter for Good Will Hunting play in Dazed and Confused?	The screenwriter for *Good Will Hunting*, Ben Affleck, played the role of Fred O'Bannion in *Dazed and Confused*. FINAL: Ben Affleck
What is the seat of the county sharing a border with the county in which J. P. Hayes was born?	J. P. Hayes was born in Appleton, Wisconsin. The county in which he was born is Outagamie County. The seat of Outagamie County is Appleton. FINAL: Appleton
What does the U.S. believe caused the country where the birthplace of Yaovabha Bongsanid is located, to help Japan?	The question refers to the birthplace of Princess Yaovabha Bongsanid, but the provided content does not mention her birthplace or any country's assistance to Japan. Therefore, the information needed to answer the question is not available in the given paragraphs. FINAL: The provided information does not specify the birthplace of Princess Yaovabha Bongsanid or any country's assistance to Japan.
What was the language from which the last name Sylvester originates during the era of the Frankish king who formed the Holy Roman Empire later known as?	The last name Sylvester originates from the Latin name "Sylvester," which was used during the era of the Frankish king Charlemagne, who later became known as the Emperor of the Romans and formed the Carolingian Empire. FINAL: Latin
The group representing at least 70% of Jews worldwide and Italians may be genetically similar due to what two factors?	The group representing at least 70% of Jews worldwide, Ashkenazi Jews, may be genetically similar to Italians due to inter-marriage and conversions during the Roman Empire. FINAL: inter-marriage and conversions in the time of the Roman Empire.
What is the record label for the band which performed Pythons?	The record label for the band that performed *Pythons* is Sire Records. FINAL: Sire Records
Who is the child of the actor who is a cast member of Love in Pawn?	The question asks for the child of the actor who is a cast member of *Love in Pawn*. However, the provided content does not mention any actor's child in relation to *Love in Pawn*. FINAL: The information provided does not specify the child of any actor from *Love in Pawn*.
What was the version of the language where the last name Sylvester originates, used in the era of the king that united the tribes in the 9th century, later called?	The name Sylvester originates from the Latin adjective silvestris, meaning "wooded" or "wild," which was used during the era of Charlemagne, who united the tribes in the 9th century. The version of the language at that time was Medieval Latin. FINAL: Medieval Latin
Who won the Indy Car Race in the largest populated city of the state where Yuma's Library District is located?	The question refers to the "Yuma's Library District," but there is no direct mention of a library district in Yuma. However, Yuma is a city in Colorado. The largest populated city in Colorado is Denver. There is no specific information provided about an Indy Car Race in Denver. Therefore, the answer cannot be determined from the given content. FINAL: The answer cannot be determined from the provided information.
Who played the girlfriend of Alex P. Keaton's actor on Family Ties in Back to the Future?	Michael J. Fox played Alex P. Keaton on Family Ties. In Back to the Future, his girlfriend was Jennifer Parker, played by Claudia Wells. FINAL: Claudia Wells
What is the source of the river of which Kraai River is a tributary?	The Kraai River is a tributary of the Orange River. The source of the Orange River is not explicitly mentioned in the provided text. FINAL: The source of the Orange River is not explicitly mentioned in the provided text.
When was the region immediately north of the region where the country that secured southern Lebanon is located and the Persian Gulf established?	The question refers to the region immediately north of where Israel secured southern Lebanon and the Persian Gulf. Israel secured southern Lebanon after the 1978 Coastal Road Massacre. The Persian Gulf is a body of water, not a region, so the question may be misphrased. However, if referring to the area north of southern Lebanon and the Persian Gulf, no specific "region" is clearly identified in the provided content. FINAL: The question is unclear and cannot be accurately answered with the given information.
When did the luxury division of the maker of the Toyopet Master change the body style of the rx 350?	The question contains inaccuracies and inconsistencies. The Toyopet Master is a vehicle from Toyota, while the "RX 350" likely refers to a different vehicle (such as the Lexus RX 350). There is no direct information provided about a "RX 350" or any body style changes related to the Toyopet Master. Therefore, the question cannot be answered based on the given content. FINAL: The question cannot be answered based on the provided information.
The German priest, who wanted to reform the religious denomination now the largest in the US, preached a sermon on Marian devotion soon before his death in which German state?	The German priest referred to is Martin Luther, who preached a sermon on Marian devotion shortly before his death. Luther was based in Wittenberg, which is in the state of Saxony, Germany. FINAL: Saxony
What song did Paul McCartney write for Sean Lennon's siblings?	The question refers to a song written by Paul McCartney for Sean Lennon's siblings, but the provided content does not mention any specific song written by McCartney for them. FINAL: The provided information does not specify a song written by Paul McCartney for Sean Lennon's siblings.
What award was received by the person who authored Missing Person?	The content provided does not mention an award received by the person who authored "Missing Person." FINAL: The information is not available in the provided content.
Who sings home alone tonight with the singer of you can crash my party anytime?	Luke Bryan sings "Home Alone Tonight" with Karen Fairchild. Luke Bryan is the singer of "Crash My Party." FINAL: Luke Bryan and Karen Fairchild
What body of water does the river that Toongabbie Creek flows into flow into?	Toongabbie Creek is part of the Parramatta River catchment, which flows into the Tasman Sea. FINAL: Tasman Sea
How long was the city the Qing lost in 1853 the capital of the province where Yaxing Coach is headquartered?	Yaxing Coach is headquartered in Yangzhou, Jiangsu, China. The city the Qing lost in 1853 was Nanjing, which was the capital of Jiangsu province. FINAL: Jiangsu province's capital, Nanjing, was lost by the Qing in 1853.
When did the luxury division of the company that manufactures Toyopet Master change the body style of the RX 350?	The question refers to the luxury division of the company that manufactures Toyopet Master, which is Toyota. However, the provided content does not mention any changes to the body style of the RX 350. The content about the Lexus RX mentions a facelift in 2010, but it does not specify any body style changes. FINAL: The provided information does not specify when the luxury division of the company that manufactures Toyopet Master changed the body style of the RX 350.
Where is the origin of the river that Kraai River is a tributary of?	The Kraai River flows into the Orange River, but the question asks about the origin of the river that the Kraai River is a tributary of. The Orange River is the river that the Kraai River is a tributary of, and its origin is in the Drakensberg mountains in eastern South Africa. FINAL: The origin of the Orange River, which the Kraai River is a tributary of, is in the Drakensberg mountains in eastern South Africa.
Where is the river that the engine pumped water from located in the world?	The river that the engine pumped water from is the Nile River, located in Egypt. FINAL: Egypt
Who was the first African American student to attend the school that owns Swayze Field?	The provided content does not mention any school that owns Swayze Field or identify the first African American student to attend such a school. FINAL: The information required to answer the question is not available in the provided text.
Who wrote the show that Jimmy Olsen works for?	The question refers to Jimmy Olsen, who is a character on the TV show "Smallville." However, the provided content does not specify who wrote the show. FINAL: The answer cannot be determined from the given information.
What franchise of the pro soccer organization headquartered in New York, is based in the city that produced the album considered the true portrait of the No Wave movement?	The No Wave movement's true portrait is captured in the Eno-produced No New York compilation, which features the former four groups: the Contortions, Teenage Jesus and the Jerks, Mars, and DNA. These groups are associated with New York City. The pro soccer franchise headquartered in New York City is the New York City FC, which plays at Yankee Stadium. However, the question refers to the city that produced the album, which is New York City. The answer is New York City FC. FINAL: New York City FC
When was one internet browser's version of Windows 8 made accessible?	The question refers to when a version of Windows 8 was made accessible, but it does not specifically mention an internet browser. However, based on the information provided, Windows 8 was made available for download for MSDN and TechNet subscribers on August 15, 2012. FINAL: August 15, 2012
Who is the child of the Victim of Romance performer?	The question is unclear and contains ambiguity. Based on the provided content, there is no direct information about a "Victim of Romance performer." However, if referring to a character in "A Moment of Romance," the film features actors like Andy Lau, but no specific "child of a Victim of Romance performer" is mentioned. FINAL: The question lacks clarity and sufficient context to provide a definitive answer.
At the end of which year did the tribes in the area where the Ashkenazi Jews can trace their ancestry to Jews who settled there invade the roman empire?	The tribes that settled in the area where Ashkenazi Jews can trace their ancestry to invaded the Roman Empire in the 5th century. Based on the provided information, the specific year mentioned is 406, when the Alans, Vandals, and Suevi crossed into Gaul. FINAL: 406
Who is the spouse of the person who voices Jarvis in Iron Man?	Paul Bettany voices J.A.R.V.I.S. in Iron Man. Paul Bettany's spouse is Jennifer Morrison. FINAL: Jennifer Morrison
What is the name of the castle in the place of birth of the performer of When I Was a Boy?	The question refers to the "performer of When I Was a Boy," which is Jane Siberry. However, there is no mention of a castle in her place of birth in the provided content. FINAL: The content does not provide information about a castle in the place of birth of Jane Siberry.
How were people from whom new coins were a proclamation of independence by the Somali Muslim Ajuran Empire expelled from the natural boundary between Thailand and A Magne's country?	The question contains inaccuracies and confusion. The Somali Muslim Ajuran Empire was not involved in expelling people from a natural boundary between Thailand and a "Magne's country." The text mentions that in Djibouti, there was widespread vote rigging, with the French expelling thousands of Somalis before a referendum. However, this is unrelated to the natural boundary between Thailand and any country. FINAL: The question contains inaccuracies and cannot be answered as posed.
Who is the father of Nim's actress in Return to Nim's Island?	The father of Bindi Irwin, who plays Nim Rusoe in *Return to Nim's Island*, is Steve Irwin. FINAL: Steve Irwin
What city shares a border with the place where the person who went to the state known for its Mediterranean climate during the gold rush worked?	The person who went to the state known for its Mediterranean climate during the gold rush is likely referring to the California Gold Rush, which took place in California. California has a Mediterranean climate. The question asks for a city that shares a border with this place. However, no specific city is mentioned in the provided content. FINAL: The question cannot be answered with the given information.
Besides areas of the country gaining control of Florida after the conflict Charles Edmund Nugent participated in, what other differences exist between where Carlos Barral died and Real Madrid?	Carlos Barral was born in Barcelona, Spain, while Real Madrid is a football club based in Madrid, Spain. The key difference is the location: Barcelona vs. Madrid. FINAL: The key difference is the location: Barcelona vs. Madrid.
In April 2010, what did the company owned by MV Macoma announce it was in the process of doing?	In April 2010, the company owned by MV Macoma announced it was in the process of trying to find a potential buyer for all of its operations in Finland. FINAL: In April 2010, the company owned by MV Macoma announced it was in the process of trying to find a potential buyer for all of its operations in Finland.
Where does the body of water by the city that shares a border with Elizabeth Berg's birthplace and Ohio River meet?	The body of water in question is the Ohio River. Elizabeth Berg was born in Saint Paul, Minnesota, and the Ohio River borders several cities, including those in Ohio. The Ohio River meets the Mississippi River at Cairo, Illinois. FINAL: The Ohio River meets the Mississippi River at Cairo, Illinois.
What was the wettest year in the second largest city in the state where Yuma's Library District is located?	The second largest city in the state where Yuma's Library District is located (Arizona) is Tucson. The wettest year in Tucson was 1905 with 24.17 in (614 mm) of precipitation. FINAL: 1905
When was John's eldest son crowned?	John II of Jerusalem was crowned at Santa Sophia, Nicosia on May 11, 1284. FINAL: 1284
What is the date of birth of the person who was part of Ratata?	The content provided does not specify the date of birth of any individual who was part of Ratata. FINAL: The content does not provide the date of birth of any member of Ratata.
What worldwide ranking does the university that Pedro Ramirez Vasquez attended hold?	The provided information does not mention Pedro Ramirez Vasquez or the university he attended. Therefore, it is not possible to determine the worldwide ranking of the university he attended based on the given content. FINAL: The provided information does not mention Pedro Ramirez Vasquez or the university he attended.
What company is the college where Wolf V. Vishniac studied a part of?	Wolf V. Vishniac studied at Brooklyn College and Stanford University. The question refers to the company, but these are educational institutions, not companies. Therefore, there is no company associated with the college where Wolf V. Vishniac studied. FINAL: There is no company associated with the college where Wolf V. Vishniac studied.
How many ethnic minorities were looked at differently in the city where the headquarters of the company that Study in Brown's record label is a part of?	The question refers to the city where the headquarters of the company that Study in Brown's record label is a part of. Study in Brown is an album by Clifford Brown and Max Roach, released on EmArcy Records. EmArcy Records was a subsidiary of Mercury Records, which was based in New York City. The question asks how many ethnic minorities were looked at differently in that city. However, the provided content does not specify any ethnic minorities or their treatment in New York City. FINAL: The provided information does not specify the number of ethnic minorities looked at differently in New York City.
What is the position of the first governor general of India?	The first Governor-General of India was Warren Hastings. He served from 1774 to 1785. FINAL: Warren Hastings was the first Governor-General of India.
What Islamic denomination was the author of The Canon of Medicine thought to be a member of?	The author of *The Canon of Medicine*, Ibn Sina (Avicenna), was thought to be a Sunni Hanafi by some scholars, while others suggested he might have been an Ismaili or Twelver Shia. However, the most widely accepted view is that he was a Sunni Hanafi. FINAL: Sunni Hanafi
Who is the spouse of the person who plays Batman in the Lego Batman Movie?	In the Lego Batman Movie, Batman is voiced by Will Arnett. However, the question refers to the "spouse of the person who plays Batman," which is not directly addressed in the provided content. The content does not mention Will Arnett's spouse. FINAL: The provided information does not specify the spouse of the actor who plays Batman in The Lego Batman Movie.
What country does team that Pa Amadou Gai is a member of play for?	Pa Amadou Gai is a Gambian soccer player who currently plays for ASC HLM. FINAL: Gambia
What is the experimental satellite which was the forerunner to the communication satellite of the operator of GSAT-7 called?	The experimental satellite for the communication satellite of the operator of GSAT-7 is not explicitly mentioned in the provided content. However, based on the context, it is likely referring to the BeiDou-1 system, which is an experimental regional navigation system. FINAL: BeiDou-1
What is the mouth of watercourse for the body of water where Bartram's Covered Bridge is located?	Bartram's Covered Bridge is located over Crum Creek. The mouth of a watercourse refers to the point where a river or stream flows into a larger body of water. However, the provided information does not specify the exact mouth of Crum Creek where Bartram's Covered Bridge is located. FINAL: The provided information does not specify the mouth of Crum Creek where Bartram's Covered Bridge is located.
Who was the person who acquired the parent company of the music service Beyonce owns part of talking about in the song Cry?	The question refers to a song titled "Cry" and mentions Beyoncé owning part of a music service. However, the provided content does not directly mention Beyoncé owning a music service or a specific person who acquired the parent company of that service. The content discusses Beyoncé's song "Heaven" and her album, but no direct link to a music service she owns is provided. Therefore, based on the given information, the answer cannot be determined. FINAL: The provided information does not specify who acquired the parent company of the music service Beyoncé owns.
When is Celebrity Big Brother coming to the network which, along with ABC and the network which broadcasted The Chisholms, is the other major broadcaster based in NY?	The question refers to a network based in New York, along with ABC and the network that broadcasted "The Chisholms." From the provided content, "The Chisholms" was an NBC venture. The other major broadcaster based in New York, along with ABC, is CBS. FINAL: CBS
The MLB MVP award is given out after a competition where a team has played the most games. What is the longest win streak in the history of league that team plays for?	The question refers to the longest win streak in the history of a league where the MLB MVP award is given out. The UConn Huskies women's basketball team holds the record for the longest win streak in college sports, with 111 consecutive wins. However, this is not related to MLB. The longest win streak in MLB history is held by the 1916 Philadelphia Phillies, with a 22-game winning streak. FINAL: 22
Who is the other child of Chian Hsiao-chang's father?	The question refers to "Chian Hsiao-chang," but none of the provided paragraphs mention this name. Therefore, there is no information available to answer the question. FINAL: The question cannot be answered based on the provided information.
Who started the foundation that developed the Free Software Directory?	The Free Software Directory (FSD) is a project of the Free Software Foundation (FSF). FINAL: Free Software Foundation
What notable pop artist started out his career on adult contemporary radio along with the performer of Illuminations?	Bryan Duncan started his career on adult contemporary radio and was part of the Sweet Comfort Band, which is associated with the performer of "Illuminations." FINAL: Bryan Duncan
On what date did Battle of the birth place of Marzuki Alie end?	The question refers to the "Battle of the birth place of Marzuki Alie," but there is no historical battle associated with Marzuki Alie's birthplace mentioned in the provided content. The content only states that he was born in Palembang, South Sumatra, but no battle is mentioned. FINAL: The question contains incorrect information; there is no record of a battle related to the birthplace of Marzuki Alie.
Who was the first president in the country where the Kamchatka Peninsula is located?	The Kamchatka Peninsula is located in Russia. The first president of Russia was Boris Yeltsin. FINAL: Boris Yeltsin
Who did Jokshan's father marry after the death of Sarah?	Jokshan's father, Abraham, married Keturah after the death of Sarah. FINAL: Keturah
What was the person who provided evidence to suggest the existence of the neutron a participant of?	The person who provided evidence to suggest the existence of the neutron was a participant of the Dayton Project. FINAL: The person who provided evidence to suggest the existence of the neutron was a participant of the Dayton Project.
Who plays the character that took the sword out of the stone in once upon a time?	In the television show "Once Upon a Time," Tony Amendola plays the character Geppetto, the creator and father of Pinocchio. However, the question refers to a character who "took the sword out of the stone," which is a reference to the legend of King Arthur, not directly related to "Once Upon a Time." Since no character in "Once Upon a Time" is explicitly described as taking the sword out of the stone, there is no direct answer based on the provided information. FINAL: The question refers to a character from the King Arthur legend, not directly connected to "Once Upon a Time," so there is
When is the next episode of the series that Steven the Sword Fighter is a part of being released?	The provided information does not mention a series called "Steven the Sword Fighter." Therefore, it is not possible to determine when the next episode of that series will be released. FINAL: The question cannot be answered with the given information.
Who plays the person with the same name as he who was caught by surprise in Once Upon a Time?	Tony Amendola plays the person with the same name as he who was caught by surprise in Once Upon a Time. FINAL: Tony Amendola
Who was played by the creator of Push, Nevada in Dazed and Confused?	The question asks about the actor who played a role in "Dazed and Confused" and is also the creator of "Push, Nevada." However, based on the provided information, there is no direct mention of the creator of "Push, Nevada" being an actor in "Dazed and Confused." FINAL: The information provided does not indicate who played in "Dazed and Confused" and is the creator of "Push, Nevada."
Why was Common Sense, by the same author as Rights of Man, an important work?	Common Sense, written by Thomas Paine, was an important work because it advocated for American independence from Britain and inspired the American Revolution. It presented clear, persuasive arguments for self-governance and challenged the legitimacy of monarchical rule. FINAL: Common Sense, by Thomas Paine, was an important work because it advocated for American independence and inspired the American Revolution with its persuasive arguments for self-governance.
When did the president of the Confederate States of America end his fight in the Mexican-American war?	The president of the Confederate States of America, Jefferson Davis, did not participate in the Mexican-American War, as he became president during the American Civil War. The Mexican-American War occurred from 1846 to 1848, while Davis's presidency was from 1861 to 1865. FINAL: The president of the Confederate States of America did not end his fight in the Mexican-American War, as he was not involved in that conflict.
When was the last time the team Matthew Webb was a member of beat the winner of the 1894-95 FA Cup?	Matthew Webb was a member of Birmingham City. The winner of the 1894–95 FA Cup was Aston Villa. Birmingham City last beat Aston Villa in the 1995–96 season, but the exact date is not provided in the given content. FINAL: The exact date is not provided in the given content.
What does the name of the organization the Haiti national football team belongs to stand for?	The Haiti national football team belongs to the Federation of Football of Haiti. FINAL: Federation of Football of Haiti.
What is the record label of the co-writer and recording artist of Permission to Fly?	The record label of the co-writer and recording artist of *Permission to Fly* is not explicitly mentioned in the provided content. FINAL: The record label of the co-writer and recording artist of *Permission to Fly* is not mentioned in the given information.
When did the location of the basilica named after the same saint at San Pietro in Ciel d'Oro become its own country?	The question contains a misunderstanding. The basilica named after the same saint as San Pietro in Ciel d'Oro (San Vittore in Ciel d'Oro) is not a country. There is no historical evidence that any basilica became its own country. FINAL: The location of the basilica named after the same saint as San Pietro in Ciel d'Oro did not become its own country.
Where did the person featured in the film Sammy Going South study or work?	The person featured in the film "Sammy Going South" is not specified in the provided content. The paragraph only mentions the film's details, such as its release year, director, and cast, but does not provide information about where the person (likely a character or actor) studied or worked. FINAL: The content does not specify where the person featured in the film "Sammy Going South" studied or worked.
What does the acronym of the organization Danish Football Union is part of stand for?	The question refers to the "Danish Football Union," but the provided content does not explicitly mention the acronym or the organization it is part of. However, based on general knowledge, the Danish Football Union is part of the Union of European Football Associations (UEFA). FINAL: UEFA
When did the team that won the AL East in 2017 last play in the event after which the MLB MVP is awarded?	The team that won the AL East in 2017 was the New York Yankees. The MLB MVP is awarded after the World Series. The Yankees last played in the 2012 World Series. FINAL: 2012
What shares a border with the city where the person who went to the state where Baskin-Robbins was founded during the gold rush works?	The person who went to the state where Baskin-Robbins was founded during the gold rush is referring to someone who went to California, where Baskin-Robbins was founded. The city in question is not explicitly mentioned, but if we consider the context of the gold rush, it could be related to a city in California. However, no specific city is mentioned that shares a border with the location in question. FINAL: The question lacks sufficient information to determine which city shares a border with the location in question.
How many ethnic minorities were looked at differently in the city where the headquarters of the only group larger than Långa nätter's record label is located?	The question refers to the headquarters of the only group larger than Långa nätter's record label, which is not directly mentioned in the provided content. However, based on the given information, the answer cannot be determined from the provided paragraphs. FINAL: The question cannot be answered with the given information.
What year did the country where the place of birth of Beatrice Heuser is located form an alliance with Japan?	Beatrice Heuser was born in Bangkok, which is in Thailand. The country where she was born, Thailand, did not form an alliance with Japan. However, the question might be referring to another country. The British Empire formed an alliance with Japan in 1902. FINAL: 1902
When did the death city of Taito Kantonen become the capital of the US state having the statue being the title of the various Latin Mother goddess?	Taito Kantonen is not related to a "death city" or a city that became the capital of a U.S. state. The question contains inaccuracies and conflates unrelated information. FINAL: The question contains inaccuracies and cannot be answered as posed.
Who is the president of the newly declared independent country that is part of the Commission of Truth and Friendship with the country where Sumardi was born?	The president of the newly declared independent country involved in the Indonesia–Timor Leste Commission of Truth and Friendship is Xanana Gusmão of Timor-Leste. Sumardi was born in Indonesia. Therefore, the president of Timor-Leste is the answer. FINAL: Xanana Gusmão
What is the source of the river that is the mouth of the Caledon River?	The source of the river that is the mouth of the Caledon River is not explicitly mentioned in the provided content. However, the Caledon River is noted as a tributary of the Orange River. The source of the Orange River is Thaba Putsoa in the Maloti Mountains (Drakensberg), but this is not directly linked to the Caledon River's mouth. FINAL: The source of the river that is the mouth of the Caledon River is not explicitly provided in the given information.
A country's military branch, the equivalent of which in the US helped the Old West's local police, was unprepared for the invasion of the country that developed the ZH-29. The unprepared country was the only communist country to have an embassy where?	The country in question is Czechoslovakia, which developed the ZH-29. The military branch equivalent in the US that helped the Old West's local police was the Army. Czechoslovakia was unprepared for the invasion by the Soviet Union. The only communist country to have an embassy in Czechoslovakia was the Soviet Union. FINAL: Soviet Union
What pantheon is the God of the underworld in ancient Egypt a part of?	The pantheon of ancient Egypt includes the god of the underworld, Osiris. FINAL: The pantheon of ancient Egypt.
What event caused the founder of Australia's liberal party to become Prime Minister?	The event that caused the founder of Australia's liberal party to become Prime Minister was the formation of the Free Trade Party, which later merged with other groups to form the Commonwealth Liberal Party. However, the specific event leading to the founder's prime ministership is not directly mentioned in the provided text. FINAL: The text does not provide information about the specific event that caused the founder of Australia's liberal party to become Prime Minister.
Who founded what Robert J Chassell is a member of?	Robert J. Chassell was one of the founding directors of the Free Software Foundation (FSF). FINAL: Free Software Foundation (FSF)
Who is part of the group performing Ask the Fish?	The question refers to "Ask the Fish," which is a 1995 live album by Leftover Salmon. Therefore, the group performing "Ask the Fish" is Leftover Salmon. FINAL: Leftover Salmon
When did the city where the headquarters of Barton Premium Blend's manufacturer is located elect its first black mayor?	The Barton Premium Blend is produced by the Sazerac Company, which is based in Bardstown, Kentucky. However, the question refers to the city where the headquarters of the manufacturer is located, which is not explicitly stated in the provided content. Therefore, the answer cannot be determined from the given information. FINAL: The answer cannot be determined from the provided information.
What is the meaning of the word that is also the majority religion in the area that became India when the country where Kot Haibat is located was created in the Arabic dictionary?	The word is "Masīhī" (مسیحی), which means "Christian" in Persian. The majority religion in the area that became India is Hinduism. FINAL: Hinduism
What was the population of the European country the Huguenots felt kinship for emigration to before this emigration?	The population of the Dutch Republic before the Huguenot emigration was approximately 2 million. FINAL: 2 million
What other notable work did the person who illustrated Shrek work on?	The person who illustrated Shrek is not explicitly mentioned in the provided content. However, based on the context, it is likely referring to Chris Van Allsburg, who illustrated "The Polar Express." The content does not provide information about other works by the illustrator of Shrek. FINAL: The content does not specify the illustrator of Shrek or their other notable works.
Who gives out the prize named after the author of The Wealth of Nations?	The prize named after the author of The Wealth of Nations is the Adam Smith Prize, which is given out by the University of Cambridge. FINAL: The University of Cambridge.
What is the region of the country of Sa Thầy and the territory of the Zone 5 Military Museam located?	Sa Thầy District is located in the Central Highlands region of Vietnam. The Zone 5 Military Museum is located in Da Nang, Vietnam. FINAL: Central Highlands region and Da Nang, Vietnam.
When is Celebrity Big Brother coming to the network which, along with ABC and the network which released Stand Against Fear, is the other major broadcaster based in NY?	Celebrity Big Brother premiered on February 7, 2018, on CBS, which is one of the major broadcasters based in New York, along with ABC and the network that released *Stand Against Fear* (which is also CBS). FINAL: February 7, 2018
Which section of the emergency response guidebook of the continent where bison antiquus are found contains the response guides?	The question refers to an "emergency response guidebook" but no such document is mentioned in the provided content. The content discusses the bison species Bison antiquus and the AIR-ONE Emergency Response Coalition, but there is no direct link or mention of an emergency response guidebook related to the continent where Bison antiquus were found. FINAL: The provided content does not mention an emergency response guidebook related to the continent where Bison antiquus were found.
Who was in charge in the country that is the natural boundary between the country that hosted the tournament and the country where A Don is located?	The country that is the natural boundary between the country that hosted the tournament (India) and the country where A Don is located (Laos) is Myanmar. The answer is Myanmar. FINAL: Myanmar
Who did the creator of Push, Nevada play in Dazed and Confused?	The creator of Push, Nevada, Ben Affleck, played the role of Fred O'Bannion in Dazed and Confused. FINAL: Ben Affleck played Fred O'Bannion in Dazed and Confused.
How many people were in the British colonies where bison antiquus could be found?	The provided text does not specify the number of people in the British colonies where *Bison antiquus* could be found. The text discusses the existence and evolution of *Bison antiquus* but does not mention population figures in British colonies. FINAL: The question cannot be answered with the given information.
During British rule, what wood was mostly produced in the nation that's the boundary between the host of the 2020 AFC U-23 Championship qualification, and the nation containing A Don?	The nation that is the boundary between the host of the 2020 AFC U-23 Championship qualification (Thailand) and the nation containing A Don (likely referring to a location in Myanmar) is Myanmar. During British rule, Myanmar produced 75% of the world's teak. FINAL: teak
When did the birthplace of the Here Come the Girls performer elect its first black mayor?	The birthplace of the performer of "Here Come the Girls" is not directly mentioned in the provided content. However, the song was written by Allen Toussaint, who was born in New Orleans, Louisiana. The content does not provide information about the election of the first black mayor in New Orleans. FINAL: The information provided does not specify when the birthplace of the "Here Come the Girls" performer elected its first black mayor.
When did Nissan along with the company that makes the Comstar wheel and the company that makes the Scion open US assembly plants?	The provided text does not mention Nissan, the company that makes the Comstar wheel, or the company that makes the Scion opening US assembly plants. Therefore, there is no information available to answer the question. FINAL: The provided text does not contain information about Nissan, the company that makes the Comstar wheel, or the company that makes the Scion opening US assembly plants.
What is the mascot of William J. Ripple's university?	The mascot of William J. Ripple's university is not directly mentioned in the provided content. However, William J. Ripple is associated with Oregon State University. The mascot of Oregon State University is the Beavers. FINAL: Beavers
Who is the father of Edward Baring, 1st Baron Revelstoke's father?	Tom Baring's father is Henry Baring of Cromer Hall. Edward Baring, 1st Baron Revelstoke, is the brother of Tom Baring, making Henry Baring the father of Edward Baring, 1st Baron Revelstoke. FINAL: Henry Baring of Cromer Hall.
Who is the federal leader of the party that Pierre-Hugues Boisvenu is a member of?	Pierre-Hugues Boisvenu is a member of the Conservative Party of Canada. The federal leader of the Conservative Party of Canada during his time in the Senate was Stephen Harper, who led the party from 2004 until his resignation in 2015. However, the question refers to the "federal leader," which could also refer to the leader of the party in the federal government. At the time of Boisvenu's appointment to the Senate in 2010, Stephen Harper was the Prime Minister of Canada and the leader of the Conservative Party. FINAL: Stephen Harper
In True Grit, who did the star play?	In *True Grit*, the star (likely referring to the film's lead actor) played a character named Mattie Ross. FINAL: Mattie Ross
What is the average yearly income for someone with the same nationality as the producer of The Wild Women of Chastity Gulch?	The producer of *The Wild Women of Chastity Gulch* is not explicitly mentioned in the provided text. However, the film was produced by Aaron Spelling, who was American. The average household income in the U.S. is not directly provided, but the median household income in 2013 was $55,250, and the mean household income was $72,641. FINAL: $72,641
Who is the spouse of the child of Peter Andreas Heiberg?	Johan Ludvig Heiberg's mother was the Baroness Gyllembourg-Ehrensvärd. The spouse of the child of Peter Andreas Heiberg is not explicitly mentioned in the provided text. FINAL: The text does not provide information about the spouse of the child of Peter Andreas Heiberg.
What is the name of the castle found in the birthplace of the performer of Falling Out?	The performer of *Falling Out* is Serena Ryder, who is from Millbrook, Ontario. However, none of the provided paragraphs mention a castle in Millbrook or its immediate vicinity. Therefore, based on the given information, the name of the castle cannot be determined. FINAL: The name of the castle cannot be determined from the provided information.
When was the region that lies to the north of where Israel is located and where Shamal is located established?	The question refers to a region north of Israel and where the Shamal wind is located. The Shamal wind occurs in the Persian Gulf region, which is north of Israel. However, the text does not provide specific information about when this region was established. FINAL: The text does not provide information on when the region north of Israel, where the Shamal wind occurs, was established.
Who is the federal leader of Leon Benoit's political party?	Leon Benoit was a member of the Conservative Party of Canada. However, the text does not explicitly state who the federal leader of the Conservative Party was during his time in office. FINAL: The text does not provide the name of the federal leader of Leon Benoit's political party.
In what league did Jose Miranda's team compete?	Jose Miranda's team, the Tucson Amigos, competed in the Southwest Independent Soccer League. Later, he played for the New Mexico Chiles in the USISL Select League and the Arizona Sahuaros in the USISL D-3 Pro League. FINAL: Southwest Independent Soccer League, USISL Select League, and USISL D-3 Pro League.
Who was the US physicist who directed the project that developed the first atomic bomb at the same place where Feynman worked on Water Boiler?	The US physicist who directed the project that developed the first atomic bomb was Major General Leslie Groves. Richard Feynman worked on the Manhattan Project, which was directed by Groves. The "Water Boiler" refers to an early nuclear reactor, which was part of the Manhattan Project. FINAL: Major General Leslie Groves
When did the performer of I Love Life, Thank You release Best Day Ever?	Mac Miller released "Best Day Ever" on March 11, 2011. FINAL: March 11, 2011
Which county shares a border with the county where the most populous city in the state where WEKL operates is located?	The question asks about the county that shares a border with the county where the most populous city in the state where WEKL operates is located. WEKL is a radio station licensed to Augusta, Georgia. The most populous city in Georgia is Atlanta. Atlanta is located in Fulton County. Therefore, the answer is Fulton County. FINAL: Fulton County
Who was honoured with the highest award a citizen without military experience in India before becoming a president?	The highest civilian award in India is the Bharat Ratna. Before becoming president, Indira Gandhi was honoured with the Bharat Ratna. However, the question specifically asks for a citizen without military experience. Based on the provided information, the answer is not explicitly mentioned. FINAL: The information provided does not specify who was honoured with the Bharat Ratna before becoming president and without military experience.
Why did Roncalli leave the place where artist who made The Bacchanal of the Andrians died?	The question contains incorrect information. Titian, the artist of *The Bacchanal of the Andrians*, died in 1576, while Pope John XXIII (Roncalli) lived from 1881 to 1963. There is no historical evidence or context suggesting Roncalli left a place due to the death of Titian. FINAL: The question contains incorrect information. There is no historical connection between Roncalli and the death of the artist who made *The Bacchanal of the Andrians*.
In 2010, what was the population of the city where the Yongle emperor greeted the person to whom the edict was addressed?	In 2010, the population of Nanjing was 8.005 million. FINAL: 8.005 million
When did the city the 2010 Sony Ericsson Open – Men's Singles winner is from become the capitol of the state Knowles is from?	Suga Mama is a song by Beyoncé Knowles. Beyoncé is from Texas. The 2010 Sony Ericsson Open – Men's Singles winner is Andy Roddick, who is from the United States. The capital of Texas is Austin. However, the question seems to conflate multiple pieces of information. The city where the 2010 Sony Ericsson Open – Men's Singles winner is from (United States) is not explicitly stated, and the question is unclear. FINAL: The question is unclear and contains inaccuracies.
Who created the main character of The Godfather?	The main character of The Godfather, Vito Corleone, was created by Mario Puzo for his novel "The Godfather." FINAL: Mario Puzo
What gun was used by Pollack's director in Westworld?	The question refers to "Pollack's director in Westworld," but there is no mention of a specific gun used by a director named Pollack in the provided content about Westworld. The content lists actors and details about the show, but not a director named Pollack or any specific gun associated with them. FINAL: The content does not provide information about a gun used by a director named Pollack in Westworld.
When does the new season of the show starring the cast member of Pizza Man start?	The question refers to the film "Pizza Man," but the answer is about a TV show. There is no direct information about a new season of a show starring the cast member of "Pizza Man." However, if considering the cast member Bill Maher, there is no specific information about a new season he is part of. FINAL: The information provided does not specify a new season of a show starring the cast member of Pizza Man.
What was the name of the Hero and the Terror star's character in Walker, Texas Ranger?	The question refers to the film "Hero and the Terror," which stars Chuck Norris. However, the provided content does not mention any character name from the show "Walker, Texas Ranger." Therefore, based on the given information, the answer cannot be determined. FINAL: The provided information does not specify the character name of the star from "Hero and the Terror" in "Walker, Texas Ranger."
What is the position of the person impeached in England for acts committed as governor general of India?	The person impeached in England for acts committed as Governor-General of India was Warren Hastings. He was impeached by Edmund Burke and others, leading to a trial in 1786. The impeachment was related to his actions during his tenure as Governor-General of Bengal. FINAL: Warren Hastings was impeached in England for acts committed as Governor-General of India.
What was the form of the language that the last name Sylvester comes from, used in the era of the king who united the 9th century tribes, later known as?	The name Sylvester comes from the Latin adjective silvestris, which means "wooded" or "wild." This form of the language is Classical Latin, used during the era of the king who united the 9th-century tribes, Charlemagne. FINAL: Classical Latin
When was the celestial body that transforms nuclear potential energy to other forms of energy discovered to be the center of the solar system?	The question refers to the discovery of the Sun as the center of the solar system, which is unrelated to the provided content about energy types, psychodynamics, beta decay, energy consumption, solar energy, Anushakti Nagar, renewable energy, and photosynthetic efficiency. The content does not mention the discovery of the Sun's role in energy transformation or its position in the solar system. FINAL: The provided content does not address the discovery of the celestial body that transforms nuclear potential energy into other forms of energy as the center of the solar system.
The actor who plays the father in I Can Only Imagine has a wife played by who in another film?	In the film "I Can Only Imagine," the actor who plays the father is Dennis Quaid. In the film "Flesh and Bone," Dennis Quaid co-stars with Meg Ryan. Therefore, the actor who plays the father in "I Can Only Imagine" has a wife played by Meg Ryan in another film. FINAL: Meg Ryan
Who is the actor who plays the title character in The Bourne Betrayal?	The actor who plays the title character in The Bourne Betrayal is not explicitly mentioned in the provided content. However, since The Bourne Betrayal is a novel and not a film, there is no specific actor associated with the title character in a cinematic adaptation. FINAL: The Bourne Betrayal is a novel, not a film, so there is no actor who plays the title character in a film adaptation.
Kiwil's birth country participated in a Commission of Truth and Friendship. Who is the president of the other country that participated?	Kiwil's birth country, Indonesia, participated in the Indonesia–Timor Leste Commission of Truth and Friendship. The president of the other country, Timor-Leste, at the time was Xanana Gusmão. FINAL: Xanana Gusmão
what was the name of the producer of Forest Warrior walker texas ranger?	The question refers to "Forest Warrior," which is a 1996 film starring Chuck Norris. However, the provided content does not mention a "Walker Texas Ranger" connection or a producer for "Forest Warrior." FINAL: The provided information does not specify the producer of "Forest Warrior."
Who was picked over the player with the highest point average in NBA history in the draft?	Kevin Durant was picked over the player with the highest point average in NBA history in the draft. FINAL: Kevin Durant
In The Godfather, who does the producer of Mistress play?	In The Godfather, the producer of "The Mistress" (a TV series) is not directly related to the film. However, the question seems to conflate different works. The Godfather features Lenny Montana as Luca Brasi. The answer to the question as phrased is not directly answerable from the provided content. FINAL: The question is unclear and cannot be directly answered with the given information.
Of which river is the river Kichi Sipi Bridge crosses a tributary?	The Kichi Sipi Bridge spans a deep channel of the Nelson River. FINAL: Nelson River
What team was Anna Benson's husband on?	Anna Benson's husband, Kris Benson, was a Major League Baseball pitcher. FINAL: Major League Baseball
For what did the singer of Moon River in Breakfast at Tiffany's win a Tony?	The singer of "Moon River" in *Breakfast at Tiffany's*, Audrey Hepburn, did not win a Tony. The question contains an error. FINAL: The singer of "Moon River" in *Breakfast at Tiffany's* did not win a Tony.
Which years did the war with Antigone's spouse occur?	The question refers to a character from "True Detective (season 2)" named Antigone Bezzerides, whose spouse is not mentioned in the provided content. Therefore, there is no information given about a war involving Antigone's spouse. FINAL: The content does not provide information about a war involving Antigone's spouse.
Who introduced a system of musical notation in the 14th century used in the area where the Ottoman slave trade flourished?	The question refers to a system of musical notation used in the area where the Ottoman slave trade flourished, but the provided content does not directly mention any specific individual who introduced a musical notation system in the 14th century in that region. However, the content does mention Hampartsoum Limondjian, who transcribed Turkish music using his own system, though this was in the 18th century. There is no direct evidence in the provided content to answer the question as posed. FINAL: The provided content does not specify who introduced a musical notation system in the 14th century in the area of the Ottoman slave
What was the wettest year of the city located in the county that also contains Helvetia?	Helvetia is located in Pima County, Arizona. However, the provided content does not mention any specific information about the wettest year of a city in Pima County. FINAL: The information required to determine the wettest year of a city in Pima County is not available in the provided content.
What were the Genesis's advantages over the platform that plays Sunman?	The provided content does not mention any platform that plays "Sunman" or compare the Genesis to such a platform. Therefore, there is no information available to determine the Genesis's advantages over that specific platform. FINAL: The question cannot be answered based on the provided information.
Which two features were played up the Microsoft executive who announced IPTV in 2007?	The question refers to a Microsoft executive who announced IPTV in 2007, but the provided content does not explicitly mention any specific features that were highlighted by a Microsoft executive regarding IPTV. Therefore, based on the given information, it is not possible to determine the two features. FINAL: The provided content does not specify the two features highlighted by a Microsoft executive regarding IPTV in 2007.
According to Pew in 2010, what percent of Nigeria's population was the people who conquered the Eastern provinces of the Byzantine empire?	The question refers to the people who conquered the Eastern provinces of the Byzantine Empire, which is related to the Islamic conquests. However, the provided content about Nigeria states that agriculture provides employment for about 30% of the population. There is no direct information about the percentage of Nigeria's population related to those who conquered the Eastern provinces of the Byzantine Empire. FINAL: The provided content does not specify the percentage of Nigeria's population related to those who conquered the Eastern provinces of the Byzantine Empire.
What county is the city that shares a border with the state capital of the state where Velma Barfield was born located in?	The question refers to Velma Barfield, who was born in North Carolina. The state capital of North Carolina is Raleigh. The city that shares a border with Raleigh is Durham. Durham is located in Durham County. FINAL: Durham County
What artist was featured on Smooth Jazz Stations, along with Kenny G and the performer of The Dance?	Kenny G and Dave Koz were featured on Smooth Jazz Stations. The performer of The Dance is Dave Koz. FINAL: Dave Koz
When was the country Merewalh was a citizen of abolished?	The question refers to "Merewalh," which is not mentioned in the provided content. Therefore, there is no information available to determine when the country Merewalh was a citizen of was abolished. FINAL: The question cannot be answered with the given information.
Who is the father of the artist who painted Head I?	The father of the artist who painted Head I is not mentioned in the provided text. FINAL: The text does not provide information about the father of Francis Bacon, the artist who painted Head I.
What is the body of water that St. Matthew Island located in named after?	The body of water that St. Matthew Island is located in is named after Sir Thomas Lewis, an English physiologist. FINAL: Lewis Sound
What percentage did the Dow Jones fall in the historical era where the book takes place?	The Dow Jones fell more than 50% over 17 months, similar to a 54.7% fall in the Great Depression. FINAL: 50%
What is the name of the famous bridge located in the birthplace of the composer of Nulla in mundo pax sincera?	The composer of "Nulla in mondo pax sincera" is Antonio Vivaldi. The famous bridge located in his birthplace, Venice, is the Rialto Bridge. FINAL: Rialto Bridge
Who did Hay work for after being hired by his other notable influence regarding resource distribution other than Max Weber?	Friedrich Hayek was hired by the London School of Economics (LSE) after being influenced by Lionel Robbins. FINAL: Lionel Robbins
Who is the president of the newly declared independent country part of the Commission of Truth and Friendship with the country where Gado-gado is found?	The president of the newly declared independent country part of the Commission of Truth and Friendship with Indonesia (where Gado-gado is found) is the President of East Timor. FINAL: The president of East Timor.
What province shares a border with the province where Lago District is located?	The province that shares a border with the province where Lago District is located is Niassa Province. FINAL: Niassa Province
The language of a film titled and about the city where Tito was interred is the co-official language of a county. In what city is the national Radio and Television broadcaster for that country?	The film titled "Belgrade" is about the city where Tito was interred, which is Belgrade. The national Radio and Television broadcaster for Serbia is in Belgrade. FINAL: Belgrade
When did the team that Jamie Ward is a member of win the FA Cup?	Jamie Ward is a member of the Northern Ireland national team. However, the question refers to a team he is a member of, and the provided information does not specify a particular club team that he is currently part of. Therefore, based on the given content, it is not possible to determine when the team Jamie Ward is a member of won the FA Cup. FINAL: The information provided does not specify the team Jamie Ward is currently a member of or when that team won the FA Cup.
What is the meaning of the name of the city where the Yongle emperor greeted the person to whom the edict was addressed?	The name of the city is Nanjing, which means "Southern Capital." FINAL: Nanjing
When did the country that has the same co-official language as that of the movie about the city where Petar Trifunović died send an independent team to the Olympics?	The country where Petar Trifunović died is Serbia. Serbia's co-official languages are Serbian and, historically, other languages, but the question refers to a country with the same co-official language as the movie about the city where Petar Trifunović died. The movie "In the Land of Don Quixote" is about Spain, where the official language is Spanish. However, the question seems to conflate multiple elements. Serbia's co-official languages include Serbian and others, but the country that has the same co-official language as the movie's setting (Spain) is not directly linked.
Where was Tyler MacDuff's child educated?	Tyler MacDuff was educated at Blair International Baccalaureate School in Pasadena. FINAL: Blair International Baccalaureate School in Pasadena.
How many miles are there between Nashville and the place in Tennessee where Mark Day was born?	Mark Day was born in Clarksville, Tennessee. The distance between Nashville and Clarksville is approximately 45 miles. FINAL: 45
What is the name of the castle in the city where the performer of Sleep is the Enemy was formed?	The performer of "Sleep Is the Enemy" is the Canadian rock band Danko Jones. There is no direct mention of a castle in the city where they were formed. However, if considering the city of Toronto (where Danko Jones is from), there is no prominent castle associated with the city. Therefore, based on the provided information, there is no specific castle named in relation to the band's origin. FINAL: There is no specific castle mentioned in relation to the city where Danko Jones was formed.
Who was in charge of the area where Pavilion Welgelegen is located?	The provided text does not mention Pavilion Welgelegen or the person in charge of the area where it is located. FINAL: The provided text does not mention Pavilion Welgelegen or the person in charge of the area where it is located.
When was the last time the team that Malcolm Briggs was a member of beat the 1894-95 FA cup winner?	Malcolm Briggs was a member of Birmingham City, but the question refers to the 1894-95 FA Cup winner, which is unrelated to Briggs' career. There is no direct connection between Briggs' team and the 1894-95 FA Cup winner. FINAL: The question cannot be answered based on the provided information.
Where was Obama's opponent in his first election educated?	Barack Obama's opponent in his first election for the Illinois Senate was not explicitly mentioned in the provided content. However, the question refers to Obama's first election, which was for the Illinois Senate in 1996. The content does not provide details about his opponent's education. FINAL: The provided content does not specify where Obama's opponent in his first election was educated.
What county was Tim Dubois born in?	Tim DuBois was born in Southwest City, Missouri. FINAL: Southwest City, Missouri
Who did the original voice of the character Mila Kunis plays on Family Guy?	The original voice of the character Mila Kunis plays on Family Guy, Meg Griffin, was Lacey Chabert. FINAL: Lacey Chabert
Who many players can play in the game based on the show that Steven the Sword Fighter is part of?	The game based on the show that "Steven the Sword Fighter" is part of allows seven playable characters, with an eighth character to be added in a future content update. Four characters can be equipped to a party at a time. FINAL: 7
with what movie did Mary Philips' husband win his only oscar?	Mary Philips' husband was Humphrey Bogart. Humphrey Bogart won his only Oscar for his role in "The African Queen" (1951). FINAL: The African Queen
According to QS World University Rankings, what is the ranking of the place that employed Said Ashour?	The provided content does not mention Said Ashour or any information related to the QS World University Rankings. Therefore, it is not possible to determine the ranking of the place that employed Said Ashour based on the given information. FINAL: The question cannot be answered with the provided information.
Who is the child of the president who suffered a major defeat when the body which approves members of the American cabinet refused to ratify the Versailles treaty?	The question refers to the president who suffered a major defeat when the body that approves members of the American cabinet (the Senate) refused to ratify the Treaty of Versailles. This president was Woodrow Wilson. The Senate rejected the treaty, leading to the U.S. not joining the League of Nations. FINAL: Woodrow Wilson
Which competition did the performer of Cadore 33 participated?	The performer of *Cadore 33* is Sergio Dalma, a Spanish singer. However, the provided text does not specify any particular competition he participated in. FINAL: The text does not provide information about a competition participated in by the performer of Cadore 33.
The country that Eyal Golan is from lies within a certain region. When was the area that lies immediately to the north of that region established?	Eyal Golan is from Israel. The area immediately to the north of Israel is Lebanon. However, the question refers to the region immediately to the north of the country Eyal Golan is from, which is Israel. The area immediately to the north of Israel is Lebanon, but the question seems to refer to the region of the Arabian Peninsula, which is not directly north of Israel. Therefore, the answer is not directly applicable. FINAL: 1926
What is the capital of the county that shares a border with the county where WAPL is licensed to broadcast?	WAPL is licensed to Appleton, Wisconsin. The county where Appleton is located is Outagamie County. The county that shares a border with Outagamie County is Calumet County. The capital of Calumet County is Chilton. FINAL: Chilton
What was the percentage the Dow Jones fell during the time the first cake mix come out?	The question refers to "the first cake mix," but the provided content does not mention any cake mix or its release date. Therefore, there is no information available to determine the percentage the Dow Jones fell during that time. FINAL: The question cannot be answered based on the provided information.
Who constituted the free corps in the country that the Free State of Mecklenburg-Schwerin is located in?	The question refers to the Free State of Mecklenburg-Schwerin, but the provided content does not mention a "free corps" in that context. The information given about Mecklenburg-Schwerin involves historical figures like Clara Maria of Pomerania-Barth and Tsarevna Catherine Ivanovna of Russia, but no direct reference to a "free corps" is made. FINAL: The provided information does not specify who constituted the free corps in the country that the Free State of Mecklenburg-Schwerin is located in.
Who is the spouse of the person who played Father in I Can Only Imagine?	The spouse of the person who played Father in *I Can Only Imagine* is Tracy McConnell. FINAL: Tracy McConnell
What county is the city that shares a border with the state capital of the state where the RBC Heritage Golf Tournament is played in?	The RBC Heritage Golf Tournament is played in South Carolina. The state capital of South Carolina is Columbia. The county where Columbia is located is Richland County. FINAL: Richland County
Where is the starting meridian for the longitude system on the world map?	The starting meridian for the longitude system on the world map is the IERS Reference Meridian, which passes through the Prime Meridian. This meridian is defined as 0° longitude. FINAL: The starting meridian for the longitude system is the IERS Reference Meridian, also known as the Prime Meridian.
When did the town WLUJ is licensed in become capitol of the state in which a statue of a Latin mother goddess is located?	The question contains inaccuracies and lacks sufficient information to determine the answer. There is no mention of a town named "WLUJ" or a statue of a Latin mother goddess in the provided content. FINAL: The question cannot be answered based on the given information.
What does the US believe caused the country where Ercole Manfredi died to help Japan?	The provided text does not mention where Ercole Manfredi died or any direct connection between the US and a country where he died that involved helping Japan. Therefore, based on the given information, it is not possible to determine what the US believes caused a country where Ercole Manfredi died to help Japan. FINAL: The question cannot be answered with the provided information.
What is the name of the major basketball team from the city where the Yongle emperor greeted the person to whom the edict was addressed?	The question refers to the Yongle Emperor, who is mentioned in the context of the Ming dynasty. However, there is no information provided about a major basketball team in the city associated with the Yongle Emperor (Beijing). FINAL: The question cannot be answered based on the provided information.
What are the Genesis's advantages over the game platform with a 3 letter name abbreviation, featuring a game named after the league that chooses where the Super Bowl is held?	The question refers to "Genesis," which is a 3-letter name abbreviation for the Sega Genesis game console. The Genesis had several advantages over other platforms of its time, including a strong library of games, powerful hardware for its era, and a focus on action and sports games. However, the question seems to mix elements from different contexts, including the Super Bowl and game platforms. Based on the provided content, there is no direct comparison between the Genesis and a game platform related to the Super Bowl. FINAL: The question contains inaccuracies and lacks clarity, making it difficult to provide a precise answer based on the given content.
When was the last time George Hollis's team beat the 1894-95 FA Cup winner?	George Hollis's team, Small Heath, did not beat the 1894-95 FA Cup winner, as the 1894-95 FA Cup winner is not explicitly mentioned in the provided content. However, the 1894-95 FA Cup final was won by Aston Villa, and there is no information indicating that Small Heath faced or defeated them. FINAL: The information provided does not specify when George Hollis's team beat the 1894-95 FA Cup winner.
When does regular season start in the league where a team has played the most games in the competition where they give out the MLB MVP award after?	The regular season in Major League Baseball (MLB) starts with the official Opening Day, typically in early April. The MLB MVP award is given out after the regular season, which runs until late September. FINAL: early April
What does seal stand for in the operator of the list of destroyer classes of the operator of the USS Acme seals?	The term "seal" in the context of the USS Acme (MSO-508) refers to a mine-sweeping vessel, as "MSO" stands for "Mine Sweeper, Oceanic." The word "seal" here does not refer to the animal but is part of the ship's classification. FINAL: Mine-sweeping vessel
What did the person who discovered that all atoms of an element have the same number of protons participate in?	The person who discovered that all atoms of an element have the same number of protons was involved in pioneering research on radioactivity. FINAL: The person who discovered that all atoms of an element have the same number of protons participated in pioneering research on radioactivity.
What specific part of the religious scripture that can be fit into a large, loose definition of legal literature does this document reference for Mary?	The document references the law tables of Hammurabi of Babylon as a specific part of religious scripture that can be fit into a large, loose definition of legal literature. FINAL: The law tables of Hammurabi of Babylon.
When did Burma change its name to the country that is the natural boundary between the country that hosted the tournament and the country where A Don is located?	Burma changed its name to Myanmar in 1989. The country that hosted the tournament is India, and the country where A Don is located is not specified in the provided content. However, based on the information given, the answer is 1989. FINAL: 1989
Which affiliate left the employer of Don Newman due to an agreement with CHBC?	The question contains a misunderstanding. Don Newman is a broadcaster who anchored coverage from the Canadian Embassy in Washington, but there is no direct mention of him leaving an employer due to an agreement with CHBC. The text mentions CHBC-TV in Kelowna joining E! in 2006, but no direct link to Don Newman's employment. FINAL: The text does not provide information about an affiliate leaving Don Newman's employer due to an agreement with CHBC.
Who is the spouse of the actor of Ethan in A Dog's Purpose?	The actor who played Ethan in A Dog's Purpose is KJ Apa. However, there is no information provided about KJ Apa's spouse. FINAL: The information about the spouse of the actor who played Ethan in A Dog's Purpose is not available.
When was the person who Messi's goals in Copa del Rey compared to get signed by Barcelona?	Lionel Messi was compared to Diego Maradona after scoring a goal in the Copa del Rey final in 2006. The comparison occurred when Messi scored a goal that was likened to Maradona's famous "Goal of the Century." However, the question seems to conflate events. Messi was already at Barcelona and was not signed by them after this comparison. He was signed by Barcelona's youth academy at a young age. FINAL: Messi was not signed by Barcelona after the comparison; he was already with the club.
How long had the city at the center of East Asia during the North-South division been the capitol city of Yaxing Coach's headquarters location?	During the period of North–South division, Nanjing remained the capital of the Southern dynasties for more than two and a half centuries. Yaxing Coach is based in Yangzhou, Jiangsu, China. The question refers to the city at the center of East Asia during the North-South division, which is Nanjing, and asks how long it had been the capital city of the location of Yaxing Coach's headquarters. Since Yaxing Coach is based in Yangzhou, not Nanjing, the answer is that Nanjing was not the capital of Yangzhou. FINAL: Nanjing was not the capital of Yang
Over how many slaves ended up getting emancipated on the birth place of Francis Watson?	The question refers to the birthplace of Francis Watson, but the provided information does not specify where Francis Watson was born. Therefore, there is no direct information about the number of slaves emancipated at his birthplace. FINAL: The provided information does not specify the birthplace of Francis Watson or the number of slaves emancipated there.
Who is the host of Who Wants to be a Millionaire in the country that MacGruder and Loud's creator is from?	The host of "Who Wants to Be a Millionaire?" in the country where "MacGruder and Loud" was created (the United States) is Regis Philbin for the original U.S. version. However, the question refers to the host in the country of the show's creator, which is not explicitly stated. Based on the information provided, the answer focuses on the U.S. version. FINAL: Regis Philbin
what is the former name of the country where the airport that Lion Air is part is located?	The former name of the country where the airport that Lion Air is part is located is Indonesia. FINAL: Indonesia
What does the US believe caused the country where Bodindecha was born to help Japan?	The question refers to a country where "Bodindecha" was born, but there is no information provided about Bodindecha in the given content. Therefore, the question cannot be answered based on the provided paragraphs. FINAL: The question cannot be answered with the given information.
What is the Till dom ensamma performer's birth date?	The performer of "Till dom ensamma" is Mauro Scocco. However, the provided information does not include his birth date. FINAL: The birth date of Mauro Scocco, the performer of "Till dom ensamma," is not provided in the given content.
Who played Seether's performer in willy wonka and the chocolate factory?	The question refers to "Seether," which is a song by Veruca Salt, not a character in *Willy Wonka & the Chocolate Factory*. There is no mention of a "Seether's performer" in the film. FINAL: The song "Seether" by Veruca Salt is not related to *Willy Wonka & the Chocolate Factory*.
When was the region that lies to the north of where Israel is located and where The World is located established?	The region to the north of Israel is not directly mentioned, but The World is located in the Persian Gulf, off the coast of Dubai. The question refers to the establishment of a region, but no specific region is clearly identified in the provided content. Therefore, the answer cannot be determined from the given information. FINAL: The question cannot be answered based on the provided information.
Who was the child of the 28th U.S. president?	The child of the 28th U.S. president, Woodrow Wilson, was Jessie Woodrow Wilson Sayre. FINAL: Jessie Woodrow Wilson Sayre
In the Arabic dictionary what is the meaning of the word that also refers to the majority religion in India when the country containing the Neolithic graveyards was created?	The word "Hindu" in Arabic is "Al-Hind," which refers to the country of India. The majority religion in India is Hinduism. The Neolithic graveyards mentioned are in what is now Pakistan. FINAL: Hinduism
Who won the 1993 Indy Car Race in the largest city of the state where the library district and the city of Yuma share the same county?	The 1993 Indy Car Race in Phoenix, Arizona, was won by Mario Andretti. The largest city in Yuma County, Arizona, is Yuma. The Yuma County Library District is located in Yuma County, Arizona. Therefore, the answer is Mario Andretti. FINAL: Mario Andretti
What was the language from which the last name Sylvester originates during the era of the Frankish king who formed the Holy Roman Empire later known as?	The name Sylvester originates from the Latin adjective silvestris, meaning "wooded" or "wild." The Frankish king who formed the Holy Roman Empire later known as Charlemagne. FINAL: Latin