What is John Mayne's occupation?	Okay, let's tackle this question. The user is asking for John Mayne's occupation. I need to look through the provided passages to find the answer.
What is Kathy Saltzman's occupation?	Okay, let's see. The question is asking about Kathy Saltzman's occupation. I need to look through the provided passages to find any mention of her. Let me go through each passage one by one.
What is Eleanor Davis's occupation?	Okay, let's see. The question is asking for Eleanor Davis's occupation. I need to look through the passages provided to find that information.
What is William Murray, 1st Earl of Mansfield's occupation?	Okay, let's see. The question is asking about William Murray, 1st Earl of Mansfield's occupation. I need to look through the provided passages to find the answer.
What is Þorsteinn Bachmann's occupation?	Okay, let me try to figure out what the question is asking. The user wants to know Þorsteinn Bachmann's occupation. So I need to look through the passages provided to find the answer.
What is Jacob Kraemer's occupation?	Okay, let's see. The question is asking about Jacob Kraemer's occupation. I need to look through the provided passages to find any information related to him.
What is Bae Geu-rin's occupation?	Okay, let me try to figure out what Bae Geu-rin's occupation is. The question is asking for the answer based on the given passages. I need to check each passage to see if there's any mention of Bae Geu-rin.
What is John Floyd's occupation?	Okay, let's tackle this question. The user is asking for John Floyd's occupation. I need to look through the provided passages to find the answer.
What is Sachiko Kokubu's occupation?	Okay, let's see. The question is asking about Sachiko Kokubu's occupation. I need to look through the provided passages to find any mention of her. Let me go through each passage one by one.
What is Akari Hayami's occupation?	Okay, let me try to figure out what Akari Hayami's occupation is. The user provided five passages, but I need to focus on the ones that mention Akari Hayami. Let's go through each passage.
What is Paris's occupation?	Okay, let's tackle this question. The user is asking for Paris's occupation, and they want the answer based only on the provided passages. Let me go through each passage carefully.
What is Fairfax M. Cone's occupation?	Okay, let me try to figure out what Fairfax M. Cone's occupation is. The question is asking for his occupation, so I need to look through the passages provided.
What is Albert Bates's occupation?	Okay, let's see. The question is asking for Albert Bates's occupation. I need to look through the provided passages to find the answer.
What is Heath's occupation?	Okay, let's see. The question is asking about Heath's occupation. I need to look through the provided passages to find any mention of Heath's job.
What is Yoshiki Tonogai's occupation?	Okay, let's tackle this question. The user is asking for Yoshiki Tonogai's occupation. I need to look through the provided passages to find the answer.
What is Thomas R. Whitney's occupation?	Okay, let me try to figure out what Thomas R. Whitney's occupation is based on the given passages. The question is asking for his occupation, so I need to look through the passages to find any mention of Thomas R. Whitney.
What is Edwin Wallock's occupation?	Okay, let's see. The question is asking for Edwin Wallock's occupation. I need to look through the provided passages to find any mention of him.
What is Tsutomu Seki's occupation?	Okay, let me try to figure out what Tsutomu Seki's occupation is based on the given passages. The question is asking for his occupation, so I need to look through the passages provided.
What is Matthew McKay's occupation?	Okay, let me try to figure out what Matthew McKay's occupation is based on the given passages. The user provided five passages, and I need to check each one for any mention of Matthew McKay.
What is Dominick Bellizzi's occupation?	Okay, let's tackle this question. The user is asking for Dominick Bellizzi's occupation. I need to look through the provided passages to find the answer.