qid	gold_evidence_ids	retrieved_topk_ids	in_context_ids	overlap_topk	overlap_in_context
ce40d2c4-f403-4736-ace1-7fca9c722aba	John Mayne	John Dawson Mayne|Hate Man|Marina Baker|Jim Boyd (newscaster)|John Dawson Mayne|Melinda and Melinda|William Murray, 1st Earl of Mansfield|John Floyd (Georgia politician)|John Myers Myers|Brendan Canty	John Dawson Mayne|Hate Man|Marina Baker|Jim Boyd (newscaster)|John Dawson Mayne|Melinda and Melinda|William Murray, 1st Earl of Mansfield|John Floyd (Georgia politician)|John Myers Myers	0	0
647d126c-564b-46c6-a8a7-6eda23449e10	Kathy Saltzman	Kathy Saltzman|Hate Man|Melinda and Melinda|Jim Boyd (newscaster)|Harry Saltzman|Marina Baker|Harry Saltzman|Harry Saltzman|Ai (poet)|Honor Harger	Kathy Saltzman|Hate Man|Melinda and Melinda|Jim Boyd (newscaster)|Harry Saltzman|Marina Baker|Harry Saltzman|Harry Saltzman|Ai (poet)	1	1
e8acd86c-e651-47fa-8440-2eb759a5f5ea	Eleanor Davis	Eleanor Davis|Eleanor Davis|Eleanor Layfield Davis|Ai (poet)|Honor Harger|Melinda and Melinda|Marina Baker|Hate Man|Marina Baker|Carmen Marai	Eleanor Davis|Eleanor Davis|Eleanor Layfield Davis|Ai (poet)|Honor Harger|Melinda and Melinda|Marina Baker|Hate Man|Marina Baker	1	1
4d5a3c5c-4b7c-4633-a9f9-a39d9e885344	William Murray, 1st Earl of Mansfield	William Murray, 1st Earl of Mansfield|William Murray, 1st Earl of Mansfield|William Murray, 1st Earl of Mansfield|William Murray, 1st Earl of Mansfield|William Murray, 1st Earl of Mansfield|John Dawson Mayne|John Brightman, Baron Brightman|John Strange (diplomat)|John Dawson Mayne|Donald Stokes, Baron Stokes	William Murray, 1st Earl of Mansfield|William Murray, 1st Earl of Mansfield|William Murray, 1st Earl of Mansfield|William Murray, 1st Earl of Mansfield|William Murray, 1st Earl of Mansfield|John Dawson Mayne|John Brightman, Baron Brightman|John Strange (diplomat)|John Dawson Mayne	1	1
5bede7e0-5a07-480a-ba01-b2e7adffd4e2	Þorsteinn Bachmann	Þorsteinn Gylfason|Þorsteinn Bachmann|Þorsteinn Pálsson|Þorsteinn Gylfason|Hate Man|Duilio Forte|Fritz Goos|Nikolay Nekrasov|Hugo Becker|Jim Boyd (newscaster)	Þorsteinn Gylfason|Þorsteinn Bachmann|Þorsteinn Pálsson|Þorsteinn Gylfason|Hate Man|Duilio Forte|Fritz Goos|Nikolay Nekrasov|Hugo Becker|Jim Boyd (newscaster)	1	1
b36e15b4-74a1-433c-8a0b-ad79e29ab837	Jacob Kraemer	Fritz Goos|Petrus Camper|Hate Man|Franz Kraemer|Nosrat Karimi|Jim Boyd (newscaster)|Petrus Camper|Eckart von Klaeden|Charles Joseph Bonaparte|Joseph Weydemeyer	Fritz Goos|Petrus Camper|Hate Man|Franz Kraemer|Nosrat Karimi|Jim Boyd (newscaster)|Petrus Camper|Eckart von Klaeden|Charles Joseph Bonaparte	0	0
6c512c5b-f2d6-471f-8984-5672f49f6fb7	Bae Geu-rin	Seungri|Seungri|Seungri|Seungri|Ai (poet)|Nosrat Karimi|Nikolay Nekrasov|Heath (musician)|Nikolay Nekrasov|Charlotte von Hagn	Seungri|Seungri|Seungri|Seungri|Ai (poet)|Nosrat Karimi|Nikolay Nekrasov|Heath (musician)|Nikolay Nekrasov|Charlotte von Hagn	0	0
da59acd0-881b-42c0-b403-4b39e44a591c	John Floyd (Georgia politician)	John Floyd (Georgia politician)|John Floyd (Georgia politician)|John Floyd (Georgia politician)|John Floyd (Georgia politician)|Hate Man|Jim Boyd (newscaster)|John Floyd (Georgia politician)|John Andrew Martin|Charles Joseph Bonaparte|Richard Faith	John Floyd (Georgia politician)|John Floyd (Georgia politician)|John Floyd (Georgia politician)|John Floyd (Georgia politician)|Hate Man|Jim Boyd (newscaster)|John Floyd (Georgia politician)|John Andrew Martin|Charles Joseph Bonaparte	1	1
8e7e3452-5510-40d9-ac52-738cb7384ec4	Sachiko Kokubu	Ai (poet)|Kaneko|Akino Arai|Yoshikawa Akimasa|Heath (musician)|Kekko Kamen|Honor Harger|Yoshikawa Akimasa|Yoshiki Nakai|Honor Harger	Ai (poet)|Kaneko|Akino Arai|Yoshikawa Akimasa|Heath (musician)|Kekko Kamen|Honor Harger|Yoshikawa Akimasa|Yoshiki Nakai	0	0
68c18f33-3e20-4749-88f1-bb474eb30da0	Akari Hayami	Akari Hayami|Akari Hayami|Akino Arai|Ai (poet)|Kekko Kamen|Kaneko|Kekko Kamen|Heath (musician)|Kekko Kamen|Nosrat Karimi	Akari Hayami|Akari Hayami|Akino Arai|Ai (poet)|Kekko Kamen|Kaneko|Kekko Kamen|Heath (musician)|Kekko Kamen|Nosrat Karimi	1	1
e9a21d20-3a8c-47ee-bae8-2682720ec526	Paris (actor under Domitian)	Marina Baker|Hate Man|Melinda and Melinda|Under Paris|Claire Denis|Marina Baker|Jim Boyd (newscaster)|Fritz Goos|Claire Denis|Charles Joseph Bonaparte	Marina Baker|Hate Man|Melinda and Melinda|Under Paris|Claire Denis|Marina Baker|Jim Boyd (newscaster)|Fritz Goos|Claire Denis	0	0
80a1cedb-aec4-468d-81ec-9d3ef02a8145	Fairfax M. Cone	Fairfax M. Cone|Charles Joseph Bonaparte|John Floyd (Georgia politician)|Charles Joseph Bonaparte|John Floyd (Georgia politician)|Jim Boyd (newscaster)|Hate Man|J. J. P. Corrigan|Charles Joseph Bonaparte|Edwin N. Hubbell	Fairfax M. Cone|Charles Joseph Bonaparte|John Floyd (Georgia politician)|Charles Joseph Bonaparte|John Floyd (Georgia politician)|Jim Boyd (newscaster)|Hate Man|J. J. P. Corrigan|Charles Joseph Bonaparte	1	1
d423a7eb-9ba3-4492-aec2-d47c6a5161f2	Albert Bates	Albert Bates|Albert Bates|Albert Bates|Albert Bates|Hate Man|Albert Bates|Glenn Albrecht|Marina Baker|Jim Boyd (newscaster)|Ai (poet)	Albert Bates|Albert Bates|Albert Bates|Albert Bates|Hate Man|Albert Bates|Glenn Albrecht|Marina Baker|Jim Boyd (newscaster)	1	1
f80d260e-da2b-4eeb-b123-4646f089d609	Heath (musician)	Hate Man|Heath (musician)|Marina Baker|Melinda and Melinda|Jim Boyd (newscaster)|Lillian Heath|William Harvey|Fritz Goos|William Murray, 1st Earl of Mansfield|Marina Baker	Hate Man|Heath (musician)|Marina Baker|Melinda and Melinda|Jim Boyd (newscaster)|Lillian Heath|William Harvey|Fritz Goos|William Murray, 1st Earl of Mansfield	1	1
39576651-e3e0-4925-b6e4-1ca30630ee22	Yoshiki Tonogai	Heath (musician)|Ai (poet)|Yoshikawa Akimasa|Akino Arai|Kaneko|Yoshikawa Akimasa|Heath (musician)|Yoshiki Nakai|Heath (musician)|Akari Hayami	Heath (musician)|Ai (poet)|Yoshikawa Akimasa|Akino Arai|Kaneko|Yoshikawa Akimasa|Heath (musician)|Yoshiki Nakai|Heath (musician)|Akari Hayami	0	0
c005f888-4c96-44f4-875b-a769cbd6e20c	Thomas R. Whitney	Thomas R. Whitney|Hate Man|Willis R. Whitney|Jim Boyd (newscaster)|Charles Joseph Bonaparte|Charles Joseph Bonaparte|Huntington Wilson|John Floyd (Georgia politician)|John Myers Myers|Charles Joseph Bonaparte	Thomas R. Whitney|Hate Man|Willis R. Whitney|Jim Boyd (newscaster)|Charles Joseph Bonaparte|Charles Joseph Bonaparte|Huntington Wilson|John Floyd (Georgia politician)|John Myers Myers	1	1
83eab852-6fa6-4276-af14-18d778ec1190	Edwin Wallock	Hate Man|Edwin Hubbell Chapin|Jim Boyd (newscaster)|Edwin N. Hubbell|Edwin Borchard|Charles Joseph Bonaparte|Edward Norton|Charles Joseph Bonaparte|John Floyd (Georgia politician)|Melinda and Melinda	Hate Man|Edwin Hubbell Chapin|Jim Boyd (newscaster)|Edwin N. Hubbell|Edwin Borchard|Charles Joseph Bonaparte|Edward Norton|Charles Joseph Bonaparte|John Floyd (Georgia politician)	0	0
57972309-2b29-48eb-a6c3-cbdaeda41a84	Tsutomu Seki	Seki Takakazu|Kaneko|Yoshikawa Akimasa|Yoshikawa Akimasa|Ai (poet)|Yoshiki Nakai|Nosrat Karimi|James Msekela|Fritz Goos|Heath (musician)	Seki Takakazu|Kaneko|Yoshikawa Akimasa|Yoshikawa Akimasa|Ai (poet)|Yoshiki Nakai|Nosrat Karimi|James Msekela|Fritz Goos	0	0
68d9ab39-5f61-4047-83c6-7e07bba03a83	Matthew McKay (politician)	Hate Man|Melinda and Melinda|Marina Baker|Jim Boyd (newscaster)|Richard Faith|Ai (poet)|Edward Norton|Marina Baker|Brendan Canty|Glenn Albrecht	Hate Man|Melinda and Melinda|Marina Baker|Jim Boyd (newscaster)|Richard Faith|Ai (poet)|Edward Norton|Marina Baker|Brendan Canty	0	0
47335a90-c4ce-4bec-9871-a2ed211283cc	Dominick Bellizzi	Domenico Bellizzi|Kekko Fornarelli|Atto Melani|Duilio Forte|Jim Boyd (newscaster)|Duilio Forte|Charles Joseph Bonaparte|Charles Joseph Bonaparte|Belarmino|Brendan Canty	Domenico Bellizzi|Kekko Fornarelli|Atto Melani|Duilio Forte|Jim Boyd (newscaster)|Duilio Forte|Charles Joseph Bonaparte|Charles Joseph Bonaparte|Belarmino	0	0
