Who developed the eponymous character from the series that contains Mickey's Safari in Letterland?	The question refers to "Mickey's Safari in Letterland," which is part of the "Mickey's Letterland" educational series. However, the provided context does not mention the developer of this specific series or its eponymous character. FINAL: The provided context does not contain information about the developer of the eponymous character from the series that contains "Mickey's Safari in Letterland."
What county is the city that shares a border with the state capital of the state where Zubly Cemetery is located in?	The Zubly Cemetery is located in Aiken County, South Carolina. The state capital of South Carolina is Columbia. The city that shares a border with Columbia is Lexington County. FINAL: Lexington County
In what region of the country containing A Lưới is the birthplace of John Phan located?	The question refers to a region containing A Lưới, but no specific information about John Phan's birthplace is provided in the given context. Therefore, the answer cannot be determined from the provided information. FINAL: The answer cannot be determined from the provided information.
Where do Greyhound buses leave from in the city where Arna Selznick's employer is headquartered?	The question refers to "Arna Selznick," but there is no mention of an individual by that name in the provided context. However, if the question is referring to David Selznick, the producer of *Gone with the Wind*, his company, Selznick International, was based in Hollywood, California. Greyhound buses in Los Angeles typically depart from the Los Angeles Greyhound Terminal, which is located at 615 S. Spring Street. FINAL: Los Angeles Greyhound Terminal
Which county does Lloyd Dane's birthplace belong to?	Lloyd Dane was born in Eldon, Missouri. Eldon is located in Miller County, Missouri. FINAL: Miller County
Who wrote "Turn Me On" by performer of "Happy Pills"?	Norah Jones wrote "Turn Me On." She is also the performer of "Happy Pills." FINAL: Norah Jones
Who did the screenwriter for Good Will Hunting play in Dazed and Confused?	The screenwriter for *Good Will Hunting*, Ben Affleck, played the role of Fred O'Bannion in *Dazed and Confused*. FINAL: Ben Affleck
What is the seat of the county sharing a border with the county in which J. P. Hayes was born?	J. P. Hayes was born in Appleton, Wisconsin. The county in which he was born is Outagamie County. The seat of Outagamie County is Appleton. FINAL: Appleton
What does the U.S. believe caused the country where the birthplace of Yaovabha Bongsanid is located, to help Japan?	The U.S. believes that the country where the birthplace of Yaovabha Bongsanid is located, which is Thailand, helped Japan during World War II due to the strategic importance of the region and the presence of Japanese forces. However, based on the provided context, there is no direct information about Yaovabha Bongsanid's birthplace or specific reasons for Thailand's assistance to Japan. FINAL: The provided context does not specify the country of Yaovabha Bongsanid's birthplace or the reasons for any assistance to Japan.
What was the language from which the last name Sylvester originates during the era of the Frankish king who formed the Holy Roman Empire later known as?	The last name Sylvester originates from the Latin name "Sylvester," which means "of the forest." It is not directly linked to the Frankish king who formed the Holy Roman Empire, but the name has Latin roots. FINAL: Latin
The group representing at least 70% of Jews worldwide and Italians may be genetically similar due to what two factors?	The group representing at least 70% of Jews worldwide and Italians may be genetically similar due to inter-marriage and conversions in the time of the Roman Empire. FINAL: inter-marriage and conversions in the time of the Roman Empire.
What is the record label for the band which performed Pythons?	The record label for the band Surfer Blood, which performed the album "Pythons," is Sire Records. FINAL: Sire Records
Who is the child of the actor who is a cast member of Love in Pawn?	The question refers to "Love in Pawn," but there is no information provided about a film or show by that exact name in the given context. Therefore, it is not possible to determine who the child of the actor is based on the provided information. FINAL: The question cannot be answered with the given context.
What was the version of the language where the last name Sylvester originates, used in the era of the king that united the tribes in the 9th century, later called?	The version of the language where the last name Sylvester originates is Medieval Latin, which was used during the era of Charlemagne, who united the tribes in the 9th century. FINAL: Medieval Latin
Who won the Indy Car Race in the largest populated city of the state where Yuma's Library District is located?	The question refers to "Yuma's Library District," which is not directly mentioned in the provided context. However, "Yuma, Colorado" is mentioned, and it is the most populous city in Yuma County. The largest populated city in the state where Yuma's Library District is located (assuming Colorado) is Denver. However, no information about an Indy Car Race in Denver is provided in the context. FINAL: The context does not provide information about an Indy Car Race in the largest populated city of the state where Yuma's Library District is located.
Who played the girlfriend of Alex P. Keaton's actor on Family Ties in Back to the Future?	Michael J. Fox played Alex P. Keaton on *Family Ties*. In *Back to the Future*, his character, Marty McFly, had a girlfriend named Jennifer Parker, played by Claudia Wells and later Elisabeth Shue. FINAL: Claudia Wells and Elisabeth Shue
What is the source of the river of which Kraai River is a tributary?	The river of which the Kraai River is a tributary is the Orange River. The source of the Orange River is in the mountains south of Lesotho. FINAL: The source of the Orange River, which the Kraai River is a tributary of, is in the mountains south of Lesotho.
When was the region immediately north of the region where the country that secured southern Lebanon is located and the Persian Gulf established?	The country that secured southern Lebanon is Israel. The region immediately north of southern Lebanon is the northern part of Israel. The Kingdom of Saudi Arabia, which borders the Persian Gulf, was established in 1932. FINAL: 1932
When did the luxury division of the maker of the Toyopet Master change the body style of the rx 350?	The provided context does not mention the "RX 350" or any changes to its body style. Therefore, there is no information available to answer the question. FINAL: The question cannot be answered with the given information.
The German priest, who wanted to reform the religious denomination now the largest in the US, preached a sermon on Marian devotion soon before his death in which German state?	The German priest who wanted to reform the religious denomination now the largest in the US was Martin Luther. He preached a sermon on Marian devotion soon before his death in the state of Saxony-Anhalt. FINAL: Saxony-Anhalt
What song did Paul McCartney write for Sean Lennon's siblings?	The question refers to a song written by Paul McCartney for Sean Lennon's siblings, but the provided context does not mention any specific song related to this. Therefore, based on the given information, the answer cannot be determined. FINAL: The provided context does not mention a song written by Paul McCartney for Sean Lennon's siblings.
What award was received by the person who authored Missing Person?	The person who authored "Missing Person" is Haig Bosmajian. However, the provided context does not mention any specific award received by him for this particular work. The context only states that he received the 1983 Orwell Award for his book "The Language of Oppression." FINAL: The provided context does not specify an award received by Haig Bosmajian for "Missing Person."
Who sings home alone tonight with the singer of you can crash my party anytime?	The song "Home Alone Tonight" is performed by Luke Bryan featuring Karen Fairchild. The singer of "You Can Crash My Party Anytime" is not mentioned in the provided context. FINAL: Luke Bryan and Karen Fairchild
What body of water does the river that Toongabbie Creek flows into flow into?	Toongabbie Creek is an urban watercourse in Greater Western Sydney and is part of the Parramatta River catchment. Therefore, the body of water that the river Toongabbie Creek flows into is the Parramatta River. FINAL: Parramatta River
How long was the city the Qing lost in 1853 the capital of the province where Yaxing Coach is headquartered?	The city the Qing lost in 1853 was Nanjing, which was the capital of Jiangsu Province. Yaxing Coach is headquartered in Nanjing. Therefore, the city was the capital of the province for as long as it served as the capital of Jiangsu Province. FINAL: Nanjing was the capital of Jiangsu Province for over 1,000 years.
When did the luxury division of the company that manufactures Toyopet Master change the body style of the RX 350?	The question refers to the luxury division of the company that manufactures Toyopet Master, but there is no direct information provided about Toyopet Master or its luxury division. However, the Lexus RX 350 is mentioned in the context of the Lexus brand, which is Toyota's luxury division. A facelift for the Lexus RX was unveiled at the March 2012 Geneva Motor Show. FINAL: 2012
Where is the origin of the river that Kraai River is a tributary of?	The Kraai River is a tributary of the Orange River. The origin of the Orange River is in the Drakensberg mountains in eastern South Africa. FINAL: The origin of the Orange River is in the Drakensberg mountains in eastern South Africa.
Where is the river that the engine pumped water from located in the world?	The river that the engine pumped water from is the Nile River, located in Egypt. FINAL: Egypt
Who was the first African American student to attend the school that owns Swayze Field?	The provided context does not mention any school that owns Swayze Field or identify the first African American student to attend such a school. Therefore, based on the given information, the question cannot be answered. FINAL: The question cannot be answered with the provided information.
Who wrote the show that Jimmy Olsen works for?	The show that Jimmy Olsen works for is "Adventures of Superman." The show was created by George W. Trendle and Robert Maxwell. However, based on the provided context, the specific writer of the show is not mentioned. FINAL: The context does not provide the name of the writer of the show that Jimmy Olsen works for.
What franchise of the pro soccer organization headquartered in New York, is based in the city that produced the album considered the true portrait of the No Wave movement?	The Brantford Galaxy Soccer Club is based in Brantford, Ontario, Canada. The No Wave movement, which is associated with New York's experimental music scene, is represented by the Eno-produced No New York compilation. However, the question refers to a soccer franchise headquartered in New York that is based in the city that produced the album considered the true portrait of the No Wave movement. The answer is the New York Cosmos, a soccer team based in New York City, which is the city associated with the No Wave movement. FINAL: New York Cosmos
When was one internet browser's version of Windows 8 made accessible?	The question refers to when an internet browser's version of Windows 8 was made accessible, but the provided context does not mention any specific internet browser's version being made accessible. Therefore, based on the given information, it is not possible to determine when an internet browser's version of Windows 8 was made accessible. FINAL: The provided context does not specify when an internet browser's version of Windows 8 was made accessible.
Who is the child of the Victim of Romance performer?	The question refers to a "Victim of Romance performer," but there is no direct information in the provided context about a performer who is a "victim of romance." However, if we interpret "Victim of Romance" as a reference to a character or individual involved in a romantic context, the most relevant figure might be Beyoncé, who performed the song "Love on Top" and was involved in various public and personal romantic contexts. However, without explicit information, this is speculative. FINAL: The context does not provide enough information to determine who the "child of the Victim of Romance performer" is.
At the end of which year did the tribes in the area where the Ashkenazi Jews can trace their ancestry to Jews who settled there invade the roman empire?	The tribes that settled in the area where Ashkenazi Jews can trace their ancestry to Jews who settled there invaded the Roman Empire in the 4th and 5th centuries. Specifically, the Ostrogoths, Visigoths, Alans, Vandals, and Suevi invaded the Roman Empire, with the Suevi settling in Galicia in 409. FINAL: 409
Who is the spouse of the person who voices Jarvis in Iron Man?	The person who voices J.A.R.V.I.S. in Iron Man is Paul Bettany. His spouse is Jennifer Morrison. FINAL: Jennifer Morrison
What is the name of the castle in the place of birth of the performer of When I Was a Boy?	The performer of "When I Was a Boy" is Jane Siberry. The question refers to the castle in the place of birth of the performer, but there is no mention of a castle in the place of birth of Jane Siberry in the provided context. FINAL: The context does not provide information about a castle in the place of birth of the performer of "When I Was a Boy."
How were people from whom new coins were a proclamation of independence by the Somali Muslim Ajuran Empire expelled from the natural boundary between Thailand and A Magne's country?	The question contains inaccuracies and references that do not align with the provided context. The text mentions the Somali Muslim Ajuran Empire and its economic independence from the Portuguese, but it does not discuss people being expelled from a natural boundary between Thailand and "A Magne's country." Therefore, the question cannot be answered based on the given information. FINAL: The question contains inaccuracies and cannot be answered with the provided context.
Who is the father of Nim's actress in Return to Nim's Island?	The actress who plays Nim in *Return to Nim's Island* is Bindi Irwin. Bindi Irwin is the daughter of Steve Irwin, a famous Australian television personality and wildlife expert. FINAL: Steve Irwin
What city shares a border with the place where the person who went to the state known for its Mediterranean climate during the gold rush worked?	The person who went to the state known for its Mediterranean climate during the gold rush was James W. Marshall, who worked in California. The city that shares a border with California is Oregon, but the question refers to a specific city. Based on the context, the answer is San Francisco, as it is a major city in California. FINAL: San Francisco
Besides areas of the country gaining control of Florida after the conflict Charles Edmund Nugent participated in, what other differences exist between where Carlos Barral died and Real Madrid?	Carlos Barral was a Spanish footballer who died in 1974. Real Madrid is a football club based in Madrid, Spain. The question seems to conflate different contexts, but no direct comparison can be made between the location of Carlos Barral's death and Real Madrid, as the latter is a team, not a geographical location. FINAL: The question contains inaccuracies and lacks clarity, making a direct comparison between the location of Carlos Barral's death and Real Madrid impossible.
In April 2010, what did the company owned by MV Macoma announce it was in the process of doing?	In April 2010, the company owned by MV Macoma announced it was in the process of selling its interests in four Nigerian oil fields. FINAL: selling its interests in four Nigerian oil fields.
Where does the body of water by the city that shares a border with Elizabeth Berg's birthplace and Ohio River meet?	The body of water by the city that shares a border with Elizabeth Berg's birthplace and the Ohio River is the Mamaroneck River. The Mamaroneck River meets Long Island Sound. FINAL: Long Island Sound
What was the wettest year in the second largest city in the state where Yuma's Library District is located?	The second largest city in the state where Yuma's Library District is located is Tucson, Arizona. The wettest year in Tucson was 1905 with 24.17 in (614 mm) of precipitation. FINAL: 1905
When was John's eldest son crowned?	John's eldest son, Henry III, ruled as king for the majority of the 13th century. However, the exact year of his coronation is not provided in the context. FINAL: The exact year when John's eldest son was crowned is not specified in the provided information.
What is the date of birth of the person who was part of Ratata?	The provided context does not mention anyone named "Ratata" or related information. Therefore, the date of birth of the person who was part of Ratata cannot be determined from the given information. FINAL: The date of birth of the person who was part of Ratata cannot be determined from the provided information.
What worldwide ranking does the university that Pedro Ramirez Vasquez attended hold?	Pedro Ramírez Vázquez attended the National Autonomous University of Mexico (UNAM), which was ranked 74th in the Top 200 World University Ranking published by Times Higher Education in 2006. FINAL: 74th
What company is the college where Wolf V. Vishniac studied a part of?	Wolf V. Vishniac studied at Brooklyn College and Stanford University. The company is not directly mentioned, but the question refers to the institution where he studied. The answer is: Brooklyn College and Stanford University. FINAL: Brooklyn College and Stanford University
How many ethnic minorities were looked at differently in the city where the headquarters of the company that Study in Brown's record label is a part of?	The question refers to the city where the headquarters of the company that owns the record label of *Study in Brown* is located. *Study in Brown* was released on EmArcy Records, which is part of the Blue Note Records family. However, the context provided does not mention the specific city where EmArcy Records or Blue Note Records is headquartered. Therefore, the question cannot be answered based on the given information. FINAL: The question cannot be answered with the provided information.
What is the position of the first governor general of India?	The first Governor-General of British India was Warren Hastings, and the first Governor-General of independent India was Louis Mountbatten. FINAL: The first Governor-General of British India was Warren Hastings, and the first Governor-General of independent India was Louis Mountbatten.
What Islamic denomination was the author of The Canon of Medicine thought to be a member of?	The author of *The Canon of Medicine*, Avicenna, was thought to be a member of different Islamic denominations according to various sources. Some scholars, like Dimitri Gutas, Aisha Khan, and Jules J. Janssens, argue he was a Sunni Hanafi. Others, such as Sharaf Khorasani, suggest he may have been an Ismaili, while a 14th-century Shia faqih, Nurullah Shushtari, believed he was a Twelver Shia. There is no definitive consensus. FINAL: Sunni Hanafi
Who is the spouse of the person who plays Batman in the Lego Batman Movie?	The spouse of the person who plays Batman in The Lego Batman Movie is Barbara Gordon. The actor who plays Batman is Will Arnett, and his real-life spouse is Rachel Dratch. FINAL: Rachel Dratch
What country does team that Pa Amadou Gai is a member of play for?	Pa Amadou Gai is a Gambian footballer. FINAL: Ghana
What is the experimental satellite which was the forerunner to the communication satellite of the operator of GSAT-7 called?	The experimental satellite that was the forerunner to the communication satellite of the operator of GSAT-7 is not explicitly mentioned in the provided context. However, based on the information given, the operator of GSAT-7 is likely the Indian Space Research Organisation (ISRO), and the forerunner could be ATS-6, which was an early experimental satellite. FINAL: ATS-6
What is the mouth of watercourse for the body of water where Bartram's Covered Bridge is located?	The Bartram's Covered Bridge is located over Crum Creek. The mouth of Crum Creek is where it flows into the Delaware River near Philadelphia, Pennsylvania. FINAL: The mouth of the body of water where Bartram's Covered Bridge is located is the Delaware River.
Who was the person who acquired the parent company of the music service Beyonce owns part of talking about in the song Cry?	The question refers to a song titled "Cry" and mentions a person who acquired the parent company of a music service Beyoncé owns part of. However, the context provided does not directly mention a song titled "Cry" by Beyoncé or a specific person acquiring a music service she owns part of. The context mentions Beyoncé's song "Heaven" and her association with Pepsi, but no direct link to a "Cry" song or a music service acquisition. FINAL: The information provided does not clearly identify the person in question.
When is Celebrity Big Brother coming to the network which, along with ABC and the network which broadcasted The Chisholms, is the other major broadcaster based in NY?	The question refers to a network based in New York, along with ABC and the network that broadcasted *The Chisholms*. Based on the context, the three major networks headquartered in New York are ABC, CBS, and NBC. *The Chisholms* is described as a TV series similar to *The Oregon Trail*, but no specific network is mentioned for it. However, since the question refers to the network that, along with ABC and the network of *The Chisholms*, is a major broadcaster in New York, the likely answer is CBS or NBC. Since *The Chisholms* is not
The MLB MVP award is given out after a competition where a team has played the most games. What is the longest win streak in the history of league that team plays for?	The question refers to the longest win streak in the history of a team in Major League Baseball (MLB). However, the provided context does not specify a particular team's win streak. The information given focuses on the All-Star Games, wild card teams, and other MLB-related topics, but it does not provide details about the longest win streak of a specific team. FINAL: The provided context does not contain information about the longest win streak of an MLB team.
Who is the other child of Chian Hsiao-chang's father?	The question refers to "Chian Hsiao-chang," but there is no information provided about this individual in the given context. Therefore, it is not possible to determine the other child of his father based on the available data. FINAL: The question cannot be answered with the provided information.
Who started the foundation that developed the Free Software Directory?	The Free Software Directory (FSD) is a project of the Free Software Foundation (FSF). The foundation that developed the Free Software Directory is the Free Software Foundation, founded by Richard Stallman. FINAL: Free Software Foundation
What notable pop artist started out his career on adult contemporary radio along with the performer of Illuminations?	The question refers to an artist who started their career on adult contemporary radio along with the performer of "Illuminations." However, the provided context does not mention "Illuminations" or an artist associated with it. Therefore, based on the given information, it is not possible to determine the answer. FINAL: The provided context does not contain enough information to answer the question.
On what date did Battle of the birth place of Marzuki Alie end?	The question refers to the "Battle of the birth place of Marzuki Alie," but there is no information provided about a battle related to Marzuki Alie or his birthplace in the given context. Therefore, the date cannot be determined from the provided information. FINAL: The date of the Battle of the birth place of Marzuki Alie cannot be determined from the provided information.
Who was the first president in the country where the Kamchatka Peninsula is located?	The Kamchatka Peninsula is located in Russia. The first president of Russia was Boris Yeltsin. FINAL: Boris Yeltsin
Who did Jokshan's father marry after the death of Sarah?	Jokshan's father, Abraham, married Keturah after the death of his first wife, Sarah. FINAL: Keturah
What was the person who provided evidence to suggest the existence of the neutron a participant of?	The person who provided evidence to suggest the existence of the neutron was James Chadwick, who was a participant in the Tube Alloys project and later the Manhattan Project. FINAL: James Chadwick was a participant in the Tube Alloys project and later the Manhattan Project.
Who plays the character that took the sword out of the stone in once upon a time?	The character who took the sword out of the stone in *Once Upon a Time* is not explicitly mentioned in the provided context. However, the question refers to a character in *Once Upon a Time* who is associated with a sword. Based on the context, Tony Amendola plays Geppetto, the creator of Pinocchio, but there is no direct mention of him taking a sword from a stone. FINAL: The provided context does not specify which character took the sword out of the stone in *Once Upon a Time*.
When is the next episode of the series that Steven the Sword Fighter is a part of being released?	The provided context does not mention a series featuring a character named Steven the Sword Fighter. Therefore, it is not possible to determine the release date of the next episode based on the given information. FINAL: The information provided does not include details about a series featuring "Steven the Sword Fighter."
Who plays the person with the same name as he who was caught by surprise in Once Upon a Time?	Tony Amendola plays the person with the same name as he who was caught by surprise in Once Upon a Time. FINAL: Tony Amendola
Who was played by the creator of Push, Nevada in Dazed and Confused?	Christin Hinojosa played the role of Sabrina in *Dazed and Confused*. She is the actress who was part of the film, but there is no mention of her being the "creator of Push, Nevada." Therefore, the question appears to contain inaccuracies or confusion. FINAL: Christin Hinojosa
Why was Common Sense, by the same author as Rights of Man, an important work?	"Common Sense" was an important work because it was a pamphlet written by Thomas Paine that argued for American independence from British rule. It played a crucial role in persuading the American public to support the revolutionary cause by presenting clear, logical arguments for independence. The work helped to galvanize support for the American Revolution and is considered a foundational text in the history of American political thought. FINAL: "Common Sense" was an important work because it argued for American independence from British rule and helped to galvanize support for the American Revolution.
When did the president of the Confederate States of America end his fight in the Mexican-American war?	The president of the Confederate States of America, Jefferson Davis, did not participate in the Mexican-American War, as the Confederacy was not yet established during that conflict (1846–1848). The question contains an error, as the Confederate States of America did not exist during the Mexican-American War. FINAL: The president of the Confederate States of America did not end his fight in the Mexican-American War, as the Confederacy did not exist during that conflict.
When was the last time the team Matthew Webb was a member of beat the winner of the 1894-95 FA Cup?	Matthew Webb was a member of Birmingham City. The winner of the 1894-95 FA Cup was Aston Villa. Birmingham City last beat Aston Villa in a competitive match during the 2010-11 season when they won 2-1 at Villa Park in the Premier League. FINAL: 2010-11 season
What does the name of the organization the Haiti national football team belongs to stand for?	The Haiti national football team belongs to the Federation of the Haitian Football (Fédération Haïtienne de Football), which is the governing body for football in Haiti. FINAL: Federation of the Haitian Football
What is the record label of the co-writer and recording artist of Permission to Fly?	The record label of the co-writer and recording artist of *Permission to Fly* is not explicitly mentioned in the provided context. However, the album *Permission to Fly* was released by Hollywood Records, as it is the second and final studio album by Jordan Pruitt, who was signed to Hollywood Records. FINAL: Hollywood Records
When did the location of the basilica named after the same saint at San Pietro in Ciel d'Oro become its own country?	The question contains inaccuracies and confusion. There is no known basilica named "San Pietro in Ciel d'Oro" that became its own country. The text mentions "San Vittore in ciel d'oro," a small shrine in Milan, but it was never a country. Additionally, no basilica named after the same saint as "San Pietro in Ciel d'Oro" is referenced in the provided context. FINAL: The question contains inaccuracies and cannot be answered based on the provided context.
Where did the person featured in the film Sammy Going South study or work?	The person featured in the film *Sammy Going South* is Edward G. Robinson. He studied at Townsend Harris High School and then the City College of New York. He later attended the American Academy of Dramatic Arts. FINAL: Edward G. Robinson studied at Townsend Harris High School and the City College of New York, and later attended the American Academy of Dramatic Arts.
What does the acronym of the organization Danish Football Union is part of stand for?	The question refers to the "Danish Football Union," but no specific acronym or organization is provided in the context. Therefore, the answer cannot be determined from the given information. FINAL: The provided context does not include information about the acronym of the organization the Danish Football Union is part of.
When did the team that won the AL East in 2017 last play in the event after which the MLB MVP is awarded?	The team that won the AL East in 2017 was the New York Yankees. The Yankees last played in the 2012 American League Championship Series. FINAL: 2012
What shares a border with the city where the person who went to the state where Baskin-Robbins was founded during the gold rush works?	The city where Baskin-Robbins was founded is Glendale, California. The person who went to the state where Baskin-Robbins was founded is not explicitly mentioned in the context. However, the question refers to the city where this person works. Since no specific person or city is mentioned, the answer cannot be determined from the given information. FINAL: The question cannot be answered with the provided information.
How many ethnic minorities were looked at differently in the city where the headquarters of the only group larger than Långa nätter's record label is located?	The question refers to the city where the headquarters of the only group larger than Långa nätter's record label is located. However, there is no information provided about Långa nätter or its record label's location. Therefore, the question cannot be answered based on the given context. FINAL: The question cannot be answered with the provided information.
What year did the country where the place of birth of Beatrice Heuser is located form an alliance with Japan?	The question refers to "Beatrice Heuser," but there is no information provided about her place of birth. The context mentions "Heuser Nunatak," named after Charles M. Heuser, but no details about Beatrice Heuser or her birthplace are given. Therefore, the question cannot be answered based on the provided information. FINAL: The question cannot be answered with the given information.
When did the death city of Taito Kantonen become the capital of the US state having the statue being the title of the various Latin Mother goddess?	Taito Kantonen was born in 1900 in Finland and died in 1993 in Springfield, Ohio. The question refers to a "death city," which is not clearly defined in the context. However, the city associated with Taito Kantonen is Springfield, Ohio. The statue mentioned, "Alma Mater," is located at the University of Illinois at Urbana-Champaign. The question seems to mix elements, but based on the information provided, the answer is: FINAL: 1839
Who is the president of the newly declared independent country that is part of the Commission of Truth and Friendship with the country where Sumardi was born?	The president of East Timor, which is part of the Indonesia–Timor Leste Commission of Truth and Friendship, is Francisco Guterres. The question refers to the country where Sumardi was born, but since no specific information about Sumardi's birthplace is provided, the answer focuses on the president of East Timor. FINAL: Francisco Guterres
What is the source of the river that is the mouth of the Caledon River?	The source of the river that is the mouth of the Caledon River is the Caledon River itself. The Caledon River is a tributary of the Orange River, and its mouth is where it joins the Orange River. FINAL: The source of the river that is the mouth of the Caledon River is the Caledon River.
A country's military branch, the equivalent of which in the US helped the Old West's local police, was unprepared for the invasion of the country that developed the ZH-29. The unprepared country was the only communist country to have an embassy where?	The country's military branch referred to is the Chinese National Revolutionary Army, which used the ZH-29 rifle. The US military branch that helped the Old West's local police was the Army. The unprepared country was China, which was the only communist country to have an embassy in the United States. FINAL: United States
What pantheon is the God of the underworld in ancient Egypt a part of?	The pantheon of ancient Egypt includes the God of the underworld, such as Osiris. FINAL: The pantheon of ancient Egypt.
What event caused the founder of Australia's liberal party to become Prime Minister?	The event that caused the founder of Australia's liberal party to become Prime Minister was the formation of the Free Trade Party in 1887, which later evolved into the Commonwealth Liberal Party. George Reid, a leader of the Free Trade Party, became Australia's fourth Prime Minister. FINAL: The formation of the Free Trade Party in 1887, which later evolved into the Commonwealth Liberal Party, led to the leadership of George Reid, who became Australia's fourth Prime Minister.
Who founded what Robert J Chassell is a member of?	Robert J. Chassell was one of the founding directors of the Free Software Foundation (FSF). FINAL: Free Software Foundation
Who is part of the group performing Ask the Fish?	The group performing "Ask the Fish" is Leftover Salmon. FINAL: Leftover Salmon
When did the city where the headquarters of Barton Premium Blend's manufacturer is located elect its first black mayor?	The city where the headquarters of Barton Premium Blend's manufacturer is located is Richmond, Virginia. Richmond elected its first black mayor, Dwight C. Jones, in 2009. FINAL: 2009
What is the meaning of the word that is also the majority religion in the area that became India when the country where Kot Haibat is located was created in the Arabic dictionary?	The word is "Hindu," which refers to the majority religion in the area that became India. In the Arabic dictionary, "Hindu" is derived from the Sanskrit word "Sindhu," referring to the Indus River. The term was used by Arabs to describe the people living beyond the Indus River. FINAL: Hindu
What was the population of the European country the Huguenots felt kinship for emigration to before this emigration?	The Huguenots felt kinship for the Dutch Republic, which had a population of approximately 2 million at the time of their emigration. FINAL: 2 million
What other notable work did the person who illustrated Shrek work on?	The person who illustrated Shrek is William Steig, who is best known for his picture book "Shrek!" which is the original source material for the film. FINAL: William Steig's notable work includes the picture book "Shrek!" which was the basis for the film.
Who gives out the prize named after the author of The Wealth of Nations?	The prize named after the author of *The Wealth of Nations* is the Adam Smith Prize, which is given by the University of Cambridge. FINAL: The University of Cambridge.
What is the region of the country of Sa Thầy and the territory of the Zone 5 Military Museam located?	Sa Thầy is a district in Kon Tum Province, Vietnam, located in the Central Highlands region. The Zone 5 Military Museum is located in Da Nang, Vietnam. FINAL: Sa Thầy is in the Central Highlands region of Vietnam, and the Zone 5 Military Museum is in Da Nang, Vietnam.
When is Celebrity Big Brother coming to the network which, along with ABC and the network which released Stand Against Fear, is the other major broadcaster based in NY?	Celebrity Big Brother was set to air in early 2018 on CBS. CBS is the network based in New York, along with ABC and the network that released "Stand Against Fear," which is also CBS. FINAL: 2018
Which section of the emergency response guidebook of the continent where bison antiquus are found contains the response guides?	The question refers to an "emergency response guidebook" but no such guidebook is mentioned in the provided context. The term "emergency response" appears in the section about the AIR-ONE Emergency Response Coalition, but there is no mention of a guidebook related to bison antiquus or the continent where they were found. FINAL: The provided context does not mention an emergency response guidebook related to bison antiquus.
Who was in charge in the country that is the natural boundary between the country that hosted the tournament and the country where A Don is located?	The country that is the natural boundary between the country that hosted the tournament (India, for the 2017 FIFA U-17 World Cup) and the country where A Don is located (Laos) is Myanmar (Burma). The answer is Myanmar. FINAL: Myanmar
Who did the creator of Push, Nevada play in Dazed and Confused?	The creator of *Push, Nevada* is Ben Affleck. In *Dazed and Confused*, Ben Affleck played the role of Fred O'Bannion. FINAL: Ben Affleck played Fred O'Bannion in Dazed and Confused.
How many people were in the British colonies where bison antiquus could be found?	The provided context does not specify the population of the British colonies where bison antiquus could be found. The information given focuses on the evolution and characteristics of bison antiquus, not on the population of the colonies. FINAL: The provided context does not contain information about the population of the British colonies where bison antiquus could be found.
During British rule, what wood was mostly produced in the nation that's the boundary between the host of the 2020 AFC U-23 Championship qualification, and the nation containing A Don?	During British rule, the nation that is the boundary between the host of the 2020 AFC U-23 Championship qualification (Thailand) and the nation containing A Don (likely referring to a location in Myanmar) primarily produced teak. FINAL: teak
When did the birthplace of the Here Come the Girls performer elect its first black mayor?	The question refers to the "Here Come the Girls performer," which is not directly mentioned in the provided context. However, based on the context, the first black mayor mentioned is Reverend A. Carl Prince, who was elected to the Richmond City Council, not as a mayor. The first black mayor in the context is not explicitly named. FINAL: The context does not provide information about the birthplace of the "Here Come the Girls performer" or when it elected its first black mayor.
When did Nissan along with the company that makes the Comstar wheel and the company that makes the Scion open US assembly plants?	Nissan, the company that makes the Comstar wheel (Honda), and the company that makes the Scion (Short Brothers) opened US assembly plants in different periods. However, the specific question about when they opened US assembly plants is not directly addressed in the provided context. FINAL: The provided context does not specify when Nissan, Honda (Comstar wheel), or Short Brothers (Scion) opened US assembly plants.
What is the mascot of William J. Ripple's university?	The mascot of William J. Ripple's university, Oregon State University, is the Oregon State Beavers. FINAL: Oregon State Beavers
Who is the father of Edward Baring, 1st Baron Revelstoke's father?	The father of Edward Baring, 1st Baron Revelstoke's father is Henry Baring of Cromer Hall. FINAL: Henry Baring of Cromer Hall.
Who is the federal leader of the party that Pierre-Hugues Boisvenu is a member of?	Pierre-Hugues Boisvenu is a member of the Conservative Party of Canada. The federal leader of the Conservative Party during his time in the Senate was Stephen Harper, although the question refers to the current leader. As of the provided context, the leader at the time of the 2017 leadership election was Andrew Scheer. FINAL: Andrew Scheer
In True Grit, who did the star play?	In the film *True Grit*, the star, John Wayne, played the role of Rooster Cogburn, a tough and cynical U.S. Marshal. FINAL: John Wayne played Rooster Cogburn.
What is the average yearly income for someone with the same nationality as the producer of The Wild Women of Chastity Gulch?	The producer of *The Wild Women of Chastity Gulch* is Aaron Spelling, who was American. The average household income in the U.S. is not directly provided, but the mean household income was $72,641 according to the 2014 Census Bureau data. FINAL: $72,641
Who is the spouse of the child of Peter Andreas Heiberg?	The spouse of the child of Peter Andreas Heiberg is not explicitly mentioned in the provided context. However, based on the information given, Johan Ludvig Heiberg is the child of Peter Andreas Heiberg. The context does not provide details about Johan Ludvig Heiberg's spouse. FINAL: The spouse of the child of Peter Andreas Heiberg is not mentioned in the provided information.
What is the name of the castle found in the birthplace of the performer of Falling Out?	The question refers to the "performer of Falling Out," but no specific performer or "Falling Out" is mentioned in the provided context. Therefore, there is not enough information to determine the name of the castle in question. FINAL: The provided context does not contain sufficient information to answer the question.
When was the region that lies to the north of where Israel is located and where Shamal is located established?	The question refers to the region north of Israel where the Shamal wind is located. The Shamal wind affects Iraq and the Persian Gulf states, including Saudi Arabia and Kuwait. However, the specific region north of Israel where the Shamal wind is located is not clearly defined in the provided context, and no information is given about when this region was established. FINAL: The question cannot be answered with the provided information.
Who is the federal leader of Leon Benoit's political party?	Leon Benoit was a member of the Conservative Party of Canada. The federal leader of the Conservative Party of Canada during his time in office (2004–2015) was Stephen Harper. FINAL: Stephen Harper
In what league did Jose Miranda's team compete?	Jose Miranda's team, the Tucson Amigos, competed in the Southwest Independent Soccer League during the 1989–90 season. Later, he played for the New Mexico Chiles in the USISL Select League and the Arizona Sahuaros in the USISL D-3 Pro League. FINAL: USISL D-3 Pro League
Who was the US physicist who directed the project that developed the first atomic bomb at the same place where Feynman worked on Water Boiler?	The US physicist who directed the project that developed the first atomic bomb at the same place where Feynman worked on Water Boiler was J. Robert Oppenheimer. He was the director of the Los Alamos Laboratory, where Feynman contributed to the Manhattan Project, including work on the "Water Boiler" experiment. FINAL: J. Robert Oppenheimer
When did the performer of I Love Life, Thank You release Best Day Ever?	Mac Miller released "Best Day Ever" on March 11, 2011. FINAL: 2011
Which county shares a border with the county where the most populous city in the state where WEKL operates is located?	The question refers to the county where the most populous city in the state where WEKL operates is located. However, the context provided does not mention WEKL or the specific state it operates in. Therefore, it is not possible to determine which county shares a border with that county based on the given information. FINAL: The provided context does not contain sufficient information to determine the county that shares a border with the county where the most populous city in the state where WEKL operates is located.
Who was honoured with the highest award a citizen without military experience in India before becoming a president?	The highest civilian award in India, the Bharat Ratna, was awarded to A.P.J. Abdul Kalam, who did not have military experience before becoming president. He was honored with the Bharat Ratna in 1997. FINAL: A.P.J. Abdul Kalam
Why did Roncalli leave the place where artist who made The Bacchanal of the Andrians died?	Roncalli left the place where the artist who made *The Bacchanal of the Andrians* died because he was summoned to the final ballot of the conclave. FINAL: He was summoned to the final ballot of the conclave.
In 2010, what was the population of the city where the Yongle emperor greeted the person to whom the edict was addressed?	The question refers to the Yongle Emperor greeting someone to whom an edict was addressed, but it does not provide enough information to determine the specific city or its population in 2010. FINAL: The question lacks sufficient information to determine the population of the city in 2010.
When did the city the 2010 Sony Ericsson Open – Men's Singles winner is from become the capitol of the state Knowles is from?	Sloane Stephens, the 2010 Sony Ericsson Open – Men's Singles winner, is from the United States. However, the question seems to mix up information. The city associated with the 2010 Sony Ericsson Open (now known as the Miami Open) is Miami, Florida. The state associated with Beyoncé Knowles (Suga Mama) is Texas. The capital of Texas is Austin. Austin became the capital of Texas in 1839. FINAL: 1839
Who created the main character of The Godfather?	The main character of *The Godfather*, Vito Corleone, was created by Mario Puzo. FINAL: Mario Puzo
What gun was used by Pollack's director in Westworld?	The question refers to "Pollock," a 2000 film directed by and starring Ed Harris, but there is no mention of a gun used by the director in the context provided. The content discusses various historical guns and anti-aircraft warfare, but not in relation to the film or its director. FINAL: The context does not provide information about a gun used by the director of "Pollock."
When does the new season of the show starring the cast member of Pizza Man start?	The question refers to a "cast member of Pizza Man," but no specific show or context about a "Pizza Man" character or show is provided in the given content. Therefore, it is not possible to determine when the new season of the show starring this cast member starts. FINAL: The question cannot be answered with the provided information.
What was the name of the Hero and the Terror star's character in Walker, Texas Ranger?	The question refers to the film "Hero and the Terror," in which Chuck Norris stars as Danny O'Brien. However, there is no direct mention of the character's name in the context provided in relation to "Walker, Texas Ranger." FINAL: The character's name in "Hero and the Terror" is Danny O'Brien.
What is the position of the person impeached in England for acts committed as governor general of India?	Edmund Burke was involved in the impeachment efforts against Warren Hastings, who was the Governor-General of Bengal. The impeachment process in England, as outlined in the context, involves the House of Commons bringing charges against an official, followed by a trial in the House of Lords. In the case of Hastings, the trial was the culmination of years of unrest and deliberation, with Burke playing a significant role in investigating and reporting on the issues surrounding the East India Company and its governance in India. The position of the person impeached, in this case, Hastings, would be that of a high-ranking official facing legal charges for alleged misconduct during their tenure
What was the form of the language that the last name Sylvester comes from, used in the era of the king who united the 9th century tribes, later known as?	The form of the language is Medieval Latin, which was used during the era of Charlemagne, who united the 9th-century tribes. FINAL: Medieval Latin
When was the celestial body that transforms nuclear potential energy to other forms of energy discovered to be the center of the solar system?	The question refers to the discovery of the Sun as the center of the solar system, which is attributed to the heliocentric model proposed by Nicolaus Copernicus in the 16th century. However, the provided context does not mention this discovery directly. FINAL: The context does not provide information about the discovery of the celestial body that transforms nuclear potential energy to other forms of energy as the center of the solar system.
The actor who plays the father in I Can Only Imagine has a wife played by who in another film?	In the film *I Can Only Imagine*, the father is played by Dennis Quaid. His wife in the film is portrayed by Madeline Carroll. Madeline Carroll also starred in *The Orville*, but there is no direct mention of her playing the wife of Dennis Quaid in another film. Therefore, based on the provided information, the answer is not explicitly stated. FINAL: The information provided does not specify the actress who plays the wife of Dennis Quaid in another film.
Who is the actor who plays the title character in The Bourne Betrayal?	The question refers to "The Bourne Betrayal," which is a novel and not a film. Therefore, there is no title character in a film adaptation of "The Bourne Betrayal" as of now. However, if the question is referring to the actor who plays Jason Bourne in the film series, the answer would be Matt Damon. But since "The Bourne Betrayal" is a novel and not a film, there is no specific actor associated with it. FINAL: The Bourne Betrayal is a novel, not a film, so there is no actor who plays the title character in a film
Kiwil's birth country participated in a Commission of Truth and Friendship. Who is the president of the other country that participated?	The Indonesia–Timor Leste Commission of Truth and Friendship was established by Indonesia and East Timor. The president of Indonesia at the time was Susilo Bambang Yudhoyono. FINAL: Susilo Bambang Yudhoyono
what was the name of the producer of Forest Warrior walker texas ranger?	The question appears to mix elements from different contexts. "Forest Warrior" is a 1996 film starring Chuck Norris, but there is no mention of a "Walker Texas Ranger" connection in the provided content. The producer of "Forest Warrior" is not explicitly stated in the given information. FINAL: The producer of "Forest Warrior" is not mentioned in the provided context.
Who was picked over the player with the highest point average in NBA history in the draft?	The player with the highest point average in NBA history is Wilt Chamberlain, who averaged 50.4 points per game in the 1961-62 season. However, the question refers to the draft, and Wilt Chamberlain was not drafted; he was signed directly out of high school by the Philadelphia Warriors in 1959. Therefore, no one was picked over him in the draft. FINAL: No one was picked over Wilt Chamberlain in the draft, as he was not drafted.
In The Godfather, who does the producer of Mistress play?	The question is unclear and contains unrelated information. However, based on the provided context, there is no direct information about the producer of "Mistress" or their role in "The Godfather." FINAL: The question cannot be answered with the given information.
Of which river is the river Kichi Sipi Bridge crosses a tributary?	The Kichi Sipi Bridge crosses a tributary of the Nelson River. FINAL: The Kichi Sipi Bridge crosses a tributary of the Nelson River.
What team was Anna Benson's husband on?	The question refers to "Anna Benson's husband," but there is no information provided about Anna Benson or her husband's team in the given context. FINAL: The context does not provide information about Anna Benson's husband or the team he was on.
For what did the singer of Moon River in Breakfast at Tiffany's win a Tony?	The singer of "Moon River" in *Breakfast at Tiffany's* was Audrey Hepburn, but the question refers to a "Tony," which is a reference to the Tony Award. Audrey Hepburn did not win a Tony for "Moon River." Therefore, there is no direct connection between the song "Moon River" and a Tony Award in this context. FINAL: The singer of "Moon River" did not win a Tony.
Which years did the war with Antigone's spouse occur?	The question refers to a war involving Antigone's spouse, but the provided context does not mention any specific war related to Antigone's spouse. Therefore, there is no information available to determine the years of such a war. FINAL: The provided context does not contain information about a war involving Antigone's spouse.
Who introduced a system of musical notation in the 14th century used in the area where the Ottoman slave trade flourished?	Hampartsoum Limondjian introduced a system of musical notation used in the area where the Ottoman slave trade flourished. FINAL: Hampartsoum Limondjian
What was the wettest year of the city located in the county that also contains Helvetia?	The city located in the county that also contains Helvetia is Tucson, Arizona. However, the provided context does not include information about the wettest year for Tucson. FINAL: The information about the wettest year for Tucson is not available in the provided context.
What were the Genesis's advantages over the platform that plays Sunman?	The context provided does not mention a platform that plays "Sunman," making it impossible to determine the specific advantages of the Genesis over such a platform. FINAL: The question cannot be answered with the given information.
Which two features were played up the Microsoft executive who announced IPTV in 2007?	The two features played up by the Microsoft executive who announced IPTV in 2007 were the built-in Blu-ray disc player and HD compatibility. FINAL: built-in Blu-ray disc player and HD compatibility
According to Pew in 2010, what percent of Nigeria's population was the people who conquered the Eastern provinces of the Byzantine empire?	The question refers to the people who conquered the Eastern provinces of the Byzantine Empire, which historically were the Arab Muslims during the early Islamic conquests. However, the provided context does not mention Nigeria's population or religious demographics. Therefore, the question cannot be answered based on the given information. FINAL: The provided context does not contain information about Nigeria's population or the percentage of people who conquered the Eastern provinces of the Byzantine Empire.
What county is the city that shares a border with the state capital of the state where Velma Barfield was born located in?	The question refers to Velma Barfield, who was born in North Carolina. The state capital of North Carolina is Raleigh. The city that shares a border with Raleigh is Cary. Cary is located in Wake County. FINAL: Wake County
What artist was featured on Smooth Jazz Stations, along with Kenny G and the performer of The Dance?	The artist featured on Smooth Jazz Stations, along with Kenny G and the performer of *The Dance*, is Dave Koz. FINAL: Dave Koz
When was the country Merewalh was a citizen of abolished?	The question refers to a country named "Merewalh," which is not mentioned or described in the provided context. Therefore, there is no information available to determine when the country Merewalh was a citizen of was abolished. FINAL: The question cannot be answered with the given information.
Who is the father of the artist who painted Head I?	The father of the artist who painted *Head I* is not explicitly mentioned in the provided context. However, the artist is Francis Bacon, an Irish-born British figurative artist. The context does not provide information about his father. FINAL: The context does not provide the name of the father of Francis Bacon, the artist who painted *Head I*.
What is the body of water that St. Matthew Island located in named after?	The body of water that St. Matthew Island is located in is named after Sir Thomas Lewis, an English physiologist. The body of water is called Lewis Sound. FINAL: Lewis Sound
What percentage did the Dow Jones fall in the historical era where the book takes place?	The book "To Kill a Mockingbird" is set during the Great Depression. The Dow Jones Industrial Average fell 54.7% during that period. FINAL: 54.7%
What is the name of the famous bridge located in the birthplace of the composer of Nulla in mundo pax sincera?	The composer of "Nulla in mundo pax sincera" is Antonio Vivaldi. The famous bridge located in the birthplace of Antonio Vivaldi, who was born in Venice, Italy, is the Rialto Bridge. Answer: Rialto Bridge FINAL: Rialto Bridge
Who did Hay work for after being hired by his other notable influence regarding resource distribution other than Max Weber?	Friedrich Hayek was influenced by Lionel Robbins, who invited him to join the faculty at the London School of Economics (LSE). FINAL: Lionel Robbins
Who is the president of the newly declared independent country part of the Commission of Truth and Friendship with the country where Gado-gado is found?	The president of East Timor, which is part of the Indonesia–Timor Leste Commission of Truth and Friendship, is Francisco Guterres. The country where Gado-gado is found is Indonesia. FINAL: Francisco Guterres
What province shares a border with the province where Lago District is located?	The question refers to the Lago District in Mozambique, which is bordered by Lake Nyasa, Lichinga, Sanga District, and Tanzania. Among these, Tanzania is a country, not a province. However, based on the context provided, the province in Tanzania that shares a border with Lago District is not explicitly mentioned. Therefore, the answer cannot be determined from the given information. FINAL: Cannot be determined from the provided context.
The language of a film titled and about the city where Tito was interred is the co-official language of a county. In what city is the national Radio and Television broadcaster for that country?	The film titled "Belgrade" is about the city where Tito was interred, which is Belgrade. The co-official language of Serbia (where Belgrade is located) is Serbian, but the question refers to a county. Since the context does not specify a county, the answer focuses on the city. The national Radio and Television broadcaster for Serbia is in Belgrade. FINAL: Belgrade
When did the team that Jamie Ward is a member of win the FA Cup?	Jamie Ward is a member of Nottingham Forest F.C. The team that Jamie Ward is a member of, Nottingham Forest, won the FA Cup in 1898 and 1959. FINAL: 1898 and 1959
What is the meaning of the name of the city where the Yongle emperor greeted the person to whom the edict was addressed?	The city is Nanjing. The name Nanjing means "Southern Capital." FINAL: Southern Capital
When did the country that has the same co-official language as that of the movie about the city where Petar Trifunović died send an independent team to the Olympics?	The country that has the same co-official language as the movie about the city where Petar Trifunović died is Serbia. Serbia's independent team first participated in the Olympics in 2008. FINAL: 2008
Where was Tyler MacDuff's child educated?	Tyler MacDuff's child, Dana MacDuff, was educated at Blair International Baccalaureate School in Pasadena. FINAL: Blair International Baccalaureate School in Pasadena.
How many miles are there between Nashville and the place in Tennessee where Mark Day was born?	Mark Day was born in Clarksville, Tennessee. The distance between Nashville and Clarksville is approximately 45 miles. FINAL: 45
What is the name of the castle in the city where the performer of Sleep is the Enemy was formed?	The city where the performer of "Sleep Is the Enemy" was formed is Toronto. The castle in Toronto is Casa Loma. FINAL: Casa Loma
Who was in charge of the area where Pavilion Welgelegen is located?	The question refers to Pavilion Welgelegen, but no specific information about its location or the person in charge is provided in the given context. Therefore, the answer cannot be determined from the provided data. FINAL: The information required to answer the question is not available in the provided context.
When was the last time the team that Malcolm Briggs was a member of beat the 1894-95 FA cup winner?	Malcolm Briggs was a member of Birmingham City. The 1894–95 FA Cup winner was Aston Villa. There is no direct information provided about when Birmingham City last beat Aston Villa. However, based on the context given, the answer cannot be determined. FINAL: Cannot be determined from the provided information.
Where was Obama's opponent in his first election educated?	Barack Obama's opponent in his first election, which was for the Illinois State Senate in 1996, was David G. H. H. Smith. However, the provided context does not mention where Obama's opponent was educated. FINAL: The provided context does not specify where Obama's opponent in his first election was educated.
What county was Tim Dubois born in?	Tim Dubois was born in Southwest City, Missouri. FINAL: Missouri
Who did the original voice of the character Mila Kunis plays on Family Guy?	The original voice of the character Mila Kunis plays on Family Guy, Meg Griffin, was Lacey Chabert. FINAL: Lacey Chabert
Who many players can play in the game based on the show that Steven the Sword Fighter is part of?	The game based on the show featuring Steven the Sword Fighter is "Steven Universe: Save the Light," which allows four players to be equipped in a party at a time. FINAL: 4
with what movie did Mary Philips' husband win his only oscar?	Mary Philips' husband was Humphrey Bogart. He won his only Oscar for the film *The African Queen*. FINAL: The African Queen
According to QS World University Rankings, what is the ranking of the place that employed Said Ashour?	The provided context does not mention Said Ashour or any information related to the QS World University Rankings. Therefore, it is not possible to determine the ranking of the place that employed Said Ashour based on the given information. FINAL: The information required to answer the question is not available in the provided context.
Who is the child of the president who suffered a major defeat when the body which approves members of the American cabinet refused to ratify the Versailles treaty?	The question refers to the President of the United States who faced a major defeat when the Senate refused to ratify the Treaty of Versailles. This president was Woodrow Wilson. His child, in this context, would be one of his children, but the question does not specify which one. However, the most well-known child of Woodrow Wilson is Margaret Woodrow Wilson. FINAL: Margaret Woodrow Wilson
Which competition did the performer of Cadore 33 participated?	The performer of *Cadore 33* is Sergio Dalma, a Spanish singer. The question refers to a competition, but the context provided does not mention Sergio Dalma participating in any specific competition. Therefore, based on the given information, there is no direct answer to this question. FINAL: The context does not provide information about a competition participated in by the performer of *Cadore 33*.
The country that Eyal Golan is from lies within a certain region. When was the area that lies immediately to the north of that region established?	Eyal Golan is from Israel. The area immediately to the north of Israel is Lebanon. Lebanon was established as a country in 1920, following the dissolution of the Ottoman Empire. FINAL: 1920
What is the capital of the county that shares a border with the county where WAPL is licensed to broadcast?	The question refers to the county where WAPL is licensed to broadcast, which is Appleton, Wisconsin. However, the question asks for the capital of the county that shares a border with this county. Appleton is in Outagamie County, Wisconsin. The capital of Outagamie County is Appleton itself. However, if the question is referring to the state capital, it would be Madison. Since the question is about the county's capital, and Appleton is the county seat, the answer is Appleton. FINAL: Appleton
What was the percentage the Dow Jones fell during the time the first cake mix come out?	The question refers to the time when the first cake mix came out, but the context provided does not mention any specific cake mix or its release date. Therefore, there is no information to determine the percentage the Dow Jones fell during that time. FINAL: The question cannot be answered with the provided information.
Who constituted the free corps in the country that the Free State of Mecklenburg-Schwerin is located in?	The question refers to the Free State of Mecklenburg-Schwerin, which is not directly mentioned in the provided context. However, based on historical knowledge, the Free State of Mecklenburg-Schwerin was a short-lived state in Germany after World War I. The "free corps" (Freikorps) were paramilitary groups that emerged in Germany during the early 1920s, often composed of former soldiers and right-wing activists. They were active in various regions of Germany, including Mecklenburg-Schwerin, but the specific composition of these groups varied by region. FINAL
Who is the spouse of the person who played Father in I Can Only Imagine?	The spouse of the person who played Father in *I Can Only Imagine* is Louise M. Spooner. FINAL: Louise M. Spooner
What county is the city that shares a border with the state capital of the state where the RBC Heritage Golf Tournament is played in?	The RBC Heritage Golf Tournament is played in Charleston, South Carolina. The state capital of South Carolina is Columbia. Charleston is located in Charleston County. FINAL: Charleston County
Where is the starting meridian for the longitude system on the world map?	The starting meridian for the longitude system on the world map is the Prime Meridian, which passes through the Royal Observatory in Greenwich, London. It is defined as 0° longitude. FINAL: The starting meridian for the longitude system is the Prime Meridian at 0° longitude, located in Greenwich, London.
When did the town WLUJ is licensed in become capitol of the state in which a statue of a Latin mother goddess is located?	The question refers to a town named "WLUJ," which is not mentioned in the provided context. Therefore, there is no information available to determine when "WLUJ" became the capital of a state where a statue of a Latin mother goddess is located. FINAL: The question contains incorrect or incomplete information, as "WLUJ" is not identified in the context, and no direct connection is provided between a Latin mother goddess statue and a specific state's capital.
What does the US believe caused the country where Ercole Manfredi died to help Japan?	The provided context does not mention where Ercole Manfredi died or any direct connection between the US belief and a country helping Japan. Therefore, based on the given information, it is not possible to determine what the US believes caused the country where Ercole Manfredi died to help Japan. FINAL: The question cannot be answered with the provided information.
What is the name of the major basketball team from the city where the Yongle emperor greeted the person to whom the edict was addressed?	The Yongle Emperor greeted the Karmapa, and the edict was addressed to him. The city where this occurred is Nanjing. The major basketball team from Nanjing is the Nanjing Monkey Kings. FINAL: Nanjing Monkey Kings
What are the Genesis's advantages over the game platform with a 3 letter name abbreviation, featuring a game named after the league that chooses where the Super Bowl is held?	The question refers to the Nintendo Entertainment System (NES), which has a three-letter abbreviation. The Genesis, or Sega Mega Drive, was a 16-bit console that offered superior processing power, better graphics, and a more advanced sound system compared to the NES. The game "NFL" is a football video game, and the Super Bowl is chosen by the NFL. FINAL: The Genesis offered superior processing power, graphics, and sound compared to the NES.
When was the last time George Hollis's team beat the 1894-95 FA Cup winner?	George Hollis was a goalkeeper for Small Heath (now Birmingham City) during the 1893–94 season, when they were part of the Football Alliance. The 1894–95 FA Cup winner was Aston Villa. There is no direct information about a match between Small Heath and Aston Villa during that time, but based on the context provided, there is no record of Small Heath defeating Aston Villa in the FA Cup. FINAL: There is no record of George Hollis's team defeating the 1894-95 FA Cup winner.
When does regular season start in the league where a team has played the most games in the competition where they give out the MLB MVP award after?	The regular season in Major League Baseball (MLB), the league where the MLB MVP award is given out, typically starts in early April. FINAL: early April
What does seal stand for in the operator of the list of destroyer classes of the operator of the USS Acme seals?	The term "seal" in "USS Acme (MSO-508)" refers to a mine-sweeping vessel, not an animal. The question appears to conflate different meanings of "seal." FINAL: The term "seal" in the context of the USS Acme refers to a mine-sweeping vessel, not an animal.
What did the person who discovered that all atoms of an element have the same number of protons participate in?	The person who discovered that all atoms of an element have the same number of protons was James Chadwick. He participated in the Tube Alloys project during the Second World War to build an atomic bomb. FINAL: the Tube Alloys project
What specific part of the religious scripture that can be fit into a large, loose definition of legal literature does this document reference for Mary?	The document references the "revelation" (waḥy) and "sent down" (tanzīl) aspects of the Quran, which can be considered part of legal literature in a broad sense. FINAL: The document references the "revelation" (waḥy) and "sent down" (tanzīl) aspects of the Quran.
When did Burma change its name to the country that is the natural boundary between the country that hosted the tournament and the country where A Don is located?	Burma changed its name to Myanmar in 1989. The country that hosted the tournament is India, and the country where A Don is located is not specified in the context. However, based on the information provided, the answer is 1989. FINAL: 1989
Which affiliate left the employer of Don Newman due to an agreement with CHBC?	The question refers to an agreement involving CHBC and another entity, but the context provided does not mention "Don Newman" in relation to any affiliate leaving an employer. Therefore, based on the given information, the answer cannot be determined. FINAL: The provided context does not mention "Don Newman" or an affiliate leaving his employer due to an agreement with CHBC.
Who is the spouse of the actor of Ethan in A Dog's Purpose?	The actor who played Ethan in *A Dog's Purpose* is KJ Apa. KJ Apa's spouse is Clara Wu. FINAL: Clara Wu
When was the person who Messi's goals in Copa del Rey compared to get signed by Barcelona?	The person whose goals Messi's goals in Copa del Rey were compared to is Diego Maradona. Messi's goal in the Copa del Rey match against Getafe in 2009 was compared to Maradona's goal of the century. FINAL: 2009
How long had the city at the center of East Asia during the North-South division been the capitol city of Yaxing Coach's headquarters location?	The city at the center of East Asia during the North-South division was Nanjing, which was the capital of the Southern dynasties. Yaxing Coach's headquarters is in Yangzhou. Nanjing was not the capital of Yangzhou. Therefore, the city was not the capital of Yaxing Coach's headquarters location. FINAL: The city was not the capital of Yaxing Coach's headquarters location.
Over how many slaves ended up getting emancipated on the birth place of Francis Watson?	The question refers to "Francis Watson," but there is no clear historical figure by that name associated with emancipation. However, if the question is referring to the Emancipation Proclamation or a related event, the number of enslaved people emancipated in the United States was approximately 3.5 million, as outlined in the Emancipation Proclamation. FINAL: Approximately 3.5 million slaves were emancipated in the United States.
Who is the host of Who Wants to be a Millionaire in the country that MacGruder and Loud's creator is from?	Jorge Gabriel was the host of "Who Wants to Be a Millionaire?" in Portugal. MacGruder and Loud's creator, Aaron Spelling, was from the United States. However, the question refers to the host of "Who Wants to Be a Millionaire?" in the country of the creator of "MacGruder and Loud," which is the United States. The U.S. version of "Who Wants to Be a Millionaire?" was hosted by Regis Philbin, Meredith Vieira, Cedric the Entertainer, Terry Crews, and Chris Harrison. FINAL: Regis Philbin, Meredith Vieira
what is the former name of the country where the airport that Lion Air is part is located?	The former name of the country where the airport mentioned in the context of Lion Air is located is Indonesia. FINAL: Indonesia
What does the US believe caused the country where Bodindecha was born to help Japan?	The U.S. believes that the country where Bodindecha was born, Thailand, was not an ally of the Axis and was forced into actions by Japanese blackmail before being occupied by Japanese troops. The U.S. treats Thailand as a country that was occupied, not as a former enemy. FINAL: The U.S. believes Thailand was forced into actions by Japanese blackmail before being occupied by Japanese troops.
What is the Till dom ensamma performer's birth date?	Mauro Scocco was born on 11 September 1962. FINAL: 11 September 1962
Who played Seether's performer in willy wonka and the chocolate factory?	The question refers to "Seether's performer," but there is no mention of a character or performer named Seether in the provided context related to *Willy Wonka & the Chocolate Factory*. Therefore, the answer cannot be determined from the given information. FINAL: The question cannot be answered based on the provided context.
When was the region that lies to the north of where Israel is located and where The World is located established?	The region to the north of Israel is not directly mentioned in the context, and "The World" is an artificial archipelago near Dubai, which is in the United Arab Emirates. The question combines unrelated regions, making it impossible to determine an establishment date based on the provided information. FINAL: The question cannot be answered with the given context.
Who was the child of the 28th U.S. president?	The child of the 28th U.S. president, Woodrow Wilson, was Jessie Woodrow Wilson Sayre. FINAL: Jessie Woodrow Wilson Sayre
In the Arabic dictionary what is the meaning of the word that also refers to the majority religion in India when the country containing the Neolithic graveyards was created?	The word "Hindu" in Arabic is referred to as "Al-Hind," which historically denoted the region of India. The majority religion in India is Hinduism. The country containing the Neolithic graveyards is not explicitly mentioned, but if referring to the Indian subcontinent, the answer is Hinduism. FINAL: Hinduism
Who won the 1993 Indy Car Race in the largest city of the state where the library district and the city of Yuma share the same county?	The question refers to the city of Yuma and the Yuma County Library District, which are located in Yuma County, Arizona. The largest city in Arizona is Phoenix. However, the question seems to conflate the "largest city of the state where the library district and the city of Yuma share the same county" with the 1993 Indy Car Race. The 1993 Indy Car Race mentioned is the "Desert Diamond West Valley Phoenix Grand Prix," which took place in Phoenix, Arizona. The winner of that specific race is not provided in the context. FINAL: The winner of the 1
What was the language from which the last name Sylvester originates during the era of the Frankish king who formed the Holy Roman Empire later known as?	The last name Sylvester originates from the Latin adjective silvestris, meaning "wooded" or "wild," which comes from the noun silva, meaning "woodland." This is during the era of the Frankish king Charlemagne, who later formed the Holy Roman Empire. FINAL: Latin