Who developed the eponymous character from the series that contains Mickey's Safari in Letterland?	The question refers to "Mickey's Safari in Letterland," but none of the provided paragraphs mention this specific series or its developer. Therefore, the answer cannot be determined from the given information. FINAL: The provided information does not specify the developer of "Mickey's Safari in Letterland."
What county is the city that shares a border with the state capital of the state where Zubly Cemetery is located in?	The Zubly Cemetery is located in Aiken County, South Carolina. The state capital of South Carolina is Columbia. The city that shares a border with Columbia is Lexington County. FINAL: Lexington County
In what region of the country containing A Lưới is the birthplace of John Phan located?	The question refers to "A Lưới," which is a district in Thừa Thiên–Huế province, Vietnam. However, the provided content does not mention "John Phan" or his birthplace. Therefore, based on the given information, it is not possible to determine the region containing A Lưới where John Phan was born. FINAL: The provided information does not contain details about John Phan's birthplace.
Where do Greyhound buses leave from in the city where Arna Selznick's employer is headquartered?	The question refers to Arna Selznick, but there is no mention of an individual by that name in the provided content. However, if the question is referring to David Selznick, whose employer, Selznick International, is headquartered in Hollywood, California, then Greyhound buses in that area would typically depart from the Greyhound Terminal in Los Angeles. FINAL: Los Angeles, California
Which county does Lloyd Dane's birthplace belong to?	Lloyd Dane was born in Eldon, Missouri. However, the provided information does not specify which county Eldon, Missouri, belongs to. FINAL: The provided information does not specify the county of Lloyd Dane's birthplace.
Who wrote "Turn Me On" by performer of "Happy Pills"?	Norah Jones wrote "Turn Me On." She is also the performer of "Happy Pills." FINAL: Norah Jones
Who did the screenwriter for Good Will Hunting play in Dazed and Confused?	The screenwriter for *Good Will Hunting* was Ben Affleck. In *Dazed and Confused*, Ben Affleck played Fred O'Bannion. FINAL: Ben Affleck
What is the seat of the county sharing a border with the county in which J. P. Hayes was born?	The question refers to J. P. Hayes, but no information about his birthplace or any county is provided in the given content. Therefore, it is not possible to determine the seat of the county sharing a border with the county in which he was born. FINAL: Cannot be determined from the given information.
What does the U.S. believe caused the country where the birthplace of Yaovabha Bongsanid is located, to help Japan?	The U.S. believes that the country where the birthplace of Yaovabha Bongsanid is located helped Japan due to the Japanese occupation during the Second Sino-Japanese War. The country, which is Thailand, had its territory occupied by Japan, leading to collaboration or assistance to Japan during that period. FINAL: Thailand's occupation by Japan during the Second Sino-Japanese War led to its assistance to Japan.
What was the language from which the last name Sylvester originates during the era of the Frankish king who formed the Holy Roman Empire later known as?	The last name Sylvester originates from the Latin name "Sylvester," which means "of the forest." During the era of the Frankish king who formed the Holy Roman Empire, the language used was Medieval Latin, a form of Latin that had evolved from Classical Latin and was used in the Middle Ages. FINAL: Medieval Latin
The group representing at least 70% of Jews worldwide and Italians may be genetically similar due to what two factors?	The group representing at least 70% of Jews worldwide and Italians may be genetically similar due to inter-marriage and conversions in the time of the Roman Empire. FINAL: inter-marriage and conversions in the time of the Roman Empire.
What is the record label for the band which performed Pythons?	The record label for the band Surfer Blood, which performed the album "Pythons," is Sire Records. FINAL: Sire Records
Who is the child of the actor who is a cast member of Love in Pawn?	The question refers to "Love in Pawn," but there is no information provided about a film or show by that exact name. However, based on the given content, there is no direct mention of an actor's child in relation to a production titled "Love in Pawn." FINAL: The information provided does not specify the child of an actor from a production titled "Love in Pawn."
What was the version of the language where the last name Sylvester originates, used in the era of the king that united the tribes in the 9th century, later called?	The version of the language where the last name Sylvester originates is Medieval Latin, which was used during the era of Charlemagne, who united the tribes in the 9th century. FINAL: Medieval Latin
Who won the Indy Car Race in the largest populated city of the state where Yuma's Library District is located?	The question refers to "Yuma's Library District," which is not mentioned in the provided content. Therefore, there is no information available to determine who won the Indy Car Race in the largest populated city of the state where Yuma's Library District is located. FINAL: The question cannot be answered based on the provided information.
Who played the girlfriend of Alex P. Keaton's actor on Family Ties in Back to the Future?	Michael J. Fox played the role of Alex P. Keaton on Family Ties. In Back to the Future, his character, Marty McFly, had a girlfriend named Jennifer Parker, who was played by Claudia Wells. FINAL: Claudia Wells
What is the source of the river of which Kraai River is a tributary?	The source of the river of which Kraai River is a tributary is the mountains south of Lesotho. FINAL: The source of the river of which Kraai River is a tributary is the mountains south of Lesotho.
When was the region immediately north of the region where the country that secured southern Lebanon is located and the Persian Gulf established?	The country that secured southern Lebanon is Israel. The region immediately north of Israel and the Persian Gulf is the area of Saudi Arabia. The Kingdom of Saudi Arabia was established in 1932. FINAL: 1932
When did the luxury division of the maker of the Toyopet Master change the body style of the rx 350?	The provided text does not mention the Toyopet Master's luxury division or the RX 350. Therefore, there is no information to answer the question. FINAL: The question cannot be answered based on the provided information.
The German priest, who wanted to reform the religious denomination now the largest in the US, preached a sermon on Marian devotion soon before his death in which German state?	The German priest who wanted to reform the religious denomination now the largest in the US was Martin Luther. He preached a sermon on Marian devotion soon before his death in the state of Saxony. FINAL: Saxony
What song did Paul McCartney write for Sean Lennon's siblings?	The question refers to a song written by Paul McCartney for Sean Lennon's siblings, but none of the provided paragraphs mention any song specifically written for them. Therefore, based on the given information, the answer cannot be determined. FINAL: The provided information does not specify a song written by Paul McCartney for Sean Lennon's siblings.
What award was received by the person who authored Missing Person?	The content provided does not mention an author named "Missing Person" or any specific award related to that title. Therefore, there is no information available to answer the question. FINAL: The content provided does not mention the award received by the person who authored "Missing Person."
Who sings home alone tonight with the singer of you can crash my party anytime?	"Home Alone Tonight" is a song by Luke Bryan featuring Karen Fairchild. "Crash My Party" is an album by Luke Bryan. The phrase "you can crash my party anytime" is likely a reference to "Crash My Party," but there is no direct mention of a song with that exact title. Based on the information provided, the answer is Luke Bryan and Karen Fairchild. FINAL: Luke Bryan and Karen Fairchild
What body of water does the river that Toongabbie Creek flows into flow into?	Toongabbie Creek is part of the Parramatta River catchment, so it flows into the Parramatta River. FINAL: Parramatta River
How long was the city the Qing lost in 1853 the capital of the province where Yaxing Coach is headquartered?	In 1853, the Qing forces lost the regional capital city of Nanjing. The Yaxing Coach is headquartered in Nanjing. Therefore, the city the Qing lost in 1853 was the capital of the province where Yaxing Coach is headquartered for a period of time, but the exact duration is not specified in the provided information. FINAL: The duration is not specified in the given content.
When did the luxury division of the company that manufactures Toyopet Master change the body style of the RX 350?	The question refers to the luxury division of the company that manufactures Toyopet Master, but there is no information provided about Toyopet Master or any changes to the body style of the RX 350 in the given content. Therefore, the answer cannot be determined from the provided text. FINAL: The information required to answer the question is not available in the provided content.
Where is the origin of the river that Kraai River is a tributary of?	The Kraai River is a tributary of the Orange River. The origin of the Orange River is in the Drakensberg mountains in Lesotho. FINAL: Lesotho
Where is the river that the engine pumped water from located in the world?	The river that the engine pumped water from is the Nile River, located in Egypt. FINAL: Egypt
Who was the first African American student to attend the school that owns Swayze Field?	The provided content does not mention any school that owns Swayze Field or any information about the first African American student to attend such a school. Therefore, based on the given information, it is not possible to determine the answer. FINAL: The information required to answer the question is not available in the provided content.
Who wrote the show that Jimmy Olsen works for?	The show that Jimmy Olsen works for is "Smallville." The show was developed by writer-producers Alfred Gough and Miles Millar. FINAL: Alfred Gough and Miles Millar
What franchise of the pro soccer organization headquartered in New York, is based in the city that produced the album considered the true portrait of the No Wave movement?	The franchise is the Contortions, a no wave band from New York City. However, the question refers to a pro soccer organization headquartered in New York, which is Major League Soccer (MLS). The answer is not directly related to a soccer franchise but to the No Wave music scene in New York City. FINAL: The question refers to a music scene, not a soccer franchise. No direct soccer franchise is associated with the No Wave movement.
When was one internet browser's version of Windows 8 made accessible?	The question refers to when an internet browser's version of Windows 8 was made accessible, but the provided content does not mention any specific browser version related to Windows 8. The content discusses Windows 8's release and features, but not browser versions. FINAL: The provided information does not specify when an internet browser's version of Windows 8 was made accessible.
Who is the child of the Victim of Romance performer?	The question refers to "the Victim of Romance performer," but there is no clear reference to a specific individual or character with that title in the provided content. Therefore, the question cannot be accurately answered based on the given information. FINAL: The question cannot be answered with the provided information.
At the end of which year did the tribes in the area where the Ashkenazi Jews can trace their ancestry to Jews who settled there invade the roman empire?	The tribes in the area where Ashkenazi Jews can trace their ancestry to Jews who settled there invaded the Roman Empire in the year 376. FINAL: 376
Who is the spouse of the person who voices Jarvis in Iron Man?	The person who voices J.A.R.V.I.S. in Iron Man is Paul Bettany. His spouse is Jennifer Morrison. FINAL: Jennifer Morrison
What is the name of the castle in the place of birth of the performer of When I Was a Boy?	The performer of "When I Was a Boy" is Jane Siberry. The question asks for the name of the castle in the place of birth of this performer. However, the provided information does not mention Jane Siberry's place of birth or any castle associated with it. FINAL: The information provided does not specify the place of birth of Jane Siberry or a castle associated with it.
How were people from whom new coins were a proclamation of independence by the Somali Muslim Ajuran Empire expelled from the natural boundary between Thailand and A Magne's country?	The question contains inaccuracies and references that do not align with the provided content. There is no mention of the Somali Muslim Ajuran Empire expelling people related to Thailand or "A Magne's country" in the given paragraphs. FINAL: The question contains inaccuracies and cannot be answered based on the provided information.
Who is the father of Nim's actress in Return to Nim's Island?	The father of Nim's actress, Bindi Irwin, is Steve Irwin. FINAL: Steve Irwin
What city shares a border with the place where the person who went to the state known for its Mediterranean climate during the gold rush worked?	The person who went to the state known for its Mediterranean climate during the gold rush would have been in California. The city that shares a border with the place where this person worked is not explicitly mentioned in the provided content. However, if we consider the context of the gold rush and the Mediterranean climate, the city could be in California. FINAL: The question lacks specific information to determine the exact city.
Besides areas of the country gaining control of Florida after the conflict Charles Edmund Nugent participated in, what other differences exist between where Carlos Barral died and Real Madrid?	Carlos Barral was born in Barcelona, Spain, while Real Madrid is a football club based in Madrid, Spain. The main difference is the location: Barcelona vs. Madrid. FINAL: The main difference is the location: Barcelona vs. Madrid.
In April 2010, what did the company owned by MV Macoma announce it was in the process of doing?	In April 2010, the company owned by MV Macoma announced it was in the process of trying to find a potential buyer for all of its operations in Finland. FINAL: In April 2010, the company owned by MV Macoma announced it was in the process of trying to find a potential buyer for all of its operations in Finland.
Where does the body of water by the city that shares a border with Elizabeth Berg's birthplace and Ohio River meet?	The body of water by the city that shares a border with Elizabeth Berg's birthplace and the Ohio River is the Mamaroneck River. The Mamaroneck River meets Long Island Sound. FINAL: The Mamaroneck River meets Long Island Sound.
What was the wettest year in the second largest city in the state where Yuma's Library District is located?	The second largest city in the state where Yuma's Library District is located is Yuma, Arizona. However, the content provided does not specify the wettest year in Yuma. The information about the wettest year refers to Tucson, Arizona, which is the largest city in the state. Therefore, the answer cannot be determined from the given information. FINAL: The information provided does not specify the wettest year in Yuma, Arizona.
When was John's eldest son crowned?	John's eldest son, Henry III, ruled as king for the majority of the 13th century. However, the specific date of his coronation is not provided in the given text. FINAL: The text does not specify the exact date when John's eldest son was crowned.
What is the date of birth of the person who was part of Ratata?	The question refers to "Ratata," which is not mentioned in the provided content. Therefore, there is no information available to determine the date of birth of the person who was part of Ratata. FINAL: The content does not provide information about a person named or associated with "Ratata."
What worldwide ranking does the university that Pedro Ramirez Vasquez attended hold?	Pedro Ramírez Vázquez attended the National Autonomous University of Mexico (UNAM), which was ranked 74th in the Top 200 World University Ranking published by Times Higher Education in 2006. FINAL: 74th
What company is the college where Wolf V. Vishniac studied a part of?	The college where Wolf V. Vishniac studied is part of the University of Rochester. FINAL: University of Rochester
How many ethnic minorities were looked at differently in the city where the headquarters of the company that Study in Brown's record label is a part of?	The question refers to the city where the headquarters of the company that Study in Brown's record label is a part of. Study in Brown is an album released by EmArcy Records. However, the provided content does not specify the location of EmArcy Records' headquarters. Therefore, it is not possible to determine how many ethnic minorities were looked at differently in that city based on the given information. FINAL: The information provided does not specify the location of EmArcy Records' headquarters, so it is not possible to determine the number of ethnic minorities in question.
What is the position of the first governor general of India?	The first Governor-General of British India was Warren Hastings, and the first Governor-General of independent India was Louis Mountbatten. FINAL: The first Governor-General of British India was Warren Hastings, and the first Governor-General of independent India was Louis Mountbatten.
What Islamic denomination was the author of The Canon of Medicine thought to be a member of?	The author of The Canon of Medicine, Avicenna, was thought to be a member of different Islamic denominations according to various sources. Some believed he was a Sunni Hanafi, others suggested he was a Twelver Shia, and there were also claims he was an Ismaili. FINAL: Sunni Hanafi, Twelver Shia, or Ismaili, depending on the source.
Who is the spouse of the person who plays Batman in the Lego Batman Movie?	The spouse of the person who plays Batman in The Lego Batman Movie is Rebecca Ferguson. She voices the character of Catwoman in the film. FINAL: Rebecca Ferguson
What country does team that Pa Amadou Gai is a member of play for?	Pa Amadou Gai is a Gambian soccer player. FINAL: Ghana
What is the experimental satellite which was the forerunner to the communication satellite of the operator of GSAT-7 called?	The experimental satellite that was the forerunner to the communication satellite of the operator of GSAT-7 is ATS-6. FINAL: ATS-6
What is the mouth of watercourse for the body of water where Bartram's Covered Bridge is located?	The mouth of the watercourse where Bartram's Covered Bridge is located is the Delaware River. FINAL: The mouth of the watercourse where Bartram's Covered Bridge is located is the Delaware River.
Who was the person who acquired the parent company of the music service Beyonce owns part of talking about in the song Cry?	The question refers to a song titled "Cry" but does not clearly identify which artist or context is being referred to. However, based on the provided content, there is no direct mention of Beyoncé owning a music service or a specific person acquiring it. The content discusses Beyoncé's song "Heaven" and her album "Beyoncé," but no information about her owning a music service or an acquisition related to it. FINAL: The question lacks sufficient context to determine the answer.
When is Celebrity Big Brother coming to the network which, along with ABC and the network which broadcasted The Chisholms, is the other major broadcaster based in NY?	The question refers to a network based in New York, along with ABC and the network that broadcasted *The Chisholms*. From the provided content, the three major American broadcast networks headquartered in New York are ABC, CBS, and NBC. The network that broadcasted *The Chisholms* is not explicitly mentioned, but if it refers to a network based in New York, the answer would likely be CBS or NBC. However, since the question is about when *Celebrity Big Brother* is coming to that network, and no specific information about *Celebrity Big Brother* is provided, the answer cannot be determined from
The MLB MVP award is given out after a competition where a team has played the most games. What is the longest win streak in the history of league that team plays for?	The question refers to the MLB MVP award, but the provided content does not specify a team's longest win streak. The information given about win streaks is related to the All-Star Games and playoff appearances, not the regular season. Therefore, the question cannot be answered based on the provided content. FINAL: The provided content does not contain information about the longest win streak of a team in MLB history.
Who is the other child of Chian Hsiao-chang's father?	The provided content does not mention "Chian Hsiao-chang" or any information about their father's other children. Therefore, it is not possible to determine the answer based on the given information. FINAL: The question cannot be answered with the provided information.
Who started the foundation that developed the Free Software Directory?	The Free Software Directory is a project of the Free Software Foundation (FSF). Richard Stallman founded the Free Software Foundation. Answer: Richard Stallman FINAL: Richard Stallman
What notable pop artist started out his career on adult contemporary radio along with the performer of Illuminations?	The question refers to an artist associated with "Illuminations," but no specific information about "Illuminations" is provided in the given content. Therefore, the question cannot be accurately answered based on the provided paragraphs. FINAL: The question cannot be answered with the given information.
On what date did Battle of the birth place of Marzuki Alie end?	The provided information does not mention a "Battle of the birth place of Marzuki Alie." Therefore, it is not possible to determine the date of such a battle based on the given content. FINAL: The question cannot be answered with the provided information.
Who was the first president in the country where the Kamchatka Peninsula is located?	The Kamchatka Peninsula is located in Russia. The first president of Russia was Boris Yeltsin. FINAL: Boris Yeltsin
Who did Jokshan's father marry after the death of Sarah?	Jokshan's father, Abraham, married Keturah after the death of his first wife, Sarah. FINAL: Keturah
What was the person who provided evidence to suggest the existence of the neutron a participant of?	The person who provided evidence to suggest the existence of the neutron was James Chadwick, who was a participant in the Tube Alloys project and later the Manhattan Project. FINAL: James Chadwick was a participant in the Tube Alloys project and the Manhattan Project.
Who plays the character that took the sword out of the stone in once upon a time?	The question refers to "Once Upon a Time," where Tony Amendola plays Geppetto, the creator of Pinocchio. However, the specific character who took the sword out of the stone is not mentioned in the provided content. FINAL: The answer cannot be determined from the given information.
When is the next episode of the series that Steven the Sword Fighter is a part of being released?	The question refers to "Steven the Sword Fighter," which is not mentioned in the provided content. Therefore, there is no information available about the release of the next episode of the series he is part of. FINAL: The information about "Steven the Sword Fighter" and the release of the next episode of his series is not available in the provided content.
Who plays the person with the same name as he who was caught by surprise in Once Upon a Time?	Tony Amendola plays the person with the same name as he who was caught by surprise in Once Upon a Time. FINAL: Tony Amendola
Who was played by the creator of Push, Nevada in Dazed and Confused?	Christin Hinojosa played the role of Sabrina in "Dazed and Confused." The creator of "Push, Nevada" is not mentioned in the provided content. However, based on the information given, the answer is Christin Hinojosa. FINAL: Christin Hinojosa
Why was Common Sense, by the same author as Rights of Man, an important work?	The question refers to "Common Sense," a work by Thomas Paine, who also wrote "Rights of Man." "Common Sense" was an important work because it advocated for American independence from Britain, presenting clear and persuasive arguments that helped galvanize public support for the American Revolution. It played a crucial role in shaping the political ideology of the time. FINAL: "Common Sense" was an important work because it advocated for American independence from Britain, presenting clear and persuasive arguments that helped galvanize public support for the American Revolution.
When did the president of the Confederate States of America end his fight in the Mexican-American war?	The question contains an error. The Confederate States of America did not participate in the Mexican-American War, which occurred from 1846 to 1848. The Confederate States existed from 1861 to 1865, during the American Civil War. FINAL: The president of the Confederate States of America did not participate in the Mexican-American War.
When was the last time the team Matthew Webb was a member of beat the winner of the 1894-95 FA Cup?	Matthew Webb was a member of the 1894-95 FA Cup-winning team, which was Notts County. The last time Notts County won the FA Cup was in 1894. However, the question is asking when the team Matthew Webb was a member of beat the winner of the 1894-95 FA Cup. Since Notts County won the 1894 FA Cup, the answer would be when they won it, which was 1894. However, the question is phrased in a way that suggests a later date. Without more context, it
What does the name of the organization the Haiti national football team belongs to stand for?	The Haiti national football team belongs to FIFA, which stands for the International Federation of Association Football. FINAL: FIFA
What is the record label of the co-writer and recording artist of Permission to Fly?	The record label of the co-writer and recording artist of "Permission to Fly" is not explicitly mentioned in the provided content. FINAL: The record label is not mentioned.
When did the location of the basilica named after the same saint at San Pietro in Ciel d'Oro become its own country?	The question refers to a basilica named after the same saint as San Pietro in Ciel d'Oro, but no information is provided about a basilica becoming its own country. Therefore, the question cannot be answered based on the given content. FINAL: The question cannot be answered based on the provided information.
Where did the person featured in the film Sammy Going South study or work?	The person featured in the film *Sammy Going South* is Edward G. Robinson. He studied at Townsend Harris High School and then the City College of New York. He also attended the American Academy of Dramatic Arts. FINAL: Edward G. Robinson studied at Townsend Harris High School, City College of New York, and the American Academy of Dramatic Arts.
What does the acronym of the organization Danish Football Union is part of stand for?	The Danish Football Association is part of FIFA. FINAL: FIFA
When did the team that won the AL East in 2017 last play in the event after which the MLB MVP is awarded?	The team that won the AL East in 2017 was the New York Yankees. The Yankees last played in the 2012 American League Championship Series before their 2017 ALCS appearance. FINAL: 2012
What shares a border with the city where the person who went to the state where Baskin-Robbins was founded during the gold rush works?	The person who went to the state where Baskin-Robbins was founded is John Kerry, who worked in Massachusetts. Baskin-Robbins was founded in California. The city where Baskin-Robbins was founded is Glendale, California. The city that shares a border with Glendale is Los Angeles. FINAL: Los Angeles
How many ethnic minorities were looked at differently in the city where the headquarters of the only group larger than Långa nätter's record label is located?	The question refers to the city where the headquarters of the only group larger than Långa nätter's record label is located. However, there is no mention of Långa nätter or any specific record label in the provided content. Therefore, it is not possible to determine the number of ethnic minorities looked at differently in that city based on the given information. FINAL: The question cannot be answered with the provided information.
What year did the country where the place of birth of Beatrice Heuser is located form an alliance with Japan?	Beatrice Heuser's place of birth is not directly mentioned in the provided content. However, the question refers to the country where Beatrice Heuser was born. Since the content mentions "Heuser Nunatak," named after Charles M. Heuser, it is likely referring to a location in Antarctica, which does not have a country of birth. Therefore, the question cannot be answered based on the given information. FINAL: The question cannot be answered based on the provided information.
When did the death city of Taito Kantonen become the capital of the US state having the statue being the title of the various Latin Mother goddess?	Taito Kantonen was born in Springfield, Ohio, but the question refers to the capital of the U.S. state that has a statue known as the "Alma Mater," which is in Illinois. Springfield became the capital of Illinois in 1839. FINAL: 1839
Who is the president of the newly declared independent country that is part of the Commission of Truth and Friendship with the country where Sumardi was born?	The president of East Timor, which is part of the Indonesia–Timor Leste Commission of Truth and Friendship, is Francisco Guterres. The question refers to the newly declared independent country (East Timor) and the country where Sumardi was born (Indonesia). The president of East Timor is Francisco Guterres. FINAL: Francisco Guterres
What is the source of the river that is the mouth of the Caledon River?	The source of the river that is the mouth of the Caledon River is not explicitly mentioned in the provided content. However, the Caledon River is noted as a tributary of the Orange River. The source of the Orange River is Thaba Putsoa in the Maloti Mountains (Drakensberg), Lesotho. FINAL: The source of the river that is the mouth of the Caledon River is not directly provided, but the Caledon River is a tributary of the Orange River, whose source is Thaba Putsoa in the Maloti Mountains, Lesotho.
A country's military branch, the equivalent of which in the US helped the Old West's local police, was unprepared for the invasion of the country that developed the ZH-29. The unprepared country was the only communist country to have an embassy where?	The country in question is Czechoslovakia, which was invaded by the Warsaw Pact in 1968. The military branch referred to is the Czechoslovak Army, which was unprepared for the invasion. Czechoslovakia was the only communist country to have an embassy in the United States. FINAL: Czechoslovakia
What pantheon is the God of the underworld in ancient Egypt a part of?	The pantheon of ancient Egypt includes the God of the underworld, such as Osiris. FINAL: The pantheon of ancient Egypt.
What event caused the founder of Australia's liberal party to become Prime Minister?	The event that caused the founder of Australia's liberal party to become Prime Minister was the formation of the Free Trade Party in 1887, which was led by George Reid. However, the question refers to the founder of Australia's liberal party, which is not directly addressed in the provided content. FINAL: The content does not provide information about the founder of Australia's liberal party becoming Prime Minister.
Who founded what Robert J Chassell is a member of?	Robert J. Chassell was a founding director of the Free Software Foundation (FSF). FINAL: Free Software Foundation (FSF)
Who is part of the group performing Ask the Fish?	The group performing "Ask the Fish" is Leftover Salmon. FINAL: Leftover Salmon
When did the city where the headquarters of Barton Premium Blend's manufacturer is located elect its first black mayor?	The headquarters of Barton Premium Blend's manufacturer, the Sazerac Company, is located in Bardstown, Kentucky. However, the provided text does not mention when Bardstown elected its first black mayor. FINAL: The information provided does not specify when the city where the headquarters of Barton Premium Blend's manufacturer is located elected its first black mayor.
What is the meaning of the word that is also the majority religion in the area that became India when the country where Kot Haibat is located was created in the Arabic dictionary?	The word is "Hindu," which is the majority religion in the area that became India. The term "Hindu" is not directly from an Arabic dictionary but is used in Arabic contexts to refer to the religion of the Indian subcontinent. FINAL: Hindu
What was the population of the European country the Huguenots felt kinship for emigration to before this emigration?	The Huguenots felt kinship for the Dutch Republic, which had a population of approximately 2 million at the time of their emigration. FINAL: 2 million
What other notable work did the person who illustrated Shrek work on?	The person who illustrated Shrek is William Steig, who is known for his picture book "Shrek!" which is the original source material for the film. Additionally, the question refers to Garth Williams, an illustrator known for his work on "Charlotte's Web," but he is not associated with the "Shrek" franchise. Therefore, the answer pertains to William Steig's notable work, which is "Shrek!". FINAL: Shrek!
Who gives out the prize named after the author of The Wealth of Nations?	The prize named after the author of The Wealth of Nations is the Adam Smith Prize. It is given out by the University of Cambridge. FINAL: The prize named after the author of The Wealth of Nations is the Adam Smith Prize, given out by the University of Cambridge.
What is the region of the country of Sa Thầy and the territory of the Zone 5 Military Museam located?	Sa Thầy District is located in the Central Highlands region of Vietnam. The Zone 5 Military Museum is located in Da Nang, Vietnam. FINAL: Vietnam
When is Celebrity Big Brother coming to the network which, along with ABC and the network which released Stand Against Fear, is the other major broadcaster based in NY?	Celebrity Big Brother premiered on February 7, 2018, on CBS, which is one of the major broadcasters based in New York, along with ABC and the network that released *Stand Against Fear*. FINAL: February 7, 2018
Which section of the emergency response guidebook of the continent where bison antiquus are found contains the response guides?	The question refers to an "emergency response guidebook" but no such document is mentioned in the provided content. The content discusses the bison species, a law enforcement coalition, teaching methods, travel guides, and other unrelated topics. FINAL: The provided content does not mention an emergency response guidebook related to the continent where Bison antiquus were found.
Who was in charge in the country that is the natural boundary between the country that hosted the tournament and the country where A Don is located?	The question refers to "A Don," which is not clearly defined in the provided content. Without additional context, it is not possible to determine the country or the entity in charge. FINAL: The question lacks sufficient context to provide a definitive answer.
Who did the creator of Push, Nevada play in Dazed and Confused?	The creator of "Push, Nevada," Ben Affleck, played Fred O'Bannion in "Dazed and Confused." FINAL: Ben Affleck
How many people were in the British colonies where bison antiquus could be found?	The text does not provide specific numbers of people in the British colonies where *Bison antiquus* could be found. The focus is on the evolution and characteristics of the bison, not on human population data. FINAL: The text does not provide the number of people in the British colonies where *Bison antiquus* could be found.
During British rule, what wood was mostly produced in the nation that's the boundary between the host of the 2020 AFC U-23 Championship qualification, and the nation containing A Don?	During British rule, teak was mostly produced in Myanmar, which is the nation bordering the host of the 2020 AFC U-23 Championship qualification (Qatar) and the nation containing A Don (likely referring to the UK, but the exact reference is unclear). FINAL: teak
When did the birthplace of the Here Come the Girls performer elect its first black mayor?	The question refers to the "Here Come the Girls" performer, which is not explicitly mentioned in the provided content. However, based on the context, if we assume it refers to Madonna, there is no information about the birthplace of the "Here Come the Girls" performer electing its first black mayor. The content does not provide a direct answer to this question. FINAL: The provided content does not contain information about the birthplace of the "Here Come the Girls" performer or the election of its first black mayor.
When did Nissan along with the company that makes the Comstar wheel and the company that makes the Scion open US assembly plants?	Nissan, Honda (maker of the Comstar wheel), and Short Brothers (maker of the Scion) opened US assembly plants in the 1930s. FINAL: 1930s
What is the mascot of William J. Ripple's university?	The mascot of William J. Ripple's university is not mentioned in the provided content. FINAL: The mascot of William J. Ripple's university is not mentioned in the provided content.
Who is the father of Edward Baring, 1st Baron Revelstoke's father?	Edward Baring, 1st Baron Revelstoke's father is Henry Baring of Cromer Hall. FINAL: Henry Baring of Cromer Hall.
Who is the federal leader of the party that Pierre-Hugues Boisvenu is a member of?	The federal leader of the party that Pierre-Hugues Boisvenu is a member of is Stephen Harper. FINAL: Stephen Harper
In True Grit, who did the star play?	In the film *True Grit*, the star, likely referring to Matt Damon, played the role of Rooster Cogburn. FINAL: Matt Damon played the role of Rooster Cogburn in *True Grit*.
What is the average yearly income for someone with the same nationality as the producer of The Wild Women of Chastity Gulch?	The producer of The Wild Women of Chastity Gulch is Aaron Spelling, who was an American film and television producer. The average household income in the United States, according to the US Census Bureau 2014 Annual Social and Economic Supplement, was $72,641. FINAL: $72,641
Who is the spouse of the child of Peter Andreas Heiberg?	The child of Peter Andreas Heiberg is Johan Ludvig Heiberg. The spouse of Johan Ludvig Heiberg is not mentioned in the provided content. FINAL: The spouse of the child of Peter Andreas Heiberg is not mentioned in the given information.
What is the name of the castle found in the birthplace of the performer of Falling Out?	The question refers to the "birthplace of the performer of Falling Out," but no information is provided about a performer named "Falling Out" or their birthplace in the given content. Therefore, the answer cannot be determined from the provided information. FINAL: The answer cannot be determined from the given information.
When was the region that lies to the north of where Israel is located and where Shamal is located established?	The question refers to a region north of Israel and where the Shamal wind is located. However, the provided content does not mention any specific region's establishment date in this context. FINAL: The provided information does not specify the establishment date of any region north of Israel where the Shamal wind is located.
Who is the federal leader of Leon Benoit's political party?	Leon Benoit was a member of the Conservative Party of Canada. The federal leader of the Conservative Party of Canada during his time in office (2004–2015) was Stephen Harper. FINAL: Stephen Harper
In what league did Jose Miranda's team compete?	Jose Miranda's team, the Arizona Sahuaros, competed in the USISL D-3 Pro League. FINAL: USISL D-3 Pro League
Who was the US physicist who directed the project that developed the first atomic bomb at the same place where Feynman worked on Water Boiler?	The US physicist who directed the project that developed the first atomic bomb at the same place where Feynman worked on Water Boiler was J. Robert Oppenheimer. He was the director of the Los Alamos Laboratory, where Feynman contributed to the Manhattan Project, including work on the "Water Boiler" experiment. FINAL: J. Robert Oppenheimer
When did the performer of I Love Life, Thank You release Best Day Ever?	The performer of "I Love Life, Thank You," Mac Miller, released "Best Day Ever" on March 11, 2011. FINAL: 2011
Which county shares a border with the county where the most populous city in the state where WEKL operates is located?	The question refers to the county where the most populous city in the state where WEKL operates is located. However, the provided content does not mention WEKL or the specific state it operates in. Therefore, it is not possible to determine which county shares a border with that county based on the given information. FINAL: The provided information does not mention WEKL or the specific state it operates in, making it impossible to determine the answer.
Who was honoured with the highest award a citizen without military experience in India before becoming a president?	The highest civilian award in India, the Bharat Ratna, was awarded to A.P.J. Abdul Kalam, who did not have military experience before becoming president. He was honoured with the Bharat Ratna in 1997. FINAL: A.P.J. Abdul Kalam
Why did Roncalli leave the place where artist who made The Bacchanal of the Andrians died?	Roncalli did not leave the place where the artist who made *The Bacchanal of the Andrians* died. The provided paragraphs do not mention any connection between Roncalli and the artist of *The Bacchanal of the Andrians*. FINAL: The provided information does not address why Roncalli left any location related to the artist of *The Bacchanal of the Andrians*.
In 2010, what was the population of the city where the Yongle emperor greeted the person to whom the edict was addressed?	The question refers to the Yongle Emperor greeting someone to whom an edict was addressed, but it does not provide specific information about the city or its population in 2010. Therefore, the answer cannot be determined from the given content. FINAL: The provided text does not contain information about the population of the city where the Yongle Emperor greeted the person to whom the edict was addressed in 2010.
When did the city the 2010 Sony Ericsson Open – Men's Singles winner is from become the capitol of the state Knowles is from?	Sloane Stephens, the 2010 Sony Ericsson Open – Men's Singles winner, is from the United States. However, the question seems to mix up details. The city where she is from is not explicitly mentioned. The 2010 Sony Ericsson Open was held in Miami, Florida. Miami is not a state capital. The state capital of Florida is Tallahassee. There is no direct information linking Sloane Stephens to a specific city's becoming a capital. FINAL: The question contains inaccuracies and lacks sufficient information to determine a specific answer.
Who created the main character of The Godfather?	The main character of The Godfather, Vito Corleone, was created by Mario Puzo. FINAL: Mario Puzo
What gun was used by Pollack's director in Westworld?	The question refers to a specific detail not covered in the provided content. The content discusses various historical and military firearms but does not mention anything related to "Pollack's director in Westworld." FINAL: The question cannot be answered based on the provided information.
When does the new season of the show starring the cast member of Pizza Man start?	The content provided does not mention a show starring a cast member of "Pizza Man" or the start date of a new season for such a show. FINAL: The information required to answer the question is not available in the provided content.
What was the name of the Hero and the Terror star's character in Walker, Texas Ranger?	The question refers to the film "Hero and the Terror," which stars Chuck Norris as Danny O'Brien. However, there is no mention of the film "Walker, Texas Ranger" in the provided content. Therefore, the answer cannot be determined from the given information. FINAL: The provided information does not mention "Walker, Texas Ranger" or the character played by the star of "Hero and the Terror" in that show.
What is the position of the person impeached in England for acts committed as governor general of India?	The person impeached in England for acts committed as Governor-General of India was Warren Hastings. He was the subject of impeachment proceedings led by Edmund Burke, which culminated in a trial in 1786. FINAL: Warren Hastings was the Governor-General of India impeached in England.
What was the form of the language that the last name Sylvester comes from, used in the era of the king who united the 9th century tribes, later known as?	The language form used in the era of the king who united the 9th-century tribes, later known as Medieval Latin, was a modified version of Classical Latin. FINAL: Medieval Latin
When was the celestial body that transforms nuclear potential energy to other forms of energy discovered to be the center of the solar system?	The question refers to the discovery of the Sun as the center of the solar system, which is not directly addressed in the provided paragraphs. The content focuses on topics like photosynthesis, energy types, renewable energy, and nuclear processes, but does not mention the historical discovery of the Sun as the solar system's center. FINAL: The paragraphs do not provide information about the discovery of the Sun as the center of the solar system.
The actor who plays the father in I Can Only Imagine has a wife played by who in another film?	In the film "I Can Only Imagine," the actor who plays the father is Dennis Quaid. In another film, "American Dad!", the character of CIA Deputy Director Avery Bullock is voiced by Patrick Stewart. However, the question refers to the wife of the actor who plays the father in "I Can Only Imagine." The wife in "I Can Only Imagine" is played by Madeline Carroll. There is no direct information provided about Madeline Carroll's role in another film. FINAL: Madeline Carroll
Who is the actor who plays the title character in The Bourne Betrayal?	The title character in "The Bourne Betrayal" is Jason Bourne, but the question refers to the actor who plays him. However, "The Bourne Betrayal" is a novel, not a film, so there is no official actor who plays the title character in a film adaptation. The films in the series feature different actors, with Matt Damon playing Jason Bourne in the first three films. FINAL: The Bourne Betrayal is a novel, not a film, so there is no actor who plays the title character in a film.
Kiwil's birth country participated in a Commission of Truth and Friendship. Who is the president of the other country that participated?	The president of the other country that participated in the Indonesia–Timor Leste Commission of Truth and Friendship was Xanana Gusmão. FINAL: Xanana Gusmão
what was the name of the producer of Forest Warrior walker texas ranger?	The question refers to "Forest Warrior walker texas ranger," which seems to be a mix-up or incorrect reference. There is no known film titled "Forest Warrior Walker Texas Ranger." However, "Forest Warrior" is a 1996 film starring Chuck Norris, and there is no direct connection to "Walker, Texas Ranger." FINAL: The question contains inaccuracies and does not correspond to a known film or producer.
Who was picked over the player with the highest point average in NBA history in the draft?	The player with the highest point average in NBA history is Kevin Durant, who averaged 32.0 points per game in the 2013–14 season. However, the question refers to the draft, and Durant was selected second overall in the 2007 NBA draft. The player picked before him was Greg Oden, who was selected first overall by the Portland Trail Blazers. FINAL: Greg Oden
In The Godfather, who does the producer of Mistress play?	In The Godfather, the producer of Mistress, Robert De Niro, plays the role of Vito Corleone. FINAL: Robert De Niro plays Vito Corleone in The Godfather.
Of which river is the river Kichi Sipi Bridge crosses a tributary?	The Kichi Sipi Bridge crosses a tributary of the Nelson River. FINAL: Nelson River
What team was Anna Benson's husband on?	Anna Benson's husband, Kris Benson, was a Major League Baseball pitcher. FINAL: Major League Baseball team
For what did the singer of Moon River in Breakfast at Tiffany's win a Tony?	The singer of "Moon River" in *Breakfast at Tiffany's* did not win a Tony. The song was performed by Audrey Hepburn, but there is no mention of her winning a Tony for this performance. FINAL: The singer of "Moon River" in *Breakfast at Tiffany's* did not win a Tony.
Which years did the war with Antigone's spouse occur?	The question refers to the war involving Antigone's spouse, which is not directly addressed in the provided content. However, based on the context of "Antigone" by Sophocles, the war in question is the Seven Against Thebes, which occurred in the mythological past, not a specific historical period. The Seven Years' War mentioned in the text is a different conflict. FINAL: The war involving Antigone's spouse, the Seven Against Thebes, is a mythological event and not tied to specific historical years.
Who introduced a system of musical notation in the 14th century used in the area where the Ottoman slave trade flourished?	The question refers to a system of musical notation used in the area where the Ottoman slave trade flourished. However, the provided content does not mention any specific individual who introduced a musical notation system in the 14th century in that region. The content discusses the Ottoman Empire's political and military figures, such as Köprülü Mehmed Pasha, and mentions the use of musical notation in European classical music, but it does not directly connect a 14th-century musical notation system to the area of the Ottoman slave trade. FINAL: The provided information does not specify who introduced a system of musical notation in the 14th
What was the wettest year of the city located in the county that also contains Helvetia?	The question refers to a city located in a county that contains Helvetia. However, the provided content does not mention any specific city or its weather data. Therefore, there is no information available to determine the wettest year. FINAL: The provided information does not include data about the wettest year of any city in the county containing Helvetia.
What were the Genesis's advantages over the platform that plays Sunman?	The provided content does not mention any platform called "Sunman" or compare the Genesis to such a platform. Therefore, it is not possible to determine the Genesis's advantages over "Sunman" based on the given information. FINAL: The question cannot be answered with the provided information.
Which two features were played up the Microsoft executive who announced IPTV in 2007?	The two features played up by the Microsoft executive who announced IPTV in 2007 were the 80 GB hard drive and IPTV. FINAL: The two features were the 80 GB hard drive and IPTV.
According to Pew in 2010, what percent of Nigeria's population was the people who conquered the Eastern provinces of the Byzantine empire?	The question refers to the people who conquered the Eastern provinces of the Byzantine Empire, which were the Muslim Arabs. However, the provided content does not mention Nigeria's population or religious demographics. Therefore, there is no data in the given paragraphs to answer the question. FINAL: The provided content does not mention Nigeria's population or the percentage of people who conquered the Eastern provinces of the Byzantine Empire.
What county is the city that shares a border with the state capital of the state where Velma Barfield was born located in?	The question refers to Velma Barfield, who was born in North Carolina. The state capital of North Carolina is Raleigh. The city that shares a border with Raleigh is Cary. Cary is located in Wake County. FINAL: Wake County
What artist was featured on Smooth Jazz Stations, along with Kenny G and the performer of The Dance?	The artist featured on Smooth Jazz Stations, along with Kenny G and the performer of "The Dance," is Dave Koz. FINAL: Dave Koz
When was the country Merewalh was a citizen of abolished?	The question refers to a country named "Merewalh," which is not mentioned or described in the provided paragraphs. Therefore, there is no information available to determine when the country Merewalh was abolished. FINAL: The question cannot be answered based on the provided information.
Who is the father of the artist who painted Head I?	The father of the artist who painted Head I is not explicitly mentioned in the provided text. However, the artist is Francis Bacon, and the text does not provide information about his father. FINAL: The text does not provide the name of the father of Francis Bacon, the artist who painted Head I.
What is the body of water that St. Matthew Island located in named after?	The body of water that St. Matthew Island is located in is named after Sir Thomas Lewis, an English physiologist. The body of water is called Lewis Sound. FINAL: Lewis Sound
What percentage did the Dow Jones fall in the historical era where the book takes place?	The book "To Kill a Mockingbird" is set during the Great Depression. The Dow Jones Industrial Average fell 54.7% during that period. FINAL: 54.7%
What is the name of the famous bridge located in the birthplace of the composer of Nulla in mundo pax sincera?	Antonio Vivaldi, the composer of "Nulla in mundo pax sincera," was born in Venice, Italy. The Rialto Bridge is a famous bridge located in Venice. FINAL: Rialto Bridge
Who did Hay work for after being hired by his other notable influence regarding resource distribution other than Max Weber?	Friedrich Hayek was hired by Lionel Robbins at the London School of Economics (LSE). FINAL: Lionel Robbins
Who is the president of the newly declared independent country part of the Commission of Truth and Friendship with the country where Gado-gado is found?	The president of East Timor, which is part of the Indonesia–Timor Leste Commission of Truth and Friendship, is Francisco Guterres. Gado-gado is found in Indonesia. FINAL: Francisco Guterres
What province shares a border with the province where Lago District is located?	The question refers to "Lago District," which is not mentioned in the provided content. Therefore, it is not possible to determine which province shares a border with it based on the given information. FINAL: The question cannot be answered as "Lago District" is not mentioned in the provided content.
The language of a film titled and about the city where Tito was interred is the co-official language of a county. In what city is the national Radio and Television broadcaster for that country?	The film titled "Belgrade" is about the city where Tito was interred. The co-official language of the country (Serbia) is Serbian, but the question refers to a county, which might be a misstatement. Assuming it refers to a country, the national Radio and Television broadcaster for Serbia is in Belgrade. FINAL: Belgrade
When did the team that Jamie Ward is a member of win the FA Cup?	Jamie Ward is a member of Nottingham Forest F.C. Nottingham Forest won the FA Cup in 1898 and 1959. FINAL: 1898 and 1959
What is the meaning of the name of the city where the Yongle emperor greeted the person to whom the edict was addressed?	The city is Nanjing, whose name means "Southern Capital." FINAL: Nanjing
When did the country that has the same co-official language as that of the movie about the city where Petar Trifunović died send an independent team to the Olympics?	The country with the same co-official language as the movie about Belgrade (Serbian) is Serbia. Serbia first sent an independent team to the Olympics in 1992. FINAL: 1992
Where was Tyler MacDuff's child educated?	Tyler MacDuff's child was educated at Blair International Baccalaureate School in Pasadena. FINAL: Blair International Baccalaureate School in Pasadena.
How many miles are there between Nashville and the place in Tennessee where Mark Day was born?	Nashville is the capital of Tennessee, and Mark Day was born in Clarksville, Tennessee. The distance between Nashville and Clarksville is approximately 45 miles. FINAL: 45 miles
What is the name of the castle in the city where the performer of Sleep is the Enemy was formed?	The Canadian rock band Danko Jones, whose album "Sleep Is The Enemy" is mentioned, is from Toronto. However, none of the provided paragraphs mention a castle in Toronto. FINAL: The information provided does not specify a castle in the city where the performer of "Sleep Is The Enemy" was formed.
Who was in charge of the area where Pavilion Welgelegen is located?	The question refers to Pavilion Welgelegen, but the provided content does not mention this specific location or its administrator. Therefore, based on the given information, it is not possible to determine who was in charge of the area where Pavilion Welgelegen is located. FINAL: The provided content does not mention Pavilion Welgelegen or its administrator.
When was the last time the team that Malcolm Briggs was a member of beat the 1894-95 FA cup winner?	Malcolm Briggs was a member of Birmingham City. The 1894–95 FA Cup winner was Aston Villa. There is no information provided about Birmingham City beating Aston Villa in a match. FINAL: The information provided does not indicate when the team Malcolm Briggs was a member of (Birmingham City) last beat the 1894–95 FA Cup winner (Aston Villa).
Where was Obama's opponent in his first election educated?	Based on the provided information, there is no direct mention of where Obama's opponent in his first election was educated. The content only states that Obama's first election was for the State Assembly in 1942, where he lost the Republican primary to future U.S. Senator Clifford P. Case, future State Senator Kenneth Hand, and two others. However, it does not specify where these individuals were educated. FINAL: The information provided does not specify where Obama's opponent in his first election was educated.
What county was Tim Dubois born in?	Tim DuBois was born in Southwest City, Missouri. Southwest City is located in McDonald County. FINAL: McDonald County
Who did the original voice of the character Mila Kunis plays on Family Guy?	The original voice of the character Mila Kunis plays on Family Guy, Meg Griffin, was Lacey Chabert. FINAL: Lacey Chabert
Who many players can play in the game based on the show that Steven the Sword Fighter is part of?	The game allows four players to be equipped in a party. FINAL: 4
with what movie did Mary Philips' husband win his only oscar?	The question refers to "Mary Philips' husband," but there is no mention of a person named Mary Philips in the provided content. Therefore, the question cannot be answered based on the given information. FINAL: The question cannot be answered with the provided information.
According to QS World University Rankings, what is the ranking of the place that employed Said Ashour?	The provided content does not mention Said Ashour or any information related to the QS World University Rankings. Therefore, it is not possible to determine the ranking of the place that employed Said Ashour based on the given information. FINAL: The information required to answer the question is not available in the provided content.
Who is the child of the president who suffered a major defeat when the body which approves members of the American cabinet refused to ratify the Versailles treaty?	The question refers to the President who suffered a major defeat when the body that approves members of the American cabinet (the Senate) refused to ratify the Versailles treaty. This president was Woodrow Wilson. FINAL: Woodrow Wilson
Which competition did the performer of Cadore 33 participated?	The performer of *Cadore 33* is Sergio Dalma, a Spanish singer. The question refers to a competition, but the provided information does not mention Sergio Dalma participating in any specific competition. The content only states that he released *Cadore 33* as his album. FINAL: The information provided does not specify a competition that Sergio Dalma participated in.
The country that Eyal Golan is from lies within a certain region. When was the area that lies immediately to the north of that region established?	Eyal Golan is from Israel. The area immediately to the north of Israel is Lebanon. Lebanon was established as a country in 1920, following the dissolution of the Ottoman Empire. FINAL: 1920
What is the capital of the county that shares a border with the county where WAPL is licensed to broadcast?	The county where WAPL is licensed to broadcast is Brown County, Wisconsin. The county that shares a border with Brown County is Kewaunee County. The capital of Kewaunee County is Luxemburg. FINAL: Luxemburg
What was the percentage the Dow Jones fell during the time the first cake mix come out?	The question refers to the time when the first cake mix came out, but the provided content does not mention any specific time related to the introduction of a cake mix. Therefore, there is no information available to determine the percentage the Dow Jones fell during that time. FINAL: The question cannot be answered based on the provided information.
Who constituted the free corps in the country that the Free State of Mecklenburg-Schwerin is located in?	The question refers to the Free State of Mecklenburg-Schwerin, but the provided content does not mention this specific entity or its free corps. Therefore, based on the given information, it is not possible to determine who constituted the free corps in that country. FINAL: The provided content does not mention the Free State of Mecklenburg-Schwerin or its free corps.
Who is the spouse of the person who played Father in I Can Only Imagine?	The spouse of the person who played Father in "I Can Only Imagine" is Louise M. Spooner. FINAL: Louise M. Spooner
What county is the city that shares a border with the state capital of the state where the RBC Heritage Golf Tournament is played in?	The RBC Heritage Golf Tournament is played in Charleston, South Carolina. The state capital of South Carolina is Columbia. Charleston is located in Charleston County. FINAL: Charleston County
Where is the starting meridian for the longitude system on the world map?	The starting meridian for the longitude system on the world map is the Prime Meridian, which is defined as 0° longitude. This meridian passes through the Royal Observatory in Greenwich, England, and is internationally recognized as the reference point for measuring longitude. FINAL: The starting meridian for the longitude system is the Prime Meridian, located at 0° longitude, which passes through the Royal Observatory in Greenwich, England.
When did the town WLUJ is licensed in become capitol of the state in which a statue of a Latin mother goddess is located?	The question refers to a town named "WLUJ," which is not mentioned in the provided content. There is no information about a town named WLUJ or its licensing as a capital. The content mentions the "Alma Mater" statue, which is associated with the University of Illinois, but no direct connection to a town named WLUJ is provided. Therefore, the question cannot be answered based on the given information. FINAL: The question cannot be answered with the provided information.
What does the US believe caused the country where Ercole Manfredi died to help Japan?	The US believes that the country where Ercole Manfredi died was forced into certain actions by Japanese blackmail before being occupied by Japanese troops. FINAL: The US believes that the country where Ercole Manfredi died was forced into certain actions by Japanese blackmail before being occupied by Japanese troops.
What is the name of the major basketball team from the city where the Yongle emperor greeted the person to whom the edict was addressed?	The Yongle Emperor greeted the Karmapa, but the question refers to the city where this occurred, which is Nanjing. However, there is no mention of a major basketball team from Nanjing in the provided content. FINAL: The content does not provide information about a major basketball team in Nanjing.
What are the Genesis's advantages over the game platform with a 3 letter name abbreviation, featuring a game named after the league that chooses where the Super Bowl is held?	The question refers to the Nintendo Entertainment System (NES), which had a 3-letter name abbreviation. The NES had several advantages over its predecessor, the Atari 2600, including better game design, improved hardware, and a more reliable console. It also featured the popular game "NFL Football," which was named after the league that chooses the Super Bowl location. FINAL: The Nintendo Entertainment System (NES) had better hardware, game design, and reliability compared to its predecessor, and featured the game "NFL Football."
When was the last time George Hollis's team beat the 1894-95 FA Cup winner?	George Hollis was a goalkeeper for Small Heath, which was the 1894-95 FA Cup winner. However, there is no information provided about when his team last beat the 1894-95 FA Cup winner. FINAL: The information provided does not indicate when George Hollis's team last beat the 1894-95 FA Cup winner.
When does regular season start in the league where a team has played the most games in the competition where they give out the MLB MVP award after?	The regular season in Major League Baseball (MLB) starts in late March or early April. The MLB MVP award is given out during the regular season. FINAL: The regular season starts in late March or early April.
What does seal stand for in the operator of the list of destroyer classes of the operator of the USS Acme seals?	The term "seal" in the context of the USS Acme refers to a mine-sweeping vessel. The USS Acme (MSO-508) was a minesweeper, with "MSO" standing for "Mine Sweeper, Oceanic." The word "seal" here does not refer to the animal but is part of the ship's classification. FINAL: minesweeper
What did the person who discovered that all atoms of an element have the same number of protons participate in?	The person who discovered that all atoms of an element have the same number of protons was James Chadwick. He participated in the Tube Alloys project during the Second World War to build an atomic bomb. FINAL: James Chadwick participated in the Tube Alloys project during the Second World War to build an atomic bomb.
What specific part of the religious scripture that can be fit into a large, loose definition of legal literature does this document reference for Mary?	The document references the patristic interpretation of Genesis 3:15 as a part of religious scripture that can be fit into a large, loose definition of legal literature. FINAL: Genesis 3:15
When did Burma change its name to the country that is the natural boundary between the country that hosted the tournament and the country where A Don is located?	Burma changed its name to the Republic of the Union of Myanmar in 1989. The country that hosted the tournament is India, and the country where A Don is located is not specified in the provided content. FINAL: 1989
Which affiliate left the employer of Don Newman due to an agreement with CHBC?	FINAL: The question contains inaccurate information. There is no mention of "Don Newman" in the provided content. However, CHBC-TV in Kelowna joined E! (then known as CH) on February 27, 2006, due to an agreement with CFJC-TV in Kamloops.
Who is the spouse of the actor of Ethan in A Dog's Purpose?	The actor who played Ethan in *A Dog's Purpose* is KJ Apa. The question asks for the spouse of the actor, but no information about KJ Apa's spouse is provided in the given content. FINAL: The spouse of KJ Apa is not mentioned in the provided text.
When was the person who Messi's goals in Copa del Rey compared to get signed by Barcelona?	The person whose goals Messi's were compared to is Diego Maradona. The comparison was made after Messi scored a goal that was likened to Maradona's "Goal of the Century" during a match against Getafe in the Copa del Rey. FINAL: Diego Maradona
How long had the city at the center of East Asia during the North-South division been the capitol city of Yaxing Coach's headquarters location?	The question contains inaccuracies and confusion. During the North–South division, Nanjing was the capital of the Southern dynasties for more than two and a half centuries. However, there is no mention of "Yaxing Coach's headquarters location" in the provided content. FINAL: The question contains inaccuracies and cannot be answered based on the provided information.
Over how many slaves ended up getting emancipated on the birth place of Francis Watson?	The question refers to "the birth place of Francis Watson," but there is no direct information provided about Francis Watson's birthplace or the number of slaves emancipated there. The text mentions "Francis" in the context of the *Malcolm in the Middle* character Piama Tananahaakna's husband, but this is unrelated to historical emancipation. No specific number of emancipated slaves is provided for any location tied to a "Francis Watson." FINAL: The provided text does not contain information about the number of slaves emancipated in the birthplace of Francis Watson.
Who is the host of Who Wants to be a Millionaire in the country that MacGruder and Loud's creator is from?	Jorge Gabriel was the host of "Who Wants to Be a Millionaire?" in Portugal. MacGruder and Loud's creator, Aaron Spelling, is from the United States. However, the question refers to the host of "Who Wants to Be a Millionaire?" in the country of MacGruder and Loud's creator, which is the United States. The U.S. version of "Who Wants to Be a Millionaire?" was hosted by Regis Philbin, Meredith Vieira, Cedric the Entertainer, Terry Crews, and Chris Harrison. FINAL: Regis Philbin, Meredith Vieira, Ced
what is the former name of the country where the airport that Lion Air is part is located?	The former name of the country where the airport mentioned in the Lion Air content is located is Indonesia. FINAL: Indonesia
What does the US believe caused the country where Bodindecha was born to help Japan?	The US believes that the country where Bodindecha was born, Thailand, was forced into certain actions by Japanese blackmail before being occupied by Japanese troops. The US does not consider Thailand an former enemy but rather a country that was occupied and forced to act under pressure. FINAL: Thailand was forced into certain actions by Japanese blackmail before being occupied by Japanese troops.
What is the Till dom ensamma performer's birth date?	Mauro Scocco, the performer of "Till dom ensamma," was born on 11 September 1962. FINAL: 11 September 1962
Who played Seether's performer in willy wonka and the chocolate factory?	The question refers to "Seether's performer," but there is no mention of a character or performer named Seether in the provided content related to *Willy Wonka & the Chocolate Factory*. FINAL: The question contains an error or refers to a detail not present in the provided content.
When was the region that lies to the north of where Israel is located and where The World is located established?	The question refers to regions near Israel and The World, but no specific information is provided about the establishment of any region to the north of Israel or near The World. Therefore, the answer cannot be determined from the given content. FINAL: The answer cannot be determined from the provided information.
Who was the child of the 28th U.S. president?	Answer: Jessie Woodrow Wilson Sayre was the child of the 28th U.S. president, Woodrow Wilson. FINAL: Jessie Woodrow Wilson Sayre
In the Arabic dictionary what is the meaning of the word that also refers to the majority religion in India when the country containing the Neolithic graveyards was created?	The word "Hindu" in Arabic is referred to as "Al-Hind," which originally denoted the region of India, not specifically a religion. The majority religion in India is Hinduism. The country containing the Neolithic graveyards refers to the Indian subcontinent. FINAL: The word "Al-Hind" in the Arabic dictionary refers to the region of India, and the majority religion in India is Hinduism.
Who won the 1993 Indy Car Race in the largest city of the state where the library district and the city of Yuma share the same county?	The 1993 Indy Car Race in Phoenix, the largest city of Arizona, was won by Mario Andretti. The Yuma County Library District and the city of Yuma are located in Yuma County, Arizona. FINAL: Mario Andretti
What was the language from which the last name Sylvester originates during the era of the Frankish king who formed the Holy Roman Empire later known as?	The last name Sylvester originates from the Latin name "Silvester," which is derived from the Latin word "silva," meaning "forest." This name was common during the time of the Frankish king Charlemagne, who later became known as the Emperor of the Romans and was a key figure in the formation of the Holy Roman Empire. FINAL: Latin