What is John Mayne's occupation?	John Mayne's occupation was a British lawyer and legal expert. He served as acting Advocate-General of the Madras Presidency and was the author of "Mayne's Hindu Law." 
FINAL: British lawyer and legal expert	
What is Kathy Saltzman's occupation?	Kathy Saltzman is a Minnesota politician and former member of the Minnesota Senate. 
FINAL: Minnesota politician and former member of the Minnesota Senate.	
What is Eleanor Davis's occupation?	Eleanor Davis is a cartoonist and illustrator. 
FINAL: cartoonist and illustrator	
What is William Murray, 1st Earl of Mansfield's occupation?	William Murray, 1st Earl of Mansfield's occupation was a British judge, politician, lawyer, and peer. 
FINAL: judge, politician, lawyer, and peer.	
What is Þorsteinn Bachmann's occupation?	Þorsteinn Bachmann is an Icelandic film actor. 
FINAL: film actor	
What is Jacob Kraemer's occupation?	The question refers to "Jacob Kraemer," but the provided context only mentions "Franz Kraemer." Based on the context, Franz Kraemer was a Canadian radio producer, music composer, and television producer. There is no information about someone named Jacob Kraemer.
FINAL: The context does not provide information about Jacob Kraemer's occupation.	
What is Bae Geu-rin's occupation?	The question refers to "Bae Geu-rin," but the provided context does not mention this name. Therefore, there is no information available to determine Bae Geu-rin's occupation based on the given text.
FINAL: The provided context does not mention "Bae Geu-rin," so it is not possible to determine their occupation from the given information.	
What is John Floyd's occupation?	John Floyd's occupation was an American politician, planter, and military officer. 
FINAL: politician, planter, and military officer	
What is Sachiko Kokubu's occupation?	The provided context does not mention anyone named Sachiko Kokubu. Therefore, it is not possible to determine her occupation based on the given information.
FINAL: The provided context does not mention anyone named Sachiko Kokubu. Therefore, it is not possible to determine her occupation based on the given information.	
What is Akari Hayami's occupation?	Akari Hayami is a Japanese actress, model, and former idol singer. 
FINAL: actress, model, and former idol singer.	
What is Paris's occupation?	Paris is not a person and therefore does not have an occupation. The question seems to be based on a misunderstanding or misinterpretation of the context provided. The context mentions "Paris" in the title of a film and as a location, but not as a person.
FINAL: Paris is not a person and therefore does not have an occupation.	
What is Albert Bates's occupation?	Albert Bates's occupation is a lawyer, author, teacher, and environmental activist. He has been involved in the ecovillage movement, founded the Ecovillage Training Center, and has written several books on sustainability and climate change.
FINAL: Lawyer, author, teacher, and environmental activist.	
What is Heath's occupation?	Heath's occupation is a Japanese musician and singer-songwriter. He was best known as the bass guitarist of the rock band X Japan. 
FINAL: Japanese musician and singer-songwriter.	
What is Yoshiki Tonogai's occupation?	The provided context does not mention anyone named Yoshiki Tonogai. Therefore, it is not possible to determine his occupation based on the given information.
FINAL: The provided context does not mention anyone named Yoshiki Tonogai. Therefore, it is not possible to determine his occupation based on the given information.	
What is Thomas R. Whitney's occupation?	Thomas R. Whitney's occupation was a journalist, politician, and writer. He worked as an editor for the "New York Sunday Times" and later published his own paper, the "Sunday Morning News," and a magazine, "The Republic." He also served in political roles, including as a member of the New York State Senate and as a U.S. Congressman.
FINAL: journalist, politician, and writer	
What is Edwin Wallock's occupation?	None of the provided entries mention an individual named Edwin Wallock. Therefore, it is not possible to determine his occupation based on the given information.
FINAL: The provided information does not mention anyone named Edwin Wallock.	
What is Tsutomu Seki's occupation?	Answer: Japanese mathematician.  
FINAL: Japanese mathematician.	
What is Matthew McKay's occupation?	The provided context does not mention anyone named Matthew McKay, so it is not possible to determine his occupation based on the given information.
FINAL: The provided context does not mention anyone named Matthew McKay.	
What is Dominick Bellizzi's occupation?	Domenico Bellizzi's occupation is a poet. 
FINAL: poet	
What is Brendan Canty's occupation?	Brendan Canty is an American musician, composer, producer, and filmmaker. He is best known as the drummer for the band Fugazi. Additionally, he is a multi-instrumentalist, involved in soundtrack work, film scoring, directing, and various side projects.
FINAL: Musician, composer, producer, and filmmaker.	
What is María Elena Marqués's occupation?	María Elena Marqués was a Mexican actress and singer. 
FINAL: actress and singer	
What is Patrick O'Brien Demsey's occupation?	Patrick O'Brien Demsey's occupation is an actor. 
FINAL: actor	
What is Boutheina Jabnoun's occupation?	The provided context does not mention Boutheina Jabnoun or her occupation. Therefore, it is not possible to determine her occupation based on the given information.
FINAL: The provided context does not mention Boutheina Jabnoun or her occupation.	
What is Modou Dia's occupation?	Modou Barrow is a Gambian professional footballer. He plays as a winger and also as a forward for the Saudi Pro League club Al-Ahli and the Gambia national team.
FINAL: Modou Barrow is a Gambian professional footballer.	
What is Glenn Albrecht's occupation?	Glenn Albrecht's occupation is an environmental philosopher and academic. He was a Professor of Sustainability at Murdoch University and an honorary fellow in the School of Geosciences at the University of Sydney.
FINAL: environmental philosopher and academic	
What is Tobias Lindholm's occupation?	Tobias Lindholm is a Danish screenwriter and film director. 
FINAL: screenwriter and film director	
What is Ingrid Martinez's occupation?	The provided context does not mention Ingrid Martinez or her occupation. Therefore, it is not possible to determine her occupation based on the given information.
FINAL: The provided context does not mention Ingrid Martinez or her occupation.	
What is Tolis Voskopoulos's occupation?	The provided context does not mention anyone named Tolis Voskopoulos. Therefore, it is not possible to determine his occupation based on the given information.
FINAL: The provided context does not mention Tolis Voskopoulos.	
What is Marco Ameglio's occupation?	The provided context does not mention anyone named Marco Ameglio. Therefore, it is not possible to determine his occupation based on the given information.
FINAL: The provided context does not mention anyone named Marco Ameglio. Therefore, it is not possible to determine his occupation based on the given information.	
What is Mohd Sharkar Shamsudin's occupation?	Mohd Sharkar Shamsudin is a Malaysian politician. 
FINAL: Malaysian politician.	
What is Anthony Sharp's occupation?	Anthony Sharp was an actor. He appeared in various radio productions, including roles in "Steptoe and Son," "The Hitchhiker's Guide to the Galaxy," and "It Sticks Out Half a Mile." He also worked as an insurance policy draughtsman before training as an actor.
FINAL: actor	
What is Claire Berlinski's occupation?	Claire Berlinski is an American journalist and author. 
FINAL: journalist and author	
What is Russell Stokes's occupation?	The provided context does not mention anyone named Russell Stokes, so it is not possible to determine his occupation based on the given information.
FINAL: The provided context does not mention anyone named Russell Stokes.	
What is C. E. Webber's occupation?	The provided context does not mention C. E. Webber or their occupation. Therefore, it is not possible to determine their occupation based on the given information.
FINAL: The provided context does not mention C. E. Webber or their occupation.	
What is Muhammad Ali Luqman's occupation?	Muhammad Ali Luqman was a Yemeni lawyer, writer, and journalist. He also founded newspapers and was involved in political movements. 
FINAL: lawyer, writer, and journalist	
What is Ivo Perilli's occupation?	The provided context does not mention Ivo Perilli or his occupation. Therefore, it is not possible to determine his occupation based on the given information.
FINAL: The provided context does not mention Ivo Perilli or his occupation.	
What is Joseph Weydemeyer's occupation?	Joseph Weydemeyer was a military officer, journalist, politician, and Marxist revolutionary. He served as a lieutenant colonel in the Union Army during the American Civil War and was involved in socialist publications and political activities.
FINAL: military officer, journalist, politician, and Marxist revolutionary	
What is Ai's occupation?	Ai's occupation is a poet and educator.  
FINAL: poet and educator	
What is Rinaldo del Mel's occupation?	Rinaldo del Mel was a Franco-Flemish composer of the Renaissance, mainly active in Italy, and a member of the Roman School of composition. He was a skilled and prolific composer, especially of cyclic madrigals.
FINAL: Composer	
What is Annie Beustes's occupation?	Annie Beustes's occupation is not mentioned in the provided context. 
FINAL: The context does not provide information about Annie Beustes's occupation.	
What is Elisa Bridges's occupation?	Elisa Bridges was an American actress and model. 
FINAL: actress and model	
What is Domingo Eyzaguirre's occupation?	Domingo Eyzaguirre was a Chilean politician and philanthropist. He was involved in agricultural development, notably as the director of the Maipo Canal project, and held various public positions, including governor of the department of Victoria.
FINAL: politician and philanthropist	
What is Suzanne Lilar's occupation?	Suzanne Lilar was a Flemish Belgian essayist, novelist, and playwright. She was also a member of the Royal Academy of French Language and Literature. 
FINAL: novelist, essayist, and playwright	
What is Karen Redman's occupation?	Karen Redman's occupation is a Canadian politician. She currently serves as the chair of the Region of Waterloo and has previously served as a member of the House of Commons of Canada.
FINAL: Canadian politician.	
What is Eduard Looijenga's occupation?	Eduard Looijenga is a Dutch mathematician. He works in algebraic geometry and the theory of algebraic groups. He was a professor of mathematics at Utrecht University until his retirement in 2013 and has also held a professorship at Tsinghua University since then.
FINAL: Mathematician	
What is Petrus Camper's occupation?	Petrus Camper was a Dutch physician, anatomist, physiologist, midwife, zoologist, anthropologist, palaeontologist, and naturalist. He was also a scientist, inventor, and artist.
FINAL: Dutch physician, anatomist, physiologist, midwife, zoologist, anthropologist, palaeontologist, and naturalist.	
What is Jacopo Melani's occupation?	Jacopo Melani's occupation is a composer. 
FINAL: composer	
What is Charlotte von Hagn's occupation?	Charlotte von Hagn's occupation was a German actress. 
FINAL: German actress	
What is Michael Hutchings's occupation?	The provided context does not mention anyone named Michael Hutchings. Therefore, it is not possible to determine his occupation based on the given information.
FINAL: The provided context does not mention anyone named Michael Hutchings. Therefore, it is not possible to determine his occupation based on the given information.	
What is James Alex Msekela's occupation?	James Alex Msekela's occupation is a Tanzanian politician and diplomat. He served as Tanzania's ambassador to Italy.
FINAL: politician and diplomat	
What is Hiroyuki Arai's occupation?	Hiroyuki Arai's occupation is a Japanese singer, songwriter, and lyricist. 
FINAL: Japanese singer, songwriter, and lyricist.	
What is Melinda Mullins's occupation?	The question refers to "Melinda Mullins," but there is no information provided about a person named Melinda Mullins in the given context. The context mentions "Melinda" in the film "Melinda and Melinda" and "Eustace Mullins," a white supremacist, but no individual named Melinda Mullins is described.
FINAL: The context does not provide information about Melinda Mullins's occupation.	
What is Meyer Lutz's occupation?	Meyer Lutz was a German-born British composer and conductor. He is known for his work in light music, musical theatre, and burlesques. He also served as a theatrical conductor in London and was a music director at the Gaiety Theatre.
FINAL: composer and conductor	
What is Ludwig Lichtschein's occupation?	None of the provided entries mention a person named Ludwig Lichtschein. Therefore, it is not possible to determine his occupation based on the given information.
FINAL: The information provided does not mention Ludwig Lichtschein.	
What is Władysław Sławny's occupation?	The provided context does not mention anyone named Władysław Sławny. Therefore, it is not possible to determine his occupation based on the given information.
FINAL: The information provided does not mention Władysław Sławny.	
What is Johnson's occupation?	The provided context does not mention anyone named Johnson, so it is not possible to determine Johnson's occupation based on the given information.
FINAL: The provided context does not mention anyone named Johnson, so it is not possible to determine Johnson's occupation based on the given information.	
What is Walter Köbel's occupation?	The provided context does not mention anyone named Walter Köbel. Therefore, it is not possible to determine his occupation based on the given information.
FINAL: The provided context does not mention anyone named Walter Köbel. Therefore, it is not possible to determine his occupation based on the given information.	
What is Debbie Johnson's occupation?	The provided context does not mention anyone named Debbie Johnson. Therefore, it is not possible to determine her occupation based on the given information.
FINAL: The provided context does not mention anyone named Debbie Johnson. Therefore, it is not possible to determine her occupation based on the given information.	
What is Kekko Fornarelli's occupation?	Kekko Fornarelli is an Italian jazz pianist and composer. 
FINAL: Italian jazz pianist and composer.	
What is Adil Shamoo's occupation?	Adil Shamoo is a professor, biochemist, and analyst for Foreign Policy In Focus. He is also an author and ethics consultant. 
FINAL: Professor, biochemist, and analyst for Foreign Policy In Focus.	
What is Patrick Mulvany's occupation?	The provided context does not mention anyone named Patrick Mulvany. Therefore, it is not possible to determine his occupation based on the given information.
FINAL: The provided context does not mention anyone named Patrick Mulvany. Therefore, it is not possible to determine his occupation based on the given information.	
What is Gerard Kennedy's occupation?	Gerard Kennedy is a Canadian politician. He served as Ontario's minister of Education and was a Member of Parliament. He was also involved in social activism, particularly with food banks.
FINAL: Canadian politician	
What is Giora Godik's occupation?	Giora Godik was a theater producer and impresario. 
FINAL: theater producer and impresario.	
What is Lillian Lawrence's occupation?	Lillian Lawrence was an American theatre and silent film actress. 
FINAL: Actress	
What is Philip Rosenberg's occupation?	Philip Rosenberg's occupation was Prince-Bishop of Speyer. 
FINAL: Prince-Bishop of Speyer.	
What is Mariana Vicente's occupation?	The provided context does not mention anyone named Mariana Vicente. Therefore, it is not possible to determine her occupation based on the given information.
FINAL: The provided context does not mention anyone named Mariana Vicente. Therefore, it is not possible to determine her occupation based on the given information.	
What is Huntington Wilson's occupation?	Huntington Wilson's occupation was a United States diplomat and author. 
FINAL: diplomat and author	
What is Bala's occupation?	Bala's occupation is a film director, screenwriter, and film producer. 
FINAL: film director, screenwriter, and film producer.	
What is Steve Tom's occupation?	The provided context does not mention anyone named "Steve Tom" or his occupation. The name "Steve" appears in the context of the atmospheric phenomenon "STEVE" and in the name of Jim Boyd, but there is no information about "Steve Tom." 
FINAL: The provided context does not mention Steve Tom's occupation.	
What is Ilja Rosendahl's occupation?	Ilja Rosendahl is a German film and music producer, director, screenwriter, actor, songwriter, musician (vocals, guitars, bass) and voiceover artist.
FINAL: film and music producer, director, screenwriter, actor, songwriter, musician (vocals, guitars, bass) and voiceover artist.	
What is Thanasis Pafilis's occupation?	Thanasis Pafilis is a Greek communist politician. He is a member of the Hellenic Parliament and the Communist Party of Greece, and he is also the General Secretary of the World Peace Council.
FINAL: Greek communist politician	
What is Christopher Butson's occupation?	The provided context does not mention Christopher Butson or his occupation. Therefore, it is not possible to determine his occupation based on the given information.
FINAL: The provided context does not mention Christopher Butson or his occupation.	
What is Hate Man's occupation?	Hate Man's occupation was an American philosopher, activist, and former reporter for "The New York Times". 
FINAL: American philosopher, activist, and former reporter for "The New York Times"	
What is Rich Brightman's occupation?	Rich Brightman's occupation is a singer-songwriter. 
FINAL: singer-songwriter	
What is Edward Norton's occupation?	Edward Norton is an American actor and producer. He has also directed and acted in the crime film "Motherless Brooklyn" (2019) and starred in "The Painted Veil" (2006), among other films. Additionally, he is an environmental activist and social entrepreneur, serving as a trustee for non-profit organizations and as a UN Goodwill Ambassador for Biodiversity.
FINAL: Actor and producer.	
What is Jonathan Le Billon's occupation?	Jonathan Le Billon is a British actor. 
FINAL: actor	
What is Eliza Lawrence's occupation?	Eliza Lawrence was a Canadian territorial-level politician and member of the Legislative Assembly of the Northwest Territories. She also worked as a nurse and nutritional educator.
FINAL: Canadian territorial-level politician and member of the Legislative Assembly of the Northwest Territories.	
What is Charles Combe's occupation?	Charles Combe was an English physician and numismatist. He was also a Fellow of the Royal Society and the Society of Antiquaries of London. Additionally, he was involved in the management of William Hunter's museum and contributed to the field of numismatics through his publications.
FINAL: physician and numismatist	
What is GQ's occupation?	GQ is a monthly men's magazine.  
FINAL: magazine	
What is John D. Maurice's occupation?	The provided context does not mention John D. Maurice or his occupation. 
FINAL: The question cannot be answered based on the given information.	
What is Harvey Benge's occupation?	Harvey Benge's occupation was a trumpet player and manufacturer. He was a principal trumpet player in orchestras and later became a manufacturer of trumpets.
FINAL: trumpet player and manufacturer	
What is Alan Huckle's occupation?	The provided context does not mention anyone named Alan Huckle. Therefore, it is not possible to determine his occupation based on the given information.
FINAL: The provided context does not mention anyone named Alan Huckle. Therefore, it is not possible to determine his occupation based on the given information.	
What is Sylwester Braun's occupation?	The provided context does not mention Sylwester Braun or his occupation. Therefore, it is not possible to determine his occupation based on the given information.
FINAL: The provided context does not mention Sylwester Braun or his occupation.	
What is Jack Mackenzie's occupation?	Jack Mackenzie's occupation was a Canadian civil engineer, chancellor of Carleton University, president of the National Research Council, and first president of Atomic Energy of Canada Limited. 
FINAL: Canadian civil engineer, chancellor of Carleton University, president of the National Research Council, and first president of Atomic Energy of Canada Limited.	
What is Ernst Theodor Echtermeyer's occupation?	Ernst Theodor Echtermeyer's occupation is not explicitly mentioned in the provided context. However, it is noted that he is related to Curt Echtermeyer, the painter, and that he is mentioned alongside the sculptor Carl Friedrich Echtermeier, formerly Echtermeyer. Based on this, it can be inferred that Ernst Theodor Echtermeyer may have been involved in the arts, but his specific occupation is not stated.
FINAL: The context does not specify Ernst Theodor Echtermeyer's occupation.	
What is Felicia Chateloin's occupation?	The provided context does not mention anyone named Felicia Chateloin. Therefore, it is not possible to determine her occupation based on the given information.
FINAL: The provided context does not mention Felicia Chateloin.	
What is Bedřich Feigl's occupation?	The provided context does not mention anyone named Bedřich Feigl. The only Feigl mentioned is Fritz Feigl, who was a chemist. 
FINAL: chemist	
What is Björn Böhning's occupation?	Björn Böhning is a German politician. He has served as State Secretary at the Federal Ministry of Labour and Social Affairs and held various roles within the Social Democratic Party (SPD).
FINAL: German politician	
What is Stanley Peiris's occupation?	Stanley Peiris was a Sri Lankan musician and musical composer. He was also a teacher at St. Anthony's College, Kandy.
FINAL: Musician and musical composer.	
What is J. Da Silva's occupation?	J. Da Silva's occupation is a painter, graphic artist, and photographer. 
FINAL: painter, graphic artist, and photographer.	
What is Carsten Carlsen's occupation?	Carsten Carlsen's occupation was a sea-captain. 
FINAL: sea-captain	
What is Shiva Nageswara Rao's occupation?	Siva Nageswara Rao is an Indian film director and screenwriter. 
FINAL: Indian film director and screenwriter.	
What is Fritz Goos's occupation?	Fritz Goos was a German physicist and astronomer. He worked in optical spectroscopy and investigated the emission and absorption properties of various objects. 
FINAL: physicist and astronomer	
What is Alexander Gadolin's occupation?	Johan Gadolin was a Finnish chemist, physicist, and mineralogist. He is known for discovering yttrium, a rare-earth element, and for his contributions to the field of chemistry, including his work on specific heat and latent heat. He also played a significant role in the development of chemistry research in Finland.
FINAL: Chemist, physicist, and mineralogist.	
What is Kamya Panjabi's occupation?	Kamya Panjabi is an Indian actress and politician. 
FINAL: Indian actress and politician.	
What is John Strange's occupation?	John Strange's occupation was an English diplomat and author. 
FINAL: English diplomat and author.	
What is Everley Gregg's occupation?	The provided context does not mention Everley Gregg or their occupation. Therefore, it is not possible to determine Everley Gregg's occupation based on the given information.
FINAL: The provided context does not mention Everley Gregg or their occupation.	
What is Meg McCall's occupation?	The provided context does not mention anyone named Meg McCall, so it is not possible to determine her occupation based on the given information.
FINAL: The provided context does not mention anyone named Meg McCall.	
What is Todd Verow's occupation?	None of the provided texts mention Todd Verow or his occupation. Therefore, it is not possible to determine his occupation based on the given information.
FINAL: The information provided does not mention Todd Verow's occupation.	
What is Kyaw Swe's occupation?	Kyaw Swe was a Burmese actor and film director. 
FINAL: actor and film director	
What is Edwin H. Knopf's occupation?	Edwin H. Knopf was an American film director, producer, and screenwriter. 
FINAL: film director, producer, and screenwriter	
What is Tatiana Doronina's occupation?	Tatiana Doronina's occupation is a Soviet/Russian actress. 
FINAL: actress	
What is Marina Baker's occupation?	Marina Baker is a British politician, writer, actor, and former model. She has also worked as a journalist and is an author of children's books on Witchcraft. Additionally, she has been involved in local politics and environmental activism.
FINAL: British politician, writer, actor, and former model.	
What is Giuseppe Demachi's occupation?	Giuseppe Demachi was an Italian composer and violinist. 
FINAL: composer and violinist	
What is Atsushi Kaneko's occupation?	The provided context does not mention anyone named Atsushi Kaneko. The only Kaneko mentioned is Hiroshi Kaneko, the founder of the video game publisher Kaneko. There is no information about Atsushi Kaneko's occupation.
FINAL: The provided context does not mention Atsushi Kaneko's occupation.	
What is Richard Faith's occupation?	Richard Faith's occupation was an American composer, concert pianist, professor of piano, and published composer of piano pedagogy literature, orchestral and chamber works, opera, and songs.
FINAL: American composer, concert pianist, professor of piano, and published composer of piano pedagogy literature, orchestral and chamber works, opera, and songs.	
What is E. David Redwine's occupation?	The provided context does not mention E. David Redwine or his occupation. 
FINAL: The information about E. David Redwine's occupation is not available in the given context.	
What is Chiara Zanni's occupation?	The provided context does not mention anyone named Chiara Zanni. The information given refers to "Zanni" as a character in "commedia dell'arte" and other individuals with the surname Zanni, but there is no information about a person named Chiara Zanni.
FINAL: The context does not provide information about Chiara Zanni's occupation.	
What is P. J. Moloney's occupation?	The provided context does not mention P. J. Moloney or his occupation. Therefore, it is not possible to determine his occupation based on the given information.
FINAL: The provided context does not mention P. J. Moloney or his occupation.	
What is Andreas Rüdiger's occupation?	The provided context does not mention anyone named Andreas Rüdiger. Therefore, it is not possible to determine his occupation based on the given information.
FINAL: The provided context does not mention anyone named Andreas Rüdiger. Therefore, it is not possible to determine his occupation based on the given information.	
What is Guillem Ramon de Gironella's occupation?	Guillem Ramon de Gironella was a Catalan troubadour. He was also identified as a canon, indicating he held a clerical position. 
FINAL: troubadour and canon	
What is Dima Grigoriev's occupation?	Dima Grigoriev is a Russian mathematician. His research focuses on algebraic geometry, symbolic computation, and computational complexity theory in computer algebra. He has held various academic positions, including professor at Penn State University and Research Director at CNRS in France.
FINAL: Mathematician	
What is Paddy Mullins's occupation?	Paddy Mullins was an Irish racehorse trainer. 
FINAL: racehorse trainer	
What is Alan Mauritz Swanson's occupation?	The provided context does not mention Alan Mauritz Swanson or his occupation. 
FINAL: The provided context does not mention Alan Mauritz Swanson or his occupation.	
What is Harvey William Burk's occupation?	The provided context does not mention an individual named "Harvey William Burk." Therefore, it is not possible to determine his occupation based on the given information.
FINAL: The provided context does not mention an individual named "Harvey William Burk." Therefore, it is not possible to determine his occupation based on the given information.	
What is Richard Sandrak's occupation?	Richard Sandrak's occupation includes being a bodybuilder, martial artist, and actor. He is also known for his appearance in the documentary "The World's Strongest Boy."
FINAL: bodybuilder, martial artist, and actor	
What is Jim Boyd's occupation?	Jim Boyd's occupation is an American TV news anchor and actor. He was a weekend, early morning, and midday news anchor and reporter for WCVB-TV and is currently working as an actor in major motion pictures and television productions.
FINAL: American TV news anchor and actor	
What is Nosrat Karimi's occupation?	Nosrat Karimi was an Iranian actor, director, make-up artist, professor, scriptwriter, and sculptor.  
FINAL: actor, director, make-up artist, professor, scriptwriter, and sculptor.	
What is Jörg A. Eggers's occupation?	The provided context does not mention Jörg A. Eggers or his occupation. Therefore, it is not possible to determine his occupation based on the given information.
FINAL: The provided context does not mention Jörg A. Eggers or his occupation.	
What is Duilio Forte's occupation?	Duilio Forte is an Italian-Swedish artist and architect. He is known for creating large sculptures and unique exterior sculptural saunas. He also teaches at the Nuova Accademia Belle Arti di Milano and other institutions in Italy. His work includes the "ArkiZoic Manifesto," which outlines his architectural style. 
FINAL: Artist and architect	
What is Giovanni Grasso's occupation?	Giovanni Grasso is an Italian judge. He served as an international judge of the Constitutional Court of Bosnia and Herzegovina and was a professor of criminal law at the University of Catania.
FINAL: Italian judge	
What is Adam Darr's occupation?	Adam Darr's occupation was a German classical guitarist, singer, zither player, and composer. 
FINAL: guitarist, singer, zither player, and composer	
What is Paul Lieber's occupation?	The provided context does not mention anyone named Paul Lieber. The only reference to a "Lieber" is Franz Lieber, who was a German lawyer, political philosopher, and combat veteran of the Napoleonic Wars, and who created the Lieber Code. There is no information about Paul Lieber's occupation.
FINAL: The provided context does not mention Paul Lieber's occupation.	
What is Keiko Aizawa's occupation?	The question refers to "Keiko Aizawa," but the provided context only mentions "Aizawa Seishisai," who was a Japanese scholar and educator. There is no information about "Keiko Aizawa" in the given content.
FINAL: The information provided does not mention anyone named Keiko Aizawa.	
What is Petros Efthymiou's occupation?	Petros Efthymiou is a Greek academic and politician. He has served as a minister, MEP, and is currently the parliamentary spokesman of his party. 
FINAL: Greek academic and politician.	
What is Isobel Pravda's occupation?	Isobel Pravda's occupation is a professional drama teacher. 
FINAL: drama teacher	
What is Seungri's occupation?	Seungri's occupation was a South Korean former singer-songwriter and convicted criminal. He was a former member of the boy band BigBang.
FINAL: South Korean former singer-songwriter and convicted criminal.	
What is DM Sevilla's occupation?	The provided context does not mention anyone named DM Sevilla, so it is not possible to determine their occupation based on the given information. 
FINAL: The provided context does not mention DM Sevilla.	
What is Carlo Giustini's occupation?	The question refers to "Carlo Giustini," but there is no mention of a person by that name in the provided context. The closest match is Lodovico Giustini, who was an Italian composer and keyboard player. 
FINAL: Italian composer and keyboard player.	
What is Hugo Becker's occupation?	Hugo Becker was a German cellist, cello teacher, and composer. 
FINAL: cellist, cello teacher, and composer	
What is Per Risvik's occupation?	Per Risvik's occupation was a Norwegian politician. He was a member of the Progress Party and held various political positions, including being elected to the Storting and serving in local government roles.
FINAL: Norwegian politician	
What is Eleanor Yule's occupation?	Eleanor Yule's occupation includes being a film and television producer, lecturer, and co-writer. She has also worked as a writer and educator.
FINAL: film and television producer, lecturer, and co-writer.	
What is Claire Adams's occupation?	The provided context does not mention anyone named Claire Adams. Therefore, it is not possible to determine her occupation based on the given information.
FINAL: The provided context does not mention anyone named Claire Adams. Therefore, it is not possible to determine her occupation based on the given information.	
What is Lothrop Stoddard's occupation?	Lothrop Stoddard was an American historian, journalist, political scientist, and white supremacist. He was also a writer and author of several books on race and civilization.
FINAL: Historian, journalist, political scientist, and white supremacist.	
What is Chris Lang's occupation?	Chris Lang's occupation is a British actor and screenwriter. He is known for his work as a writer, creator, and executive producer of "Unforgotten," and has written for various British television series.
FINAL: British actor and screenwriter	
What is Pamela Winslow's occupation?	The provided context does not mention Pamela Winslow or her occupation. 
FINAL: The context does not provide information about Pamela Winslow's occupation.	
What is Zoran Rankić's occupation?	Zoran Šami was a politician and academic. He served as the speaker of the Parliament of Serbia and Montenegro and worked as an associate professor at the Faculty of Transport and Traffic Engineering in Belgrade. He also held positions in the Democratic Party of Serbia and was involved in education and politics.
FINAL: politician and academic	
What is George Minor's occupation?	The provided context does not mention George Minor or his occupation. Therefore, it is not possible to determine his occupation based on the given information.
FINAL: The provided context does not mention George Minor or his occupation.	
What is Anjali Sudhakar's occupation?	The provided context does not mention anyone named Anjali Sudhakar, so it is not possible to determine their occupation based on the given information.
FINAL: The provided context does not mention anyone named Anjali Sudhakar.	
What is Jean Gabriel Marie's occupation?	The provided context does not mention anyone named Jean Gabriel Marie. Therefore, it is not possible to determine his occupation based on the given information.
FINAL: The provided context does not mention anyone named Jean Gabriel Marie. Therefore, it is not possible to determine his occupation based on the given information.	
What is George Birnie Esslemont's occupation?	George Birnie Esslemont's occupation was a physician and a Baháʼí religious figure. He was also a translator and an author of Baháʼí texts. Additionally, he was involved in the conceptualization of a national health service and contributed to the establishment of the British National Health Service.
FINAL: physician and Baháʼí religious figure	
What is Ajay Kumar Parida's occupation?	Ajay Kumar Parida was an Indian biologist. 
FINAL: biologist	
What is A. Lawrence Kocher's occupation?	A. Lawrence Kocher was an American architect, editor, and teacher. He was a pioneering advocate of modern architecture and the preservation of historic landmarks. He served as Director of the McIntire School of Art and Architecture at the University of Virginia and was the managing editor of Architectural Record. He also collaborated with Swiss architect Albert Frey on notable buildings.
FINAL: architect, editor, and teacher	
What is John Andrew Martin's occupation?	John Andrew Martin's occupation was an American journalist, attorney, soldier, and politician. He represented Colorado in the U.S. House of Representatives and served in the military during World War I.
FINAL: American journalist, attorney, soldier, and politician.	
What is Maurice Le Boucher's occupation?	Maurice Boucher's occupation was a Canadian gangster, convicted murderer, reputed drug trafficker, and outlaw biker. He was once the president of the Quebec Nomads chapter of the Hells Angels Motorcycle Club.
FINAL: Canadian gangster, convicted murderer, reputed drug trafficker, and outlaw biker.	
What is Martin Shapiro's occupation?	The provided context does not mention anyone named Martin Shapiro. The names mentioned are Edwin Borchard, Karl Shapiro, The Hate Man (Mark Hawthorne), A. Lawrence Kocher, Lieber Code, Honor Harger, Albert Bates, Charles Joseph Bonaparte, and Eustace Mullins. None of these entries refer to Martin Shapiro. 
FINAL: The information provided does not mention Martin Shapiro's occupation.	
What is Lewis J. Rachmil's occupation?	The provided context does not mention Lewis J. Rachmil or his occupation. 
FINAL: The information about Lewis J. Rachmil's occupation is not available in the given context.	
What is René Bégin's occupation?	René Bégin's occupation is not directly mentioned in the provided context. However, based on the name "Steve Bégin" in the context, it is possible that there is a confusion in the name. Assuming the question refers to Steve Bégin, his occupation is a professional ice hockey player. 
FINAL: professional ice hockey player	
What is Louis O'Dea's occupation?	The provided context does not mention anyone named Louis O'Dea. Therefore, it is not possible to determine his occupation based on the given information.
FINAL: The provided context does not mention anyone named Louis O'Dea. Therefore, it is not possible to determine his occupation based on the given information.	
What is Guo Gengmao's occupation?	Guo Gengmao's occupation is a Chinese politician. He served as Communist Party Secretary and Governor of Henan Province, as well as Governor of Hebei Province.
FINAL: Chinese politician	
What is Jacques Monasch's occupation?	The provided context does not mention Jacques Monasch or his occupation. 
FINAL: The context does not provide information about Jacques Monasch's occupation.	
What is Robert Antoine's occupation?	Robert Antoine's occupation was a Belgian Jesuit priest, missionary in India, and professor of Comparative Literature at Jadavpur University. He was also a Sanskritist, musician, and co-founder of Shanti Bhavan. 
FINAL: Jesuit priest, missionary, and professor of Comparative Literature	
What is Howard Fowles's occupation?	The provided context does not mention anyone named Howard Fowles. However, it does mention Ian Fowles, who is an American musician, author, and actor. 
FINAL: musician, author, and actor	
What is Đurđa Ivezić's occupation?	The question refers to "Đurđa Ivezić," but the provided context only mentions "Zvonko Ivezić," a Yugoslav and Serbian football manager and player. There is no information about "Đurđa Ivezić" in the given content.
FINAL: The information about Đurđa Ivezić is not available in the provided context.	
What is Jeet Ganguly's occupation?	Jeet Ganguly is an Indian score composer, music director, and playback singer. 
FINAL: Jeet Ganguly's occupation is a score composer, music director, and playback singer.	
What is Akimasa Nakamura's occupation?	The provided context does not mention anyone named Akimasa Nakamura. However, it does mention Yoshikawa Akimasa, who was a Japanese bureaucrat, statesman, and cabinet minister. There is no information about an individual named Akimasa Nakamura.
FINAL: The context does not provide information about Akimasa Nakamura's occupation.	
What is Jean-Marie-Victor Viel's occupation?	The provided context does not mention Jean-Marie-Victor Viel or his occupation. Therefore, it is not possible to determine his occupation based on the given information.
FINAL: The provided context does not mention Jean-Marie-Victor Viel or his occupation.	
What is Eckart von Hirschhausen's occupation?	Eckart von Hirschhausen is a German doctor, talk show host, comedian, and cabaret artist. He is also a writer, magician, and speaker specializing in communication and motivational training.
FINAL: Doctor, talk show host, comedian, and cabaret artist.	
What is Val McLane's occupation?	The provided context does not mention anyone named Val McLane. Therefore, it is not possible to determine Val McLane's occupation based on the given information.
FINAL: The provided context does not mention Val McLane.	
What is Edwin N. Hubbell's occupation?	Edwin N. Hubbell was an American politician. He served one term in the United States House of Representatives from 1865 to 1867.
FINAL: politician	
What is Mariví Bilbao's occupation?	Mariví Bilbao's occupation was an actress. 
FINAL: actress	
What is Dick Rude's occupation?	Rick Rude's occupation was a professional wrestler. 
FINAL: Professional wrestler.	
What is Harding of Bristol's occupation?	The provided context does not mention "Harding of Bristol" or their occupation. Therefore, it is not possible to determine the answer based on the given information.
FINAL: The provided context does not mention "Harding of Bristol" or their occupation.	
What is Gina Krog's occupation?	Gina Krog's occupation was a Norwegian suffragist, teacher, liberal politician, writer, and editor. She was a major figure in liberal feminism in Scandinavia and played a central role in the Norwegian liberal women's rights movement.
FINAL: suffragist, teacher, liberal politician, writer, and editor	
What is Petr Mlsna's occupation?	The provided context does not mention anyone named Petr Mlsna. Therefore, it is not possible to determine his occupation based on the given information.
FINAL: The provided context does not mention Petr Mlsna.	
What is Neville Ashenheim's occupation?	The provided context does not mention anyone named Neville Ashenheim. Therefore, it is not possible to determine his occupation based on the given information.
FINAL: The provided context does not mention anyone named Neville Ashenheim. Therefore, it is not possible to determine his occupation based on the given information.	
What is Lorena Corona Valdés's occupation?	Lorena Corona Valdés is a Mexican politician.
FINAL: Mexican politician.	
What is Honor Harger's occupation?	Honor Harger is an Executive Director of the ArtScience Museum in Singapore and a curator. She is also an artist with a focus on new technologies and has been involved in various art and technology projects.
FINAL: Executive Director of the ArtScience Museum in Singapore and curator.	
What is Clement Baker's occupation?	Marina Baker is a British politician, writer, actor, and former model. She was "Playboy"'s Playmate of the Month for March 1987. She has also worked as a waitress and glamour model. Her career in politics began at age 18, influenced by her mother's environmental activism and her relationship with PR boss Matthew Freud. She has written children's books and has been involved in various artistic endeavors.
FINAL: Politician, writer, actor, and former model.	
What is Alleppey Vincent's occupation?	Alleppey Vincent's occupation was an Indian film actor in Malayalam cinema. He is known for acting in the first talkie made in Malayalam, "Balan" (1938), and for being the first person to record his voice in a Malayalam cinema. He also acted in several other films and was involved in the film industry through his work with Udaya Pictures and other film production activities.
FINAL: Indian film actor in Malayalam cinema.	
In what city was Belarmino Mario Chipongue born?	The provided context does not mention the birthplace of Belarmino Mario Chipongue. 
FINAL: The context does not provide information about the birthplace of Belarmino Mario Chipongue.	
In what city was Raju Kaji Shakya born?	The provided context does not mention Raju Kaji Shakya or his birthplace. 
FINAL: The context does not provide information about Raju Kaji Shakya's birthplace.	
In what city was Alastair Heathcote born?	None of the provided texts mention a person named Alastair Heathcote. Therefore, it is not possible to determine the city of birth based on the given information.
FINAL: The information provided does not mention Alastair Heathcote's birthplace.	
In what city was William Marshall Craig born?	The provided context does not mention William Marshall Craig or his birthplace. 
FINAL: The context does not provide information about the birthplace of William Marshall Craig.	
In what city was Philipp Crone born?	The provided context does not mention a person named Philipp Crone. Therefore, it is not possible to determine the city of birth based on the given information.
FINAL: The provided context does not mention Philipp Crone.	
In what city was Danie Mellor born?	Danie Mellor was born in Mackay, Queensland. 
FINAL: Mackay, Queensland	
In what city was Endre Bálint born?	The provided context does not mention Endre Bálint or his birthplace. 
FINAL: The information about Endre Bálint's birthplace is not available in the given context.	
In what city was Aleksandr Nekrasov born?	Nikolay Alexeyevich Nekrasov was born in Nemyriv, which is now in Vinnytsia Oblast, Ukraine. 
FINAL: Nemyriv	
In what city was Louis François Antoine Arbogast born?	Louis François Antoine Arbogast was born in Mutzig in Alsace. 
FINAL: Mutzig in Alsace.	
In what city was Austin Cuvillier born?	Austin Cuvillier was born in Quebec City, Province of Quebec. 
FINAL: Quebec City, Province of Quebec.	
In what city was Bert Myers born?	The question refers to "Bert Myers," but the provided context only mentions "John Myers Myers." Assuming "Bert Myers" is a mistake and refers to "John Myers Myers," he was born in Northport, Long Island. 
FINAL: Northport, Long Island	
In what city was Scott Fraser born?	Scott Fraser was born in Ottawa, Ontario. 
FINAL: Ottawa	
In what city was Giuseppe Castelli born?	The provided context does not mention Giuseppe Castelli or his birthplace. 
FINAL: The information is not available in the given context.	
In what city was Jacob Duck born?	The provided context does not mention anyone named Jacob Duck. Therefore, it is not possible to determine the city of birth based on the given information.
FINAL: The question cannot be answered with the provided context.	
In what city was Parnelli Jones born?	Parnelli Jones was born in Texarkana, Arkansas. 
FINAL: Texarkana, Arkansas	
In what city was Yinka Ayenuwa born?	The question refers to "Yinka Ayenuwa," but the provided context only mentions "Yinka Dare," a Nigerian basketball player. Assuming the question is about Yinka Dare, he was born in Kano, Nigeria.
FINAL: Kano	
In what city was Phil Williams born?	The provided context does not mention Phil Williams or his birthplace. 
FINAL: The question cannot be answered based on the given information.	
In what city was Jack Kachkar born?	Jack Kachkar was born in Damascus, Syria. 
FINAL: Damascus, Syria	
In what city was Gustavo Grondona born?	The provided context does not mention Gustavo Grondona or his birthplace. Therefore, it is not possible to determine the city where he was born based on the given information.
FINAL: The information provided does not include details about Gustavo Grondona's birthplace.	
In what city was Bastien Lecouffe-Deharme born?	Bastien Lecouffe-Deharme was born in Vannes.
FINAL: Vannes	
In what city was Betty Francisco born?	The provided context does not mention Betty Francisco or her birthplace. 
FINAL: The information about Betty Francisco's birthplace is not available in the given context.	
In what city was Hans-Jörg Voigt born?	Hans-Jörg Voigt was born in Dresden, East Germany. 
FINAL: Dresden	
In what city was Charlie Davis born?	The provided context does not mention anyone named Charlie Davis. Therefore, it is not possible to determine the city where Charlie Davis was born based on the given information.
FINAL: The question cannot be answered with the provided context.	
In what city was Marnus Labuschagne born?	Marnus Labuschagne was born in Klerksdorp, South Africa. 
FINAL: Klerksdorp	
In what city was Leslie Douglas Jackson born?	Leslie Douglas Jackson was born in Brisbane, Queensland. 
FINAL: Brisbane	
In what city was Ricardo Maliandi born?	Ricardo Maliandi was born in La Plata. 
FINAL: La Plata	
What is Fairfax M. Cone's occupation?	Fairfax M. Cone's occupation was an American businessman, advertising executive, and former director of the American Association of Advertising Agencies. He also worked as an advertising clerk and later as a copywriter at an advertising agency.

FINAL: businessman, advertising executive, and former director of the American Association of Advertising Agencies.
In what city was Charles Joseph Bonaparte born?	Charles Joseph Bonaparte was born in Baltimore, Maryland. 

FINAL: Baltimore, Maryland.
In what city was Fernand Cornez born?	The provided context does not mention Fernand Cornez or his birthplace. 

FINAL: The information about Fernand Cornez's birthplace is not available in the given context.
In what city was James M. Bingham born?	The provided context does not mention James M. Bingham or his birthplace. 

FINAL: The information about James M. Bingham's birthplace is not available in the given context.