Were Scott Derrickson and Ed Wood of the same nationality?	Yes, Scott Derrickson and Ed Wood were both American. FINAL: Yes
What government position was held by the woman who portrayed Corliss Archer in the film Kiss and Tell?	The woman who portrayed Corliss Archer in the film *Kiss and Tell* was Shirley Temple. She later served as United States ambassador to Ghana and to Czechoslovakia. FINAL: Ambassador to Ghana and Czechoslovakia.
What science fantasy young adult series, told in first person, has a set of companion books narrating the stories of enslaved worlds and alien species?	The Animorphs series, told in first person, has a set of companion books narrating the stories of enslaved worlds and alien species. FINAL: Animorphs
Are the Laleli Mosque and Esma Sultan Mansion located in the same neighborhood?	No, the Laleli Mosque is located in Laleli, Fatih, Istanbul, while the Esma Sultan Mansion is located in the Ortaköy neighborhood of Istanbul. FINAL: No.
The director of the romantic comedy "Big Stone Gap" is based in what New York city?	The director of the romantic comedy "Big Stone Gap" is Adriana Trigiani, who is based in Greenwich Village, New York City. FINAL: New York City
2014 S/S is the debut album of a South Korean boy group that was formed by who?	2014 S/S is the debut album of the South Korean boy group WINNER, which was formed by YG Entertainment. FINAL: YG Entertainment
Who was known by his stage name Aladin and helped organizations improve their performance as a consultant?	Eenasul Fateh, known by his stage name Aladin, was a former international management consultant. FINAL: Eenasul Fateh
The arena where the Lewiston Maineiacs played their home games can seat how many people?	The Lewiston Maineiacs played their home games at the Androscoggin Bank Colisée, which can seat 3,677 people. FINAL: 3,677
Who is older, Annie Morton or Terry Richardson?	Annie Morton was born on October 8, 1970. Terry Richardson was born on August 14, 1965. Therefore, Terry Richardson is older. FINAL: Terry Richardson
Are Local H and For Against both from the United States?	Yes, Local H and For Against are both from the United States. FINAL: Yes, Local H and For Against are both from the United States.
What is the name of the fight song of the university whose main campus is in Lawrence, Kansas and whose branch campuses are in the Kansas City metropolitan area?	The fight song of the University of Kansas is "Kansas Song (We’re From Kansas)." FINAL: Kansas Song (We’re From Kansas)
What screenwriter with credits for "Evolution" co-wrote a film starring Nicolas Cage and Téa Leoni?	David Weissman is a screenwriter and director. His film credits include "The Family Man" (2000), "Evolution" (2001), and "When in Rome" (2010). The film "The Family Man" was written by David Diamond and David Weissman and stars Nicolas Cage and Téa Leoni. FINAL: David Weissman
What year did Guns N Roses perform a promo for a movie starring Arnold Schwarzenegger as a former New York Police detective?	The year Guns N' Roses performed a promo for a movie starring Arnold Schwarzenegger as a former New York Police detective is 1999. The song "Oh My God" was released as a promo for the film "End of Days," which features Schwarzenegger as a former NYPD detective. FINAL: 1999
Are Random House Tower and 888 7th Avenue both used for real estate?	Yes, both the Random House Tower and 888 7th Avenue are used for real estate purposes. The Random House Tower is a mixed-use building that serves as a headquarters for a book publisher and a luxury apartment complex. 888 7th Avenue is an office skyscraper, currently housing the corporate headquarters of Vornado Realty Trust, a real estate company. Therefore, both buildings are directly involved in real estate activities. FINAL: Yes.
The football manager who recruited David Beckham managed Manchester United during what timeframe?	The football manager who recruited David Beckham was Alex Ferguson, who managed Manchester United from 1986 to 2013. FINAL: 1986 to 2013
Brown State Fishing Lake is in a country that has a population of how many inhabitants ?	Brown County, Kansas, is part of the United States. As of the 2020 census, the population of the United States is approximately 331 million. FINAL: 331 million
The Vermont Catamounts men's soccer team currently competes in a conference that was formerly known as what from 1988 to 1996?	The Vermont Catamounts men's soccer team currently competes in the America East Conference. The conference was formerly known as the North Atlantic Conference from 1988 to 1996. FINAL: North Atlantic Conference
Are Giuseppe Verdi and Ambroise Thomas both Opera composers ?	Yes, Giuseppe Verdi and Ambroise Thomas are both opera composers. Giuseppe Verdi was an Italian opera composer, and Ambroise Thomas was a French composer known for his operas "Mignon" and "Hamlet." FINAL: Yes, Giuseppe Verdi and Ambroise Thomas are both opera composers.
Roger O. Egeberg was Assistant Secretary for Health and Scientific Affairs during the administration of a president that served during what years?	Roger O. Egeberg was Assistant Secretary for Health and Scientific Affairs during the Nixon administration. Richard Nixon served as President from 1969 until 1974. FINAL: 1969–1974
Which writer was from England, Henry Roth or Robert Erskine Childers?	Henry Roth was an American novelist and short story writer. Robert Erskine Childers was an English-born writer and Irish nationalist. FINAL: Robert Erskine Childers
Which other Mexican Formula One race car driver has held the podium besides the Force India driver born in 1990?	Sergio Pérez is the Mexican Formula One driver who has held the podium. He was born in 1990 and currently races with Sahara Force India F1 Team. FINAL: Sergio Pérez
This singer of A Rather Blustery Day also voiced what hedgehog?	The singer of "A Rather Blustery Day" is Jim Cummings, who also voiced Dr. Robotnik in "Sonic the Hedgehog." FINAL: Dr. Robotnik
Aside from the Apple Remote, what other device can control the program Apple Remote was originally designed to interact with?	The Apple Remote was originally designed to interact with the Front Row media program. A universal remote can also control such programs. FINAL: universal remote
Which performance act has a higher instrument to person ratio, Badly Drawn Boy or Wolf Alice?	Wolf Alice is a four-piece band, meaning there are four members, each typically playing an instrument. Badly Drawn Boy is a solo act, though he may collaborate with other musicians. Based on the information provided, Wolf Alice has a higher instrument to person ratio. FINAL: Wolf Alice
What was the father of Kasper Schmeichel voted to be by the IFFHS in 1992?	Peter Schmeichel was voted the IFFHS World's Best Goalkeeper in 1992. FINAL: IFFHS World's Best Goalkeeper
Who was the writer of These Boots Are Made for Walkin' and who died in 2007?	The writer of "These Boots Are Made for Walkin'" is Lee Hazlewood. Lee Hazlewood died in 2007. FINAL: Lee Hazlewood
The 2011–12 VCU Rams men's basketball team, led by third year head coach Shaka Smart, represented Virginia Commonwealth University which was founded in what year?	The 2011–12 VCU Rams men's basketball team was led by third-year head coach Shaka Smart and represented Virginia Commonwealth University. Virginia Commonwealth University was founded in 1838. FINAL: 1838
Are both Dictyosperma, and Huernia described as a genus?	Yes, both Dictyosperma and Huernia are described as genera. FINAL: Yes, both Dictyosperma and Huernia are described as genera.
Kaiser Ventures corporation was founded by an American industrialist who became known as the father of modern American shipbuilding?	Yes. Henry J. Kaiser, known as the father of modern American shipbuilding, founded Kaiser Ventures corporation. FINAL: Yes.
What is the name for the adventure in "Tunnels and Trolls", a game designed by Ken St. Andre?	Arena of Khazan FINAL: Arena of Khazan
When was Poison's album "Shut Up, Make Love" released?	The album "Crack a Smile...and More!" by Poison, which includes the song "Shut Up, Make Love," was released on March 14, 2000. FINAL: March 14, 2000
Hayden is a singer-songwriter from Canada, but where does Buck-Tick hail from?	Hayden is a Canadian singer-songwriter from Thornhill, Ontario. Buck-Tick is a Japanese rock band that hails from Fujioka, Gunma. FINAL: Fujioka, Gunma, Japan.
Which French ace pilot and adventurer fly L'Oiseau Blanc	The French ace pilot and adventurer who flew L'Oiseau Blanc was Charles Nungesser. FINAL: Charles Nungesser
Are Freakonomics and In the Realm of the Hackers both American documentaries?	No, "Freakonomics" is an American documentary, but "In the Realm of the Hackers" is an Australian documentary. FINAL: No.
Which band, Letters to Cleo or Screaming Trees, had more members?	Letters to Cleo has six members: Kay Hanley, Greg McKenna, Michael Eisenstein, Stacy Jones, Scott Riebling, and later, Tom Polce. Screaming Trees had four original members: Mark Lanegan, Gary Lee Conner, Van Conner, and Mark Pickerel. Later, Barrett Martin replaced Pickerel. Answer: Screaming Trees had more members. FINAL: Screaming Trees had more members.
Alexander Kerensky was defeated and destroyed by the Bolsheviks in the course of a civil war that ended when ?	The Russian Civil War ended in 1923, when Red control of the Soviet Union was assured. FINAL: 1923
Seven Brief Lessons on Physics was written by an Italian physicist that has worked in France since what year?	Carlo Rovelli, the author of *Seven Brief Lessons on Physics*, has worked in France since 2000. FINAL: 2000
The Livesey Hal War Memorial commemorates the fallen of which war, that had over 60 million casualties?	The Livesey Hall War Memorial commemorates the fallen of World War II, which had over 60 million casualties. FINAL: World War II
Are both Elko Regional Airport and Gerald R. Ford International Airport located in Michigan?	No, Elko Regional Airport is located in Nevada, while Gerald R. Ford International Airport is located in Michigan. FINAL: No.
Ralph Hefferline was a psychology professor at a university that is located in what city?	Ralph Hefferline was a psychology professor at Columbia University, which is located in New York City. FINAL: New York City
Which dog's ancestors include Gordon and Irish Setters: the Manchester Terrier or the Scotch Collie?	The Scotch Collie's ancestors include Gordon and Irish Setters. FINAL: Scotch Collie
Where is the company that Sachin Warrier worked for as a software engineer headquartered?	Sachin Warrier worked as a software engineer for Tata Consultancy Services (TCS), which is headquartered in Mumbai, Maharashtra. FINAL: Mumbai, Maharashtra
A Japanese manga series based on a 16 year old high school student Ichitaka Seto, is written and illustrated by someone born in what year?	The Japanese manga series based on a 16-year-old high school student Ichitaka Seto is "I"s," written and illustrated by Masakazu Katsura. Masakazu Katsura was born in 1962. FINAL: 1962
The battle in which Giuseppe Arimondi lost his life secured what for Ethiopia?	Giuseppe Arimondi lost his life in the Battle of Adwa, which secured Ethiopian sovereignty. FINAL: Ethiopian sovereignty.
Alfred Balk served as the secretary of the Committee on the Employment of Minority Groups in the News Media under which United States Vice President?	Alfred Balk served as the secretary of the Committee on the Employment of Minority Groups in the News Media under New York Governor Nelson Rockefeller. FINAL: Nelson Rockefeller
A medieval fortress in Dirleton, East Lothian, Scotland borders on the south side of what coastal area?	Dirleton Castle is a medieval fortress in the village of Dirleton, East Lothian, Scotland. It is bordered to the south by the village of Dirleton and Dirleton Castle, and to the north by the Firth of Forth. The coastal area in question is Yellowcraigs. FINAL: Yellowcraigs
Who is the writer of this song that was inspired by words on a tombstone and was the first track on the box set Back to Mono?	The writer of the song "To Know Him Is to Love Him," which was inspired by words on a tombstone and was the first track on the box set Back to Mono, is Phil Spector. FINAL: Phil Spector
What type of forum did a former Soviet statesman initiate?	A former Soviet statesman initiated a forum for Nobel Peace Laureates to address global issues and promote peace and human well-being. FINAL: The World Summit of Nobel Peace Laureates.
Are Ferocactus and Silene both types of plant?	Yes, Ferocactus and Silene are both types of plants. Ferocactus is a genus of cacti, while Silene is a genus of flowering plants in the family Caryophyllaceae. FINAL: Yes, Ferocactus and Silene are both types of plant.
Which British first-generation jet-powered medium bomber was used in the South West Pacific theatre of World War II?	The English Electric Canberra was a British first-generation jet-powered medium bomber. While the provided text does not explicitly state that the English Electric Canberra was used in the South West Pacific theatre of World War II, it does mention that the Canberra became the RAF's first jet-powered bomber aircraft in May 1951, and the South West Pacific theatre was a major area of Allied operations during World War II. Given the context, it is plausible that the English Electric Canberra could have been used in the South West Pacific theatre, though this is not directly confirmed in the provided content. FINAL: English Electric Canberra
Which year and which conference was the 14th season for this conference as part of the NCAA Division that the Colorado Buffaloes played in with a record of 2-6 in conference play?	The 2009 Big 12 Conference football season was the 14th season for the Big 12, as part of the 2009 NCAA Division I FBS football season. The Colorado Buffaloes finished with a record of 2–6 in Big 12 play. FINAL: 2009 and Big 12 Conference
In 1991 Euromarché was bought by a chain that operated how any hypermarkets at the end of 2016?	In 1991, Euromarché was bought by Carrefour. At the end of 2016, Carrefour operated 1,462 hypermarkets. FINAL: 1,462
What race track in the midwest hosts a 500 mile race eavery May?	The Indianapolis Motor Speedway in the Midwest hosts a 500-mile race every May, known as the Indianapolis 500. FINAL: Indianapolis Motor Speedway
In what city did the "Prince of tenors" star in a film based on an opera by Giacomo Puccini?	The "Prince of tenors" refers to Franco Corelli. He starred in the 1956 film "Tosca," which is based on the opera "Tosca" by Giacomo Puccini. The film was made in Rome. FINAL: Rome
Ellie Goulding worked with what other writers on her third studio album, Delirium?	Ellie Goulding worked with Savan Kotecha, Max Martin, and Ilya Salmanzadeh on her third studio album, Delirium. FINAL: Savan Kotecha, Max Martin, and Ilya Salmanzadeh.
Which Australian city founded in 1838 contains a boarding school opened by a Prime Minister of Australia and named after a school in London of the same name.	Westminster School in Adelaide was founded in 1961 by Prime Minister Robert Menzies and is named after Westminster School in London. The city of Adelaide was founded in 1838. FINAL: Adelaide
D1NZ is a series based on what oversteering technique?	D1NZ is a series based on the drifting technique, which involves oversteering with loss of traction in the rear wheels or all tires while maintaining control. FINAL: Drifting
who is younger Keith Bostic or Jerry Glanville ?	Keith Bostic was born on January 17, 1961. Jerry Glanville was born on October 14, 1941. Therefore, Jerry Glanville is younger. FINAL: Jerry Glanville
According to the 2001 census, what was the population of the city in which Kirton End is located?	Kirton End is a hamlet in the civil parish of Kirton in the Boston district of Lincolnshire, England. According to the 2001 census, the town of Boston had a population of 35,124. FINAL: 35,124
Are both Cypress and Ajuga genera?	Yes, both Cypress and Ajuga are genera. FINAL: Yes, both Cypress and Ajuga are genera.
What distinction is held by the former NBA player who was a member of the Charlotte Hornets during their 1992-93 season and was head coach for the WNBA team Charlotte Sting?	The former NBA player who was a member of the Charlotte Hornets during their 1992-93 season and was head coach for the WNBA team Charlotte Sting is Muggsy Bogues. He is the shortest player ever to play in the NBA. FINAL: Muggsy Bogues is the shortest player ever to play in the NBA.
What is the name of the executive producer of the film that has a score composed by Jerry Goldsmith?	The executive producer of the film that has a score composed by Jerry Goldsmith is Franklin J. Schaffner for the film Lionheart. However, the question is asking for the name of the executive producer of the film that has a score composed by Jerry Goldsmith, and multiple films have scores composed by Jerry Goldsmith. One example is the film "Lionheart," which was executive produced by Francis Ford Coppola and Talia Shire. Another example is the film "Innerspace," which was executive produced by Steven Spielberg. Without more context, it is not possible to determine which specific film is being referred to. FINAL
Who was born earlier, Emma Bull or Virginia Woolf?	Emma Bull was born on December 13, 1954. Virginia Woolf was born on January 25, 1882. FINAL: Virginia Woolf was born earlier.
What was the Roud Folk Song Index of the nursery rhyme inspiring What Are Little Girls Made Of?	The nursery rhyme that inspired "What Are Little Girls Made Of?" is "What Are Little Boys Made Of?" which has a Roud Folk Song Index number of 821. FINAL: 821
Scott Parkin has been a vocal critic of Exxonmobil and another corporation that has operations in how many countries ?	Scott Parkin has been a vocal critic of Exxonmobil and Halliburton. Halliburton has operations in more than 70 countries. FINAL: 70
What WB supernatrual drama series was Jawbreaker star Rose Mcgowan best known for being in?	Rose McGowan was best known for being in the WB supernatural drama series "Charmed," where she played Paige Matthews. FINAL: Charmed
Vince Phillips held a junior welterweight title by an organization recognized by what larger Hall of Fame?	Vince Phillips held the IBF junior welterweight title, and the International Boxing Federation (IBF) is recognized by the International Boxing Hall of Fame (IBHOF). FINAL: International Boxing Hall of Fame
What is the name of the singer who's song was released as the lead single from the album "Confessions", and that had popular song stuck behind for eight consecutive weeks?	The singer is Usher. His song "Yeah!" was released as the lead single from the album "Confessions" and was stuck behind for eight consecutive weeks. FINAL: Usher
who is the younger brother of The episode guest stars of The Hard Easy	The younger brother of the episode guest stars of "The Hard Easy" is not explicitly mentioned in the provided content. However, if referring to Brian Doyle-Murray, the younger brother of Bill Murray is not stated here. FINAL: The content does not provide information about the younger brother of the guest stars of "The Hard Easy."
The 2017–18 Wigan Athletic F.C. season will be a year in which the team competes in the league cup known as what for sponsorship reasons?	The 2017–18 Wigan Athletic F.C. season will see the team compete in the EFL Cup, known as the Carabao Cup for sponsorship reasons. FINAL: Carabao Cup
Which of Tara Strong major voice role in animated series is an American animated television series based on the DC Comics fictional superhero team, the "Teen Titans"?	Tara Strong's major voice role in an animated series is as Raven in "Teen Titans." FINAL: Raven
What is the inhabitant of the city where 122nd SS-Standarte was formed in2014	The 122nd SS-Standarte was formed in Strasbourg. In 2014, the Eurométropole de Strasbourg and the Arrondissement of Strasbourg had 484,157 inhabitants. FINAL: 484,157
What color clothing do people of the Netherlands wear during Oranjegekte or to celebrate the national holiday Koningsdag?	During Oranjegekte or to celebrate Koningsdag, people in the Netherlands wear orange clothing. FINAL: Orange
What was the name of the 1996 loose adaptation of William Shakespeare's "Romeo & Juliet" written by James Gunn?	The name of the 1996 loose adaptation of William Shakespeare's "Romeo & Juliet" written by James Gunn is "Tromeo and Juliet". FINAL: Tromeo and Juliet
Robert Suettinger was the national intelligence officer under which former Governor of Arkansas?	Robert Suettinger was the national intelligence officer under Bill Clinton, who was the former Governor of Arkansas. FINAL: Bill Clinton
What American professional Hawaiian surfer born 18 October 1992 won the Rip Curl Pro Portugal?	John John Florence is the American professional Hawaiian surfer born on 18 October 1992 who won the Rip Curl Pro Portugal. He was the defending champion at the 2016 MEO Rip Curl Pro Portugal, where he secured his victory. FINAL: John John Florence
What is the middle name of the actress who plays Bobbi Bacha in Suburban Madness?	The actress who plays Bobbi Bacha in "Suburban Madness" is Sela Ward. The question asks for her middle name. However, the provided information does not mention Sela Ward's middle name. FINAL: The middle name of the actress who plays Bobbi Bacha in Suburban Madness is not provided in the given content.
Alvaro Mexia had a diplomatic mission with which tribe of indigenous people?	Alvaro Mexia had a diplomatic mission with the Ais native population. FINAL: Ais
What nationality were social anthropologists Alfred Gell and Edmund Leach?	Alfred Gell was British, and Edmund Leach was also British. FINAL: British
In which year was the King who made the 1925 Birthday Honours born?	The King who made the 1925 Birthday Honours was George V. He was born on 3 June 1865. FINAL: 1865
What is the county seat of the county where East Lempster, New Hampshire is located?	East Lempster is located in Sullivan County, New Hampshire. The county seat of Sullivan County is Newport. FINAL: Newport
The Album Against the Wind was the 11th Album of a Rock singer Robert C Seger born may 6 1945. What was the Rock singers stage name ?	The rock singer's stage name is Bob Seger. FINAL: Bob Seger
Rostker v. Goldberg held that the practice of what way of filling armed forces vacancies was consitutional?	The practice of requiring only men to register for the draft was held constitutional by Rostker v. Goldberg. FINAL: requiring only men to register for the draft
Handi-Snacks are a snack food product line sold by what American multinational confectionery, food, and beverage company that is based in Illinois?	Handi-Snacks are a snack food product line sold by Mondelez International. FINAL: Mondelez International
What was the name of a woman from the book titled "Their Lives: The Women Targeted by the Clinton Machine " and was also a former white house intern?	Monica Lewinsky
When was the American lawyer, lobbyist and political consultant who was a senior member of the presidential campaign of Donald Trump born?	The American lawyer, lobbyist, and political consultant who was a senior member of Donald Trump's presidential campaign is Paul Manafort. He was born on April 1, 1949. FINAL: 1949
In what year was the novel that Lourenço Mutarelli based "Nina" on based first published?	The novel that "Nina" is based on is "Crime and Punishment" by Fyodor Dostoyevsky, which was first published in 1866. FINAL: 1866
Where are Teide National Park and Garajonay National Park located?	Teide National Park is located in Tenerife, one of the Canary Islands, Spain. Garajonay National Park is located in the center and north of the island of La Gomera, also part of the Canary Islands, Spain. FINAL: Teide National Park is in Tenerife, and Garajonay National Park is in La Gomera, both in the Canary Islands, Spain.
How many copies of Roald Dahl's variation on a popular anecdote sold?	The provided information does not specify the number of copies sold for "Mrs. Bixby and the Colonel's Coat" or any of Roald Dahl's works. FINAL: The number of copies sold for "Mrs. Bixby and the Colonel's Coat" is not provided in the given content.
What occupation do Chris Menges and Aram Avakian share?	Chris Menges and Aram Avakian both share the occupation of film director. FINAL: film director
Andrew Jaspan was the co-founder of what not-for-profit media outlet?	Andrew Jaspan was the co-founder of "The Conversation," a not-for-profit media outlet. FINAL: The Conversation
Which American film director hosted the 18th Independent Spirit Awards in 2002?	John Waters is an American film director who hosted the 18th Independent Spirit Awards in 2002. FINAL: John Waters
Where does the hotel and casino located in which Bill Cosby's third album was recorded?	The hotel and casino where Bill Cosby's third album was recorded is the Flamingo Las Vegas. FINAL: Flamingo Las Vegas
Do the drinks Gibson and Zurracapote both contain gin?	The Gibson is a mixed drink made with gin and vermouth, while Zurracapote is a Spanish alcoholic drink made with red wine, fruit, sugar, and cinnamon. Zurracapote does not contain gin. FINAL: No.
In what month is the annual documentary film festival, that is presented by the fortnightly published British journal of literary essays, held?	The annual documentary film festival presented by the fortnightly published British journal of literary essays is the London International Documentary Festival. The festival takes place in the months of March and April. FINAL: March and April
Tysons Galleria is located in what county?	Tysons Galleria is located in Fairfax County, Virginia. FINAL: Fairfax County, Virginia.
Bordan Tkachuk was the CEO of a company that provides what sort of products?	Bordan Tkachuk was the CEO of a company that provides IT products and services, including storage systems, servers, workstations, and data/voice communications equipment and services. FINAL: IT products and services, including storage systems, servers, workstations, and data/voice communications equipment and services.
Which filmmaker was known for animation, Lev Yilmaz or Pamela B. Green?	Pamela B. Green is known for her work in feature films and motion graphics, but there is no specific mention of her being known for animation. Lev Yilmaz is known for his animated comic series "Tales of Mere Existence." Therefore, Lev Yilmaz is the filmmaker known for animation. FINAL: Lev Yilmaz
In which city is the ambassador of the Rabat-Salé-Kénitra administrative region to China based?	The Moroccan ambassador in Beijing is the official representative of the Government in Rabat to the Government of the People's Republic of China. FINAL: Beijing
Are Yingkou and Fuding the same level of city?	Yingkou is a prefecture-level city in Liaoning province, while Fuding is a county-level city in Fujian province. Therefore, they are not the same level of city. FINAL: No.
Where did the descendants of the group of black Indians associated with the Seminole people settle?	The descendants of the Black Seminoles, who were associated with the Seminole people, settled in Florida and Oklahoma. Some also escaped to Mexico, specifically in the area of Coahuila, as part of the Mascogos group. FINAL: Florida and Oklahoma, with some settling in Coahuila, Mexico.
David Huntsinger has worked with this gospel singer born in the month of July?	David Huntsinger has worked with Larnelle Harris, who was born in July. FINAL: Larnelle Harris
What year was the brother of this first round draft pick by the Washington Redskins drafted?	Champ Bailey was drafted by the Washington Redskins in the first round of the 1999 NFL Draft. His brother, Boss Bailey, was drafted by the Detroit Lions in the second round of the 2003 NFL Draft. FINAL: 2003
Where is the stadium at which 1964 Georgia Tech Yellow Jackets football team played their home game located?	The 1964 Georgia Tech Yellow Jackets football team played their home games at Grant Field in Atlanta, Georgia. FINAL: Atlanta, Georgia
Since 2 June 2017, The Leader of Fine Gael had been held by which Irish Fine Gael politician who has served as Taoiseach and Minister for Defence?	Leo Varadkar. FINAL: Leo Varadkar
Which American film actor and dancer starred in the 1945 film Johnny Angel?	George Raft starred in the 1945 film Johnny Angel. FINAL: George Raft
hree Men on a Horse is a play by a playwright born in which year ?	"Three Men on a Horse" is a play by George Abbott. George Abbott was born in 1887. FINAL: 1887
What type of activity does Owner earnings and Warren Buffett have in common?	Owner earnings is a valuation method developed by Warren Buffett. FINAL: Warren Buffett developed the owner earnings valuation method.
When was the former Indian cricketer who made his ODI debuts during the 2000 ICC KnockOut Trophy born?	Zaheer Khan, the former Indian cricketer who made his ODI debut during the 2000 ICC KnockOut Trophy, was born on 7 October 1978. FINAL: 7 October 1978
Which airplane was this Major test-flying after whom the base, that 514th Flight Test Squadron is stated at, is named?	The airplane was the B-17 Flying Fortress bomber. FINAL: B-17 Flying Fortress bomber.
Based on a True Story... is an album by which country music star, with the single My Eyes?	The album "Based on a True Story..." is by Blake Shelton. The single "My Eyes" is from this album. FINAL: Blake Shelton
Over how many centuries were the "dwelling place of the dead" built?	The "dwelling place of the dead" mentioned in the context of the Yavapai Indians refers to cliff-dwellings, but the text does not specify over how many centuries these were built. The question cannot be answered based on the provided information. FINAL: The text does not provide information on the number of centuries over which the "dwelling place of the dead" were built.
When was the British author who wrote the novel on which "Here We Go Round the Mulberry Bush" was based born?	The British author who wrote the novel on which "Here We Go Round the Mulberry Bush" was based is Hunter Davies. He was born on 7 January 1936. FINAL: 7 January 1936
Who died first, George Archainbaud or Ralph Murphy?	Ralph Murphy died on February 10, 1967. George Archainbaud died on February 20, 1959. Therefore, George Archainbaud died first. FINAL: George Archainbaud
Which component of shellite has the formula (ON)CHOH?	The component of shellite that has the formula (ON)CHOH is picric acid. FINAL: picric acid
The Argentine PGA Championship record holder has won how many tournaments worldwide?	The Argentine PGA Championship record holder is Roberto De Vicenzo, who won more than 230 tournaments worldwide in his career. FINAL: more than 230
Suicide's 1977 released album features a song based on what brand's comic character?	Suicide's 1977 released album features a song based on the Marvel Comics character. FINAL: Ghost Rider is a song by the protopunk band Suicide appearing on their debut album. The song is based on the Marvel Comics character.
What other political position did the person who introduced the DISCLOSE Act hold?	Chris Van Hollen, who introduced the DISCLOSE Act, is a U.S. Senator from Maryland. FINAL: U.S. Senator from Maryland
Were the bands Skin Yard and Ostava from the U.S.?	Skin Yard was an American grunge band from Seattle, Washington. Ostava is an alternative rock band from Bulgaria. FINAL: No.
Are Daryl Hall and Gerry Marsden both musicians?	Yes, Daryl Hall and Gerry Marsden are both musicians. Daryl Hall is an American rock, R&B, and soul singer, while Gerry Marsden was a British musician and leader of the Merseybeat band Gerry and the Pacemakers. FINAL: Yes.
What major truck road is located in Backford Cross?	The major truck road located in Backford Cross is the A5117. FINAL: A5117
In which role did Caroline Carver played in a 1999 Hallmark Entertainment made-for-TV fantasy movie?	Caroline Carver played the role of Princess Jessica in the 1999 Hallmark Entertainment made-for-TV fantasy movie "The Magical Legend of the Leprechauns." FINAL: Princess Jessica
What's the name of the fantasy film starring Sarah Bolger, featuring a New England family who discover magical creatures around their estate?	The Spiderwick Chronicles
Maxeda has been owned since 2004 by which American multinational equity firm?	Maxeda has been owned since 2004 by the American private equity firm Kohlberg Kravis Roberts. FINAL: Kohlberg Kravis Roberts
The youngest daughter of Lady Mary-Gaye Curzon stars with Douglas Smith and Lucien Laviscount in what 2017 film?	Cressida Bonas, the youngest daughter of Lady Mary-Gaye Curzon, stars with Douglas Smith and Lucien Laviscount in the 2017 film "The Bye Bye Man." FINAL: The Bye Bye Man
Mummulgum is a stop on the Bruxner Highway before reaching the town on the banks of which river?	Mummulgum is a stop on the Bruxner Highway before reaching the town of Casino, which is located on the banks of the Richmond River. FINAL: Richmond River
Which American audio engineer and clandestine chemist, who was a key figure in the San Francisco Bay Area hippie movement during the 1960s recorded the album "Old and in the Way?"	Owsley Stanley, also known as Bear, was the American audio engineer and clandestine chemist who recorded the album "Old and in the Way." FINAL: Owsley Stanley
When was the palace founded at which Columba de Dunbar died in 1435?	The palace where Columba de Dunbar died in 1435 is Spynie Palace. It was founded in the late 12th century. FINAL: late 12th Century
Where is the Bubblegum Alley, that is similar to Gum Wall, located in California?	Bubblegum Alley is located in downtown San Luis Obispo, California. FINAL: San Luis Obispo, California.
At what venue was the January 2, 2012 game featured the University of Louisville team?	The January 2, 2012 game featuring the University of Louisville team was the 2012 Sugar Bowl, held at the Mercedes-Benz Superdome in New Orleans, Louisiana. FINAL: Mercedes-Benz Superdome
Which film was Oscar nominated, LaLee's Kin: The Legacy of Cotton or Gimme Shelter, the 1970 Rolling Stones documentary?	LaLee's Kin: The Legacy of Cotton was Oscar nominated. FINAL: LaLee's Kin: The Legacy of Cotton
Which board game was published most recently, Pirate's Cove or Catan?	Pirate's Cove was published in 2002, while Catan (The Settlers of Catan) was first published in 1995. Therefore, Pirate's Cove was published more recently. FINAL: Pirate's Cove
Alice David is the voice of Lara Croft in a video game developed by which company ?	Alice David is the voice of Lara Croft in the video game "Tomb Raider" (2013). The game was developed by Crystal Dynamics. FINAL: Crystal Dynamics
Which Eminem album included vocals from a singer who had an album titled "Unapologetic"?	The Eminem album that included vocals from a singer who had an album titled "Unapologetic" is "The Marshall Mathers LP 2." The singer is Rihanna, who is featured on the song "The Monster" from this album. Rihanna's album "Unapologetic" was released in 2012. FINAL: "The Marshall Mathers LP 2"
This American crime film set in South Los Angeles was written and directed by the same director and writer of screenwriter of "Street Kings", "End of Watch", "Sabotage", "Fury" and what other film?	The American crime film set in South Los Angeles written and directed by David Ayer, who also wrote "Street Kings," "End of Watch," "Sabotage," and "Fury," is "Harsh Times." FINAL: Harsh Times
SuperMansion starred the actress who had a recurring role as whom on Workaholics?	SuperMansion starred Jillian Bell, who had a recurring role as Jillian Belk on "Workaholics". FINAL: Jillian Belk
The 1974 Texas Tech Raiders football team represented what public research university in Lubbock, Texas?	The 1974 Texas Tech Raiders football team represented Texas Tech University in Lubbock, Texas. FINAL: Texas Tech University
During Siege of Bharatpur, which Commander-in-Chief of Ireland and Commander-in-Chief of India contributed to the storming of the castle?	Field Marshal Stapleton Cotton, 1st Viscount Combermere, was the Commander-in-Chief, Ireland and later Commander-in-Chief, India, and he stormed Bharatpur, a fort deemed impregnable. FINAL: Stapleton Cotton, 1st Viscount Combermere
For what type of work is the production company for The Year Without a Santa Claus best known?	The production company for "The Year Without a Santa Claus" is best known for its seasonal television specials, particularly in stop motion animation. FINAL: Seasonal television specials, particularly in stop motion animation.
What year was the film that starred the composer for "The Naked Brothers Band"?	The film that starred the composer for "The Naked Brothers Band" is "The Fault in Our Stars," which was released in 2014. Nat Wolff, the composer for "The Naked Brothers Band," starred in this film. FINAL: 2014
The author of Sexual Politics attended which British University?	Answer: Oxford University
Who had the best singles ranking, Roberta Vinci or Jorge Lozano?	Jorge Lozano's highest singles ranking was World No. 51. Roberta Vinci's highest singles ranking was World No. 7. FINAL: Roberta Vinci had the best singles ranking.
Both Truth in Science and Discovery embrace what campaign?	The campaign embraced by both Truth in Science and Discovery is "Teach the Controversy." FINAL: "Teach the Controversy"
Josey Scott and Ian Watkins were both promising musicians. Which of these talented men was incarcerated, impacting his career with a rock band?	Josey Scott and Ian Watkins were both promising musicians. Ian Watkins was incarcerated, impacting his career with a rock band. FINAL: Ian Watkins was incarcerated, impacting his career with a rock band.
The movies Queen of Blood and Battle Beyond the Sun both contained scenes from what 1959 Soviet feature?	Queen of Blood and Battle Beyond the Sun both contained scenes from the 1959 Soviet feature "Nebo Zovyot". FINAL: Nebo Zovyot
Who was born first, Erika Jayne or Marco Da Silva	Erika Jayne was born on 10 July 1971. Marco Da Silva (the dancer) was born on 30 May 1977. Therefore, Erika Jayne was born first. FINAL: Erika Jayne
When did the English local newspaper, featuring the sculpture and war memorial in the Forbury gardens, change names?	The English local newspaper, featuring the sculpture and war memorial in Forbury Gardens, changed its name to "Reading Post" in 2009. FINAL: 2009
What is the name of the Isles who were led by Aonghus Mór and covered a total land area of over 8300 km2?	The name of the Isles led by Aonghus Mór that covered a total land area of over 8300 km2 is the Kingdom of the Isles. FINAL: Kingdom of the Isles
Who is Bruce Spizer an expert on, known as the most influential act of the rock era?	Bruce Spizer is an expert on The Beatles, known as the most influential act of the rock era. FINAL: The Beatles
Which song was behind the third single on the album "A Lot About Livin' (And a Little 'bout Love)" for two weeks on the country charts?	The song "We'll Burn That Bridge" by Brooks & Dunn was behind the third single from Alan Jackson's album "A Lot About Livin' (And a Little 'bout Love)" on the country charts for two weeks. FINAL: "We'll Burn That Bridge"
What occupation was shared by David Yates and Pietro Germi?	David Yates and Pietro Germi both worked as filmmakers. FINAL: filmmakers
Marcus Wayne Garland spent nine seasons with an American professional baseball team that is based in Baltimore, Maryland, and was one of the AMerican League's original eight charter franchises when the league was established in what year?	Marcus Wayne Garland spent nine seasons with the Baltimore Orioles, who were one of the American League's original eight charter franchises when the league was established in 1901. FINAL: 1901
The lamp used in many lighthouses is similiar to this type of lamp patented in 1780 by Aimé Argand?	The lamp used in many lighthouses is similar to the Argand lamp, patented in 1780 by Aimé Argand. FINAL: Yes
The songs from the sountrack to "When Harry Met Sally" are performed by a singer that has had how many top 20 US albums?	The songs from the soundtrack to "When Harry Met Sally..." are performed by Harry Connick Jr., who has had seven top 20 US albums. FINAL: seven
Are Broughtonia and Laeliocattleya both orchids?	Yes, Broughtonia and Laeliocattleya are both orchids. Broughtonia is a genus of orchids native to the Bahamas and the Greater Antilles, while Laeliocattleya is an intergeneric orchid hybrid derived from the genera Laelia and Cattleya. FINAL: Yes.
Where was the world cup hosted that Algeria qualified for the first time into the round of 16?	Algeria qualified for the first time into the round of 16 in the 2014 FIFA World Cup, which was hosted in Brazil. FINAL: Brazil
Which was fought earlier in our nation's history, the Seven Days Battles or the Battle of Manila?	The Seven Days Battles were fought in 1862, while the Battle of Manila was in 1945. The Seven Days Battles were fought earlier in our nation's history. FINAL: The Seven Days Battles were fought earlier in our nation's history.
What retailer in ABQ Uptown is headquarted in Poole, Dorset, United Kingdom?	The retailer in ABQ Uptown that is headquartered in Poole, Dorset, United Kingdom is Lush. FINAL: Lush
What football club plays in the area between the old tool gates: Brook Bar and Trafford bar?	The football club that plays in the area between Brook Bar and Trafford Bar is Manchester United F.C. FINAL: Manchester United F.C.
The song "Chim Chim Cher-ee" can be heard in the "Mary Poppins" scene of a Disney ride that debuted in what year?	The song "Chim Chim Cher-ee" can be heard in the "Mary Poppins" scene of The Great Movie Ride, which debuted in 1989. FINAL: 1989
Who held the record for the longest service in the Australian Parliament for a woman, and was surpassed by a former Australian politician who was the 29th Speaker of the House of Representatives?	Kathy Sullivan held the record for the longest service in the Australian Parliament for a woman, which was surpassed by Bronwyn Bishop. FINAL: Kathy Sullivan
Which man who presented the Australia 2022 FIFA World Cup bid was born on October 22, 1930?	Answer: Frank Lowy FINAL: Frank Lowy
What major city is the Faith Lutheran Middle School and High School located by?	Faith Lutheran Middle School and High School is located in Summerlin, Nevada. FINAL: Summerlin, Nevada
What British singer-songwriter hosted the 16th Annual Young Hollywood Awards?	Kelly Osbourne is a British singer-songwriter who hosted the 16th Annual Young Hollywood Awards. FINAL: Kelly Osbourne
Who did the Star and Dagger bass player marry?	Sean Yseult, the bass player for Star & Dagger, married Chris Lee, the vocalist and rhythm guitarist of Supagroup. FINAL: Sean Yseult
In 2017, what was 3/4th of the organization that also has a Center for Veterinary Medicine as well as part of the U.S. Department of Health and Human Services, spent on?	In 2017, 3/4th of the organization that also has a Center for Veterinary Medicine as well as part of the U.S. Department of Health and Human Services was spent on prescription drug user fees. FINAL: prescription drug user fees
Which came out first, Dinosaur or McFarland, USA	The film "Dinosaur" was released in 2000, while "McFarland, USA" was released in 2015. FINAL: Dinosaur
Both Bishop Carroll Catholic High School and Kapaun Mt. Carmel Catholic High School are located in which city in Kansas?	Wichita, Kansas. FINAL: Wichita, Kansas.
What was the 58th quadrennial American presidential election held after the 2016 Michigan Democratic primary?	The 58th quadrennial American presidential election was held on November 8, 2016, which was after the Michigan Democratic primary on March 8, 2016. FINAL: 2016 United States presidential election
This Celtic ruler who was born in AD 43 ruled southeastern Britain prior to conquest by which empire?	The Celtic ruler born in AD 43 who ruled southeastern Britain prior to the Roman conquest was Togodumnus. FINAL: Roman Empire
What is the name of the detective novelist parent of the author of '"Q" Is for Quarry'?	The author of "Q" Is for Quarry is Sue Grafton. Her father is C. W. Grafton, a detective novelist. FINAL: C. W. Grafton
What is the birthplace of the Senator who represents the first of 62 districts in the State Senate?	Kenneth LaValle was born in Brooklyn, New York. FINAL: Brooklyn, New York
The Memphis Hustle are based in a suburb of a city with a population of what in 2010?	The Memphis Hustle are based in Southaven, Mississippi, which is a suburb of Memphis. According to the 2010 census, Southaven had a population of 48,982. FINAL: 48,982
Which songwriting duo composed music for "La La Land", and created lyrics for "A Christmas Story: The Musical"?	The songwriting duo that composed music for "La La Land" and created lyrics for "A Christmas Story: The Musical" is Pasek & Paul. FINAL: Pasek & Paul
Which of the city at the south of Shelly Beach, New South Wales is a local government area in the Hunter region of New South Wales, Australia?	The City of Newcastle is a local government area in the Hunter region of New South Wales, Australia. It is located south of Shelly Beach, New South Wales. FINAL: The City of Newcastle
Are Bamboo Mañalac and Danny Jones both musicians?	Yes, Bamboo Mañalac and Danny Jones are both musicians. Bamboo Mañalac is a Filipino musician and singer-songwriter, while Danny Jones is a British musician and lead vocalist for the band McFly. FINAL: Yes, Bamboo Mañalac and Danny Jones are both musicians.
Works by Hanna Leena Kristiina Varis are part of a collection in a museum that houses approximately 65,000 what?	Works by Hanna Leena Kristiina Varis are part of a collection in a museum that houses approximately 65,000 drawings and approximately 1 million old master prints, as well as more modern graphic works, photographs, and architectural drawings. FINAL: drawings and approximately 1 million old master prints, as well as more modern graphic works, photographs, and architectural drawings.
When was the Western Germanic language spoken from which the small settlement situated on the river Leda opposite Leer derives its name?	The small settlement of Kloster Muhde, situated on the river Leda opposite Leer, derives its name from the Old Frisian "mutha," meaning "(river) mouth." The Western Germanic language from which this name originates is Old Frisian, which was spoken between the 8th and 16th centuries. FINAL: 8th to 16th centuries
Born on 6 March 1937, this man was also a citizen of the United Kingdom.	William Bonfield CBE, FREng, FRS (born 6 March 1937) is a British material scientist, and Emeritus Professor of Medical Materials in the University of Cambridge. FINAL: William Bonfield
What country does Hatton Hill and Hatton Castle, Angus have in common?	Hatton Hill and Hatton Castle, Angus are located in Scotland. FINAL: Scotland
What podcast was the cheif executive officer of Nerdist Industries a guest on?	The podcast that the chief executive officer of Nerdist Industries was a guest on is "The Drop-In." FINAL: The Drop-In.
Randall Cunningham II was a multi-sport athlete at the high school located in what Nevada city?	Randall Cunningham II was a multi-sport athlete at Bishop Gorman High School, located in Las Vegas, Nevada. FINAL: Las Vegas
Which English musician is known for both the songs "See Yourself" and "Withing You Without You"?	The English musician known for both the songs "See Yourself" and "Within You Without You" is George Harrison. FINAL: George Harrison
Which professional ice hockey position does the Captain of the National Hockey League All-Star Game "Away Team" play?	The Captain of the National Hockey League All-Star Game "Away Team" plays the position of centre. FINAL: centre
What year did the series on CBS, starring the actor who known for his role in "Rebel Without a Cause," air?	The series on CBS, starring the actor known for his role in "Rebel Without a Cause," is "CBS Television Workshop," which aired from January to April 1952. FINAL: 1952
What season was the character introduced that becomes the main antagonist in the following season, from the animated television series created by Bryan Konietzko and Michael Dante DiMartino as a sequel to "", which aired from 2005 to 2008?	The character introduced in the third season of "The Legend of Korra," which is a sequel to "Avatar: The Last Airbender," becomes the main antagonist in the fourth season. FINAL: third
Who were the directors of the 2009 American science fiction film starring the actor who played Dexter Morgan in the Showtime TV Network series "Dexter"?	The 2009 American science fiction film "Gamer" was directed by Mark Neveldine and Brian Taylor. The actor who played Dexter Morgan in the Showtime TV series "Dexter" is Michael C. Hall, but he did not star in "Gamer." The film "Gamer" stars Gerard Butler and Logan Lerman, but not Michael C. Hall. FINAL: Mark Neveldine and Brian Taylor
Which travel parody series featured American actor, comedian, and radio host best known as the host of "The Joe Schmo Show"?	The travel parody series that featured Ralph Garman, the American actor, comedian, and radio host best known as the host of "The Joe Schmo Show," is "Hidden America with Jonah Ray." FINAL: Hidden America with Jonah Ray
Do The Importance of Being Icelandic and The Five Obstructions belong to different film genres ?	Yes, The Importance of Being Icelandic and The Five Obstructions belong to different film genres. The Importance of Being Icelandic is a documentary film focusing on cultural heritage, while The Five Obstructions is an experimental documentary that includes elements of film challenges and artistic reinterpretation. FINAL: Yes.
Tefik Selim Mborja was a part of a party that held power in Albania until what year?	Tefik Selim Mborja was part of the Albanian Fascist Party, which held power in Albania until 1943. FINAL: 1943
Joe Walker played for which team that ends their regular season with the Civil War rivalry game?	Joe Walker played for the Oregon Ducks, which ends their regular season with the Civil War rivalry game. FINAL: Oregon Ducks
What station broadcast the episode "Marry Me a Little, Marry Me a Little More" , of the series created by Max Mutchnick and David Kohan?	The episode "Marry Me a Little, Marry Me a Little More" was broadcast on NBC. FINAL: NBC
Georges-Henri Bousquet translated the work of a historian who is of what heritage?	Georges-Henri Bousquet translated the work of Ibn Khaldun, a Tunisian historian. FINAL: Tunisian
In which city are the headquarters of the American research and scientific development company where Ravi Sethi worked as computer scientist located?	The headquarters of the American research and scientific development company where Ravi Sethi worked, Bell Labs, are located in Murray Hill, New Jersey. FINAL: Murray Hill, New Jersey
What is the full name of the viral respiratory disease in which Yi Guan's research helped to prevent the outbreak of?	Severe acute respiratory syndrome (SARS) is the full name of the viral respiratory disease in which Yi Guan's research helped to prevent the outbreak. FINAL: Severe acute respiratory syndrome
Which Kentucky Writers Hall of Fame author has had works published by Dim Gray Bar Press?	Wendell Berry is the Kentucky Writers Hall of Fame author who has had works published by Dim Gray Bar Press. FINAL: Wendell Berry
What director worked with Vikram Bhatt on a film starring actors Rajneesh Duggal and Adah Sharma?	Rajneesh Duggal and Adah Sharma starred in the film "1920," directed by Vikram Bhatt. FINAL: Vikram Bhatt
Robert Smith founded the multinational company headquartered in what city?	Robert Smith founded General Mills, which is headquartered in Golden Valley, Minnesota. FINAL: Golden Valley, Minnesota
What amount was the settlement that the character from the Son of al Quada got in 2017?	The character from "Son of al Qaeda" is Abdurahman Khadr, but the question refers to Omar Khadr, who was involved in a 2017 settlement. The Canadian government paid Omar Khadr $10.5 million (USD 8 million) in 2017. FINAL: $10.5 million (USD 8 million)
Considered the strongest recorded tropical cyclone, which cyclone had a film made about it in 2007?	The strongest recorded tropical cyclone is the 1999 Odisha cyclone. However, the film about a cyclone made in 2007 is about the 1999 Odisha cyclone, titled "Kathantara." FINAL: Kathantara