Who developed the eponymous character from the series that contains Mickey's Safari in Letterland?	The question refers to "Mickey's Safari in Letterland," but none of the provided paragraphs mention this specific series or its developer. Therefore, based on the given information, the answer cannot be determined. FINAL: The provided information does not specify the developer of "Mickey's Safari in Letterland."
What county is the city that shares a border with the state capital of the state where Zubly Cemetery is located in?	The Zubly Cemetery is located in Aiken County, South Carolina. The state capital of South Carolina is Columbia. The city that shares a border with Columbia is Lexington County. FINAL: Lexington County
In what region of the country containing A Lưới is the birthplace of John Phan located?	The provided paragraphs do not contain information about A Lưới or the birthplace of John Phan. Therefore, it is not possible to determine the region based on the given content. FINAL: The provided information does not contain details about A Lưới or the birthplace of John Phan.
Where do Greyhound buses leave from in the city where Arna Selznick's employer is headquartered?	Greyhound buses leave from the Toronto Coach Terminal in Toronto, where David Selznick's employer, Selznick International, is headquartered. FINAL: Toronto Coach Terminal
Which county does Lloyd Dane's birthplace belong to?	Lloyd Dane was born in Eldon, Missouri. Eldon is located in Howard County, Missouri. FINAL: Howard County
Who wrote "Turn Me On" by performer of "Happy Pills"?	Norah Jones wrote "Turn Me On." She is also the performer of "Happy Pills." FINAL: Norah Jones
Who did the screenwriter for Good Will Hunting play in Dazed and Confused?	The screenwriter for Good Will Hunting, Ben Affleck, played Fred O'Bannion in Dazed and Confused. FINAL: Ben Affleck
What is the seat of the county sharing a border with the county in which J. P. Hayes was born?	J. P. Hayes was born in Appleton, Wisconsin. The county in which he was born is Outagamie County. The seat of Outagamie County is Appleton. FINAL: Appleton
What does the U.S. believe caused the country where the birthplace of Yaovabha Bongsanid is located, to help Japan?	The U.S. believes that the country where the birthplace of Yaovabha Bongsanid is located, which is Thailand, helped Japan during World War II. However, the provided text does not explicitly state the reason for Thailand's assistance to Japan. FINAL: The provided text does not specify the reason why the country where Yaovabha Bongsanid was born helped Japan.
What was the language from which the last name Sylvester originates during the era of the Frankish king who formed the Holy Roman Empire later known as?	The last name Sylvester originates from the Latin name "Sylvester," which means "of the forest." During the era of the Frankish king who formed the Holy Roman Empire, the language used was Medieval Latin, a form of Latin that evolved from Classical Latin and was used in the Middle Ages. FINAL: Medieval Latin
The group representing at least 70% of Jews worldwide and Italians may be genetically similar due to what two factors?	The group representing at least 70% of Jews worldwide and Italians may be genetically similar due to inter-marriage and conversions in the time of the Roman Empire. FINAL: inter-marriage and conversions in the time of the Roman Empire.
What is the record label for the band which performed Pythons?	The record label for the band Surfer Blood, which performed the album "Pythons," is Sire Records. FINAL: Sire Records
Who is the child of the actor who is a cast member of Love in Pawn?	The question refers to "Love in Pawn," but there is no information provided about a film or show by that exact name. However, based on the given content, there is no direct mention of an actor's child in relation to a production titled "Love in Pawn." FINAL: The information provided does not specify the child of an actor from a production titled "Love in Pawn."
What was the version of the language where the last name Sylvester originates, used in the era of the king that united the tribes in the 9th century, later called?	The version of the language where the last name Sylvester originates is Medieval Latin, which was used during the era of Charlemagne, who united the tribes in the 9th century. FINAL: Medieval Latin
Who won the Indy Car Race in the largest populated city of the state where Yuma's Library District is located?	The question refers to the "Indy Car Race" and "Yuma's Library District." However, the provided content does not mention Yuma's Library District or an Indy Car Race in the largest populated city of the state where it is located. Therefore, the answer cannot be determined from the given information. FINAL: The provided information does not contain details about Yuma's Library District or an Indy Car Race in the largest populated city of the state where it is located.
Who played the girlfriend of Alex P. Keaton's actor on Family Ties in Back to the Future?	Michael J. Fox played Alex P. Keaton on Family Ties. In Back to the Future, his character, Marty McFly, had a girlfriend named Jennifer Parker, who was played by Claudia Wells. FINAL: Claudia Wells
What is the source of the river of which Kraai River is a tributary?	The Kraai River is a tributary of the Orange River. Therefore, the source of the Orange River is the source of the river of which the Kraai River is a tributary. FINAL: The source of the Orange River.
When was the region immediately north of the region where the country that secured southern Lebanon is located and the Persian Gulf established?	The country that secured southern Lebanon is Israel. The region immediately north of Israel and the Persian Gulf is the area of the Arabian Peninsula. The Kingdom of Saudi Arabia, which includes the Persian Gulf, was established in 1932. FINAL: 1932
When did the luxury division of the maker of the Toyopet Master change the body style of the rx 350?	The provided text does not mention the Toyopet Master's luxury division or the RX 350. Therefore, there is no information to answer the question. FINAL: The question cannot be answered based on the provided information.
The German priest, who wanted to reform the religious denomination now the largest in the US, preached a sermon on Marian devotion soon before his death in which German state?	The German priest who wanted to reform the religious denomination now the largest in the US was Martin Luther. He preached a sermon on Marian devotion soon before his death in the state of Saxony. FINAL: Saxony
What song did Paul McCartney write for Sean Lennon's siblings?	The question refers to a song written by Paul McCartney for Sean Lennon's siblings, but none of the provided paragraphs mention any song specifically written for them. Therefore, based on the given information, the answer cannot be determined. FINAL: The provided information does not specify a song written by Paul McCartney for Sean Lennon's siblings.
What award was received by the person who authored Missing Person?	The content provided does not mention an author named "Missing Person" or an award received by such a person. Therefore, based on the given information, it is not possible to determine the award received by the person who authored "Missing Person." FINAL: The information provided does not specify an award received by the author of "Missing Person."
Who sings home alone tonight with the singer of you can crash my party anytime?	"Home Alone Tonight" is a song by Luke Bryan featuring Karen Fairchild. "Crash My Party" is an album by Luke Bryan. The singer of "You Can Crash My Party Anytime" is not mentioned in the provided content. FINAL: Luke Bryan
What body of water does the river that Toongabbie Creek flows into flow into?	Toongabbie Creek is part of the Parramatta River catchment, so it flows into the Parramatta River. The Parramatta River flows into the Tasman Sea. FINAL: Tasman Sea
How long was the city the Qing lost in 1853 the capital of the province where Yaxing Coach is headquartered?	In 1853, the Qing lost the city of Nanjing, which was the capital of Jiangsu province, where Yaxing Coach is headquartered. The city was the capital of Jiangsu for a significant period. FINAL: The city the Qing lost in 1853 was the capital of Jiangsu province for a significant period.
When did the luxury division of the company that manufactures Toyopet Master change the body style of the RX 350?	The question refers to the luxury division of the company that manufactures Toyopet Master, but there is no information provided about Toyopet Master or any changes to the RX 350's body style. The content mentions the Lexus RX 350, but no specific date about a body style change is given. FINAL: The provided information does not specify when the luxury division of the company that manufactures Toyopet Master changed the body style of the RX 350.
Where is the origin of the river that Kraai River is a tributary of?	The Kraai River is a tributary of the Orange River. The Orange River's origin is in the Drakensberg mountains in eastern South Africa. FINAL: The origin of the Orange River, which the Kraai River is a tributary of, is in the Drakensberg mountains in eastern South Africa.
Where is the river that the engine pumped water from located in the world?	The river that the engine pumped water from is the Nile River, located in Egypt. FINAL: Egypt
Who was the first African American student to attend the school that owns Swayze Field?	The provided content does not mention any school that owns Swayze Field or any information about the first African American student to attend such a school. Therefore, based on the given information, it is not possible to determine the answer. FINAL: The provided information does not contain details about Swayze Field or the first African American student to attend the school that owns it.
Who wrote the show that Jimmy Olsen works for?	The show that Jimmy Olsen works for is "Smallville." The show was developed by writer-producers Alfred Gough and Miles Millar. FINAL: Alfred Gough and Miles Millar
What franchise of the pro soccer organization headquartered in New York, is based in the city that produced the album considered the true portrait of the No Wave movement?	The franchise is the Contortions, a no wave band from New York City. However, the question refers to a pro soccer organization headquartered in New York, which is Major League Soccer (MLS). The answer is not directly related to a soccer franchise but to the No Wave music scene in New York City. FINAL: The question refers to a music scene, not a soccer franchise. No direct soccer franchise is associated with the No Wave movement.
When was one internet browser's version of Windows 8 made accessible?	The content provided does not specify when a particular internet browser's version for Windows 8 was made accessible. FINAL: The question cannot be answered based on the given information.
Who is the child of the Victim of Romance performer?	The question refers to "the Victim of Romance performer," but there is no clear reference to a specific individual or character known as "the Victim of Romance" in the provided content. Therefore, the question cannot be accurately answered based on the given information. FINAL: The question cannot be answered with the provided information.
At the end of which year did the tribes in the area where the Ashkenazi Jews can trace their ancestry to Jews who settled there invade the roman empire?	The tribes that settled in the area where Ashkenazi Jews can trace their ancestry to Jews who settled there invaded the Roman Empire in the 4th century. However, the specific year of the invasion is not mentioned in the provided text. FINAL: The text does not specify the exact year of the invasion.
Who is the spouse of the person who voices Jarvis in Iron Man?	The person who voices J.A.R.V.I.S. in Iron Man is Paul Bettany. There is no information provided about Paul Bettany's spouse. FINAL: The information provided does not mention the spouse of Paul Bettany.
What is the name of the castle in the place of birth of the performer of When I Was a Boy?	The question asks for the name of the castle in the place of birth of the performer of "When I Was a Boy." The performer of "When I Was a Boy" is Jane Siberry. However, the provided content does not mention her place of birth or any castle associated with it. Therefore, there is no information available to answer the question. FINAL: The information provided does not specify the place of birth of Jane Siberry or any castle associated with it.
How were people from whom new coins were a proclamation of independence by the Somali Muslim Ajuran Empire expelled from the natural boundary between Thailand and A Magne's country?	The question contains inaccuracies and references that are not clearly defined in the provided content. There is no mention of "A Magne's country" or a specific expulsion related to the Somali Muslim Ajuran Empire's coinage. The content only states that the Ajuran Empire, allied with the Ottomans, used a new coinage to proclaim economic independence from the Portuguese. FINAL: The question contains inaccuracies and cannot be answered based on the provided information.
Who is the father of Nim's actress in Return to Nim's Island?	The father of Nim's actress, Bindi Irwin, is Steve Irwin. FINAL: Steve Irwin
What city shares a border with the place where the person who went to the state known for its Mediterranean climate during the gold rush worked?	The person who went to the state known for its Mediterranean climate during the gold rush is likely referring to someone who went to California. The city that shares a border with California is Oregon, Nevada, Arizona, or Baja California, Mexico. However, based on the context, the most relevant answer is Oregon, as it is a U.S. state that shares a border with California. FINAL: Oregon
Besides areas of the country gaining control of Florida after the conflict Charles Edmund Nugent participated in, what other differences exist between where Carlos Barral died and Real Madrid?	Carlos Barral was born in Barcelona, Spain, while Real Madrid is a football club based in Madrid, Spain. The main difference is the location: Barcelona (where Barral was born) versus Madrid (the home of Real Madrid). FINAL: The main difference is the location: Barcelona (where Carlos Barral was born) versus Madrid (the home of Real Madrid).
In April 2010, what did the company owned by MV Macoma announce it was in the process of doing?	In April 2010, the company owned by MV Macoma announced it was in the process of trying to find a potential buyer for all of its operations in Finland. FINAL: In April 2010, the company owned by MV Macoma announced it was in the process of trying to find a potential buyer for all of its operations in Finland.
Where does the body of water by the city that shares a border with Elizabeth Berg's birthplace and Ohio River meet?	The body of water by the city that shares a border with Elizabeth Berg's birthplace and the Ohio River is the Mamaroneck River. The Mamaroneck River meets Long Island Sound. FINAL: The Mamaroneck River meets Long Island Sound.
What was the wettest year in the second largest city in the state where Yuma's Library District is located?	The second largest city in the state where Yuma's Library District is located is Yuma, Arizona. However, the content provided does not specify the wettest year in Yuma. The information about the wettest year refers to Tucson, Arizona, which was 1905 with 24.17 in (614 mm). FINAL: 1905
When was John's eldest son crowned?	John's eldest son, Henry III, ruled as king for the majority of the 13th century. However, the specific date of his coronation is not provided in the given text. FINAL: The text does not specify the exact date when John's eldest son was crowned.
What is the date of birth of the person who was part of Ratata?	The provided content does not mention anyone named "Ratata" or any related information. Therefore, there is no information available to determine the date of birth of the person who was part of Ratata. FINAL: The information provided does not mention anyone named "Ratata" or related details.
What worldwide ranking does the university that Pedro Ramirez Vasquez attended hold?	Pedro Ramírez Vázquez attended the National Autonomous University of Mexico (UNAM), which was ranked 74th in the Top 200 World University Ranking published by Times Higher Education in 2006. FINAL: 74th
What company is the college where Wolf V. Vishniac studied a part of?	The company is not mentioned in the provided content. The text only states that Roman Vishniac was educated at Brooklyn College and Stanford University. FINAL: The company is not mentioned.
How many ethnic minorities were looked at differently in the city where the headquarters of the company that Study in Brown's record label is a part of?	The question refers to the city where the headquarters of the company that Study in Brown's record label is a part of. Study in Brown is an album by Clifford Brown and Max Roach, released on EmArcy Records. EmArcy Records is a subsidiary of Blue Note Records, which is based in New York City. The question asks about ethnic minorities in that city, but the provided content does not specify the number of ethnic minorities or how they were treated. FINAL: The provided information does not specify the number of ethnic minorities or how they were treated in the city.
What is the position of the first governor general of India?	The first Governor-General of British India was Warren Hastings, and the first Governor-General of independent India was Louis Mountbatten. FINAL: The first Governor-General of British India was Warren Hastings, and the first Governor-General of independent India was Louis Mountbatten.
What Islamic denomination was the author of The Canon of Medicine thought to be a member of?	The author of The Canon of Medicine, Avicenna, was thought to be a member of different Islamic denominations according to various sources. Some believed he was a Sunni Hanafi, while others suggested he might have been a Twelver Shia or an Ismaili. FINAL: Sunni Hanafi, Twelver Shia, or Ismaili.
Who is the spouse of the person who plays Batman in the Lego Batman Movie?	The spouse of the person who plays Batman in The Lego Batman Movie is Rebecca Sugar. She is the creator of the animated series "Steven Universe" and has collaborated with the voice actor of Batman, Will Arnett, on various projects. FINAL: Rebecca Sugar
What country does team that Pa Amadou Gai is a member of play for?	Pa Amadou Gai is a Gambian soccer player. Answer: Gambia FINAL: Gambia
What is the experimental satellite which was the forerunner to the communication satellite of the operator of GSAT-7 called?	The experimental satellite that was the forerunner to the communication satellite of the operator of GSAT-7 is ATS-6. FINAL: ATS-6
What is the mouth of watercourse for the body of water where Bartram's Covered Bridge is located?	The Bartram's Covered Bridge is located over Crum Creek. The mouth of Crum Creek is where it drains into the Delaware River. FINAL: The mouth of the body of water where Bartram's Covered Bridge is located is the Delaware River.
Who was the person who acquired the parent company of the music service Beyonce owns part of talking about in the song Cry?	The question refers to a song titled "Cry," but the provided content does not mention a song by that exact name. However, the song "I'll Cry If I Want To" by Lesley Gore is mentioned, and the question seems to be mixing elements from different songs and artists. There is no direct reference to Beyoncé owning a music service or a specific person acquiring it in the given content. FINAL: The question contains inaccuracies and lacks sufficient information to provide a precise answer.
When is Celebrity Big Brother coming to the network which, along with ABC and the network which broadcasted The Chisholms, is the other major broadcaster based in NY?	The question refers to a network based in New York, along with ABC and the network that broadcasted *The Chisholms*. From the provided content, the three major American broadcast networks headquartered in New York are ABC, CBS, and NBC. The network that broadcasted *The Chisholms* is not explicitly mentioned, but the question implies it is one of the major networks. Since the question asks about the network that, along with ABC and another network, is a major broadcaster based in NY, the answer likely refers to CBS or NBC. However, no specific information about *Celebrity Big Brother* airing on any of
The MLB MVP award is given out after a competition where a team has played the most games. What is the longest win streak in the history of league that team plays for?	The question refers to the longest win streak in the history of a league, but the provided information does not specify a particular team's win streak. The content discusses the MLB All-Star Games, wild card teams, Ken Jennings, Al Holland, the 2016 World Series, the Super Bowl MVP Award, Miguel Cabrera, NFL franchise post-season streaks, Howie Judson, and the MLB MVP Award. None of these paragraphs provide the longest win streak for a specific team. FINAL: The provided information does not contain the longest win streak for an MLB team.
Who is the other child of Chian Hsiao-chang's father?	The question refers to "Chian Hsiao-chang," but there is no information provided about this individual or their father in the given content. Therefore, it is not possible to determine the other child of Chian Hsiao-chang's father based on the provided text. FINAL: The question cannot be answered with the given information.
Who started the foundation that developed the Free Software Directory?	The Free Software Directory was started by the Free Software Foundation. Richard Stallman founded the Free Software Foundation. FINAL: Richard Stallman
What notable pop artist started out his career on adult contemporary radio along with the performer of Illuminations?	The question refers to an artist associated with "Illuminations," but no specific information about "Illuminations" is provided in the given content. Therefore, the question cannot be answered based on the provided paragraphs. FINAL: The question cannot be answered with the given information.
On what date did Battle of the birth place of Marzuki Alie end?	The question refers to the "Battle of the birth place of Marzuki Alie," but there is no information provided about a battle related to Marzuki Alie or a specific battle named after his birthplace. Therefore, the date cannot be determined from the given content. FINAL: The question cannot be answered based on the provided information.
Who was the first president in the country where the Kamchatka Peninsula is located?	The Kamchatka Peninsula is located in Russia. The first president of Russia was Boris Yeltsin. FINAL: Boris Yeltsin
Who did Jokshan's father marry after the death of Sarah?	Jokshan's father, Abraham, married Keturah after the death of his first wife, Sarah. FINAL: Keturah
What was the person who provided evidence to suggest the existence of the neutron a participant of?	The person who provided evidence to suggest the existence of the neutron was James Chadwick, who was a participant in the Tube Alloys project and later the Manhattan Project. FINAL: James Chadwick was a participant in the Tube Alloys project and the Manhattan Project.
Who plays the character that took the sword out of the stone in once upon a time?	Tony Amendola plays the character that took the sword out of the stone in Once Upon a Time. FINAL: Tony Amendola
When is the next episode of the series that Steven the Sword Fighter is a part of being released?	The question refers to "Steven the Sword Fighter," which is not mentioned in the provided content. Therefore, there is no information available about the next episode of the series he is part of. FINAL: The provided information does not mention "Steven the Sword Fighter" or the release date of the next episode of his series.
Who plays the person with the same name as he who was caught by surprise in Once Upon a Time?	Tony Amendola plays the person with the same name as he who was caught by surprise in Once Upon a Time. FINAL: Tony Amendola
Who was played by the creator of Push, Nevada in Dazed and Confused?	Christin Hinojosa was played by the creator of Push, Nevada in Dazed and Confused. FINAL: Christin Hinojosa
Why was Common Sense, by the same author as Rights of Man, an important work?	The question refers to "Common Sense," a work by Thomas Paine, who also wrote "Rights of Man." "Common Sense" was important because it advocated for American independence from Britain, presenting clear and persuasive arguments that helped galvanize public support for the American Revolution. It played a crucial role in shaping the political ideology of the time and influenced the development of democratic principles. FINAL: "Common Sense" was an important work because it advocated for American independence from Britain, presenting clear and persuasive arguments that helped galvanize public support for the American Revolution.
When did the president of the Confederate States of America end his fight in the Mexican-American war?	The question contains an error. The Confederate States of America did not participate in the Mexican-American War, which occurred from 1846 to 1848, well before the American Civil War. Jefferson Davis, as president of the Confederate States of America, was not involved in the Mexican-American War. FINAL: The president of the Confederate States of America did not end his fight in the Mexican-American War, as the Confederacy did not exist during that conflict.
When was the last time the team Matthew Webb was a member of beat the winner of the 1894-95 FA Cup?	Matthew Webb was a member of Birmingham City. The winner of the 1894-95 FA Cup was Aston Villa. Birmingham City last beat Aston Villa in a competitive match during the 2010-11 season when they won 2-1 at Villa Park in the Premier League. FINAL: 2010-11 season
What does the name of the organization the Haiti national football team belongs to stand for?	The Haiti national football team belongs to FIFA, which stands for the International Federation of Association Football. FINAL: FIFA
What is the record label of the co-writer and recording artist of Permission to Fly?	The record label of the co-writer and recording artist of *Permission to Fly* is not explicitly mentioned in the provided content. FINAL: The record label is not specified in the given information.
When did the location of the basilica named after the same saint at San Pietro in Ciel d'Oro become its own country?	The question contains inaccuracies and lacks clear context about a basilica named after the same saint as San Pietro in Ciel d'Oro becoming its own country. There is no historical evidence or information provided that supports such an event. FINAL: The question contains inaccuracies and lacks clear context about a basilica named after the same saint as San Pietro in Ciel d'Oro becoming its own country. There is no historical evidence or information provided that supports such an event.
Where did the person featured in the film Sammy Going South study or work?	The person featured in the film *Sammy Going South* is Edward G. Robinson. He studied at Townsend Harris High School and then the City College of New York. He also attended the American Academy of Dramatic Arts. FINAL: Edward G. Robinson studied at Townsend Harris High School and the City College of New York, and attended the American Academy of Dramatic Arts.
What does the acronym of the organization Danish Football Union is part of stand for?	The question refers to the "Danish Football Association," which is the governing body for football in Denmark. The acronym for the organization is Dansk Fodbold Forbund (DFB), but the question seems to be asking about the Danish Football Association's involvement with FIFA. The Danish Football Association is part of FIFA, which stands for Fédération Internationale de Football Association. FINAL: FIFA
When did the team that won the AL East in 2017 last play in the event after which the MLB MVP is awarded?	The team that won the AL East in 2017 was the New York Yankees. The Yankees last played in the 2012 American League Championship Series. FINAL: 2012
What shares a border with the city where the person who went to the state where Baskin-Robbins was founded during the gold rush works?	The person who went to the state where Baskin-Robbins was founded during the gold rush is John Kerry, who worked with the Organization of American States. However, the question seems to be asking about a city that shares a border with a location related to Baskin-Robbins. Baskin-Robbins was founded in Glendale, California. The city that shares a border with Glendale, California, is Los Angeles. FINAL: Los Angeles
How many ethnic minorities were looked at differently in the city where the headquarters of the only group larger than Långa nätter's record label is located?	The question refers to the city where the headquarters of the only group larger than Långa nätter's record label is located. However, there is no mention of Långa nätter or any specific record label in the provided content. Therefore, the question cannot be answered based on the given information. FINAL: The question cannot be answered based on the provided information.
What year did the country where the place of birth of Beatrice Heuser is located form an alliance with Japan?	The question refers to "Beatrice Heuser," but there is no information provided about her place of birth. The text mentions "Heuser Nunatak," named after Charles M. Heuser, but does not provide details about Beatrice Heuser or her birthplace. Therefore, the question cannot be answered based on the given information. FINAL: The question cannot be answered based on the provided information.
When did the death city of Taito Kantonen become the capital of the US state having the statue being the title of the various Latin Mother goddess?	Taito Kantonen is not a city, and the question contains inaccuracies. However, Springfield, Illinois, is the city that has the "Alma Mater" statue. Springfield became the capital of Illinois in 1839. FINAL: 1839
Who is the president of the newly declared independent country that is part of the Commission of Truth and Friendship with the country where Sumardi was born?	The president of East Timor, which is part of the Indonesia–Timor Leste Commission of Truth and Friendship, is Francisco Guterres. The country where Sumardi was born is Indonesia, and the president of Indonesia is Joko Widodo. However, the question refers to the president of the newly declared independent country (East Timor) involved in the Commission. FINAL: Francisco Guterres
What is the source of the river that is the mouth of the Caledon River?	The source of the river that is the mouth of the Caledon River is not explicitly mentioned in the provided content. However, the Caledon River is noted as a tributary of the Orange River. The source of the Orange River is Thaba Putsoa in the Maloti Mountains (Drakensberg), but this is not directly linked to the Caledon River's source. FINAL: The source of the river that is the mouth of the Caledon River is not explicitly provided in the content.
A country's military branch, the equivalent of which in the US helped the Old West's local police, was unprepared for the invasion of the country that developed the ZH-29. The unprepared country was the only communist country to have an embassy where?	The country's military branch referred to is the Pinkerton National Detective Agency, which was hired by local governments and the federal government in the American Old West. The country that developed the ZH-29 is Czechoslovakia. The only communist country to have an embassy in the United States was Czechoslovakia. FINAL: Czechoslovakia
What pantheon is the God of the underworld in ancient Egypt a part of?	The pantheon of ancient Egypt includes the God of the underworld, such as Osiris. FINAL: The pantheon of ancient Egypt.
What event caused the founder of Australia's liberal party to become Prime Minister?	The event that caused the founder of Australia's liberal party to become Prime Minister was the formation of the Free Trade Party in 1887, which was led by George Reid. However, the question refers to the Australian Labour Party, which was led by Chris Watson, the first Prime Minister from that party. The question seems to conflate different parties. Based on the provided content, the Free Trade Party was an early Australian political party, but the question's phrasing is unclear. FINAL: The founder of Australia's liberal party (Free Trade Party) was George Reid, who became Prime Minister in 1904.
Who founded what Robert J Chassell is a member of?	Robert J. Chassell was a founding director of the Free Software Foundation (FSF). FINAL: Free Software Foundation (FSF)
Who is part of the group performing Ask the Fish?	The group performing "Ask The Fish" is Leftover Salmon. FINAL: Leftover Salmon
When did the city where the headquarters of Barton Premium Blend's manufacturer is located elect its first black mayor?	The headquarters of Barton Premium Blend's manufacturer, the Sazerac Company, is located in Bardstown, Kentucky. However, the provided information does not mention when Bardstown or any city in Kentucky elected its first black mayor. FINAL: The information provided does not specify when the city where the headquarters of Barton Premium Blend's manufacturer is located elected its first black mayor.
What is the meaning of the word that is also the majority religion in the area that became India when the country where Kot Haibat is located was created in the Arabic dictionary?	The word is "Hindu," which refers to the majority religion in the area that became India. In the Arabic dictionary, "Hindu" is derived from the Sanskrit word "Sindhu," meaning the Indus River, and it came to denote the people and religion of the Indian subcontinent. FINAL: Hindu
What was the population of the European country the Huguenots felt kinship for emigration to before this emigration?	The Huguenots felt kinship for the Dutch Republic, which had a population of approximately 2 million at the time of their emigration. FINAL: 2 million
What other notable work did the person who illustrated Shrek work on?	The person who illustrated Shrek is William Steig, who is known for his picture book "Shrek!" However, the question refers to the illustrator of the film "Shrek," which is not the same as William Steig, the author of the book. The question seems to conflate the book's author with the film's illustrator. The film "Shrek" was animated by DreamWorks Animation, and no specific individual illustrator is highlighted in the provided content. Therefore, based on the given information, there is no direct answer to the question as it is phrased. FINAL: The question conflates the book's author with
Who gives out the prize named after the author of The Wealth of Nations?	The prize named after the author of The Wealth of Nations is given out by the University of Cambridge. FINAL: The prize named after the author of The Wealth of Nations is given out by the University of Cambridge.
What is the region of the country of Sa Thầy and the territory of the Zone 5 Military Museam located?	Sa Thầy is a district in the Central Highlands region of Vietnam. The Zone 5 Military Museum is located in Da Nang, Vietnam. FINAL: The region of Sa Thầy is the Central Highlands, and the Zone 5 Military Museum is located in Da Nang, Vietnam.
When is Celebrity Big Brother coming to the network which, along with ABC and the network which released Stand Against Fear, is the other major broadcaster based in NY?	The network in question is CBS. Celebrity Big Brother was set to air on CBS in early 2018. FINAL: 2018
Which section of the emergency response guidebook of the continent where bison antiquus are found contains the response guides?	The question refers to an "emergency response guidebook" but no such guidebook is mentioned in the provided content. The content discusses the bison species Bison antiquus and the AIR-ONE Emergency Response Coalition, but there is no direct link or mention of an emergency response guidebook related to the continent where Bison antiquus were found. FINAL: The provided content does not mention an emergency response guidebook related to the continent where Bison antiquus were found.
Who was in charge in the country that is the natural boundary between the country that hosted the tournament and the country where A Don is located?	The question refers to "A Don," which is not clearly identified in the provided content. Without additional context, it is not possible to determine the country or entity in charge. FINAL: The question lacks sufficient context to provide a definitive answer.
Who did the creator of Push, Nevada play in Dazed and Confused?	The creator of "Push, Nevada," Ben Affleck, played Fred O'Bannion in *Dazed and Confused*. FINAL: Ben Affleck
How many people were in the British colonies where bison antiquus could be found?	The provided text does not specify the population of the British colonies where *Bison antiquus* could be found. The text focuses on the evolution and characteristics of *Bison antiquus*, but does not mention population figures of the British colonies in North America. FINAL: The provided text does not contain information about the population of British colonies where *Bison antiquus* could be found.
During British rule, what wood was mostly produced in the nation that's the boundary between the host of the 2020 AFC U-23 Championship qualification, and the nation containing A Don?	During British rule, teak was mostly produced in Myanmar, which is the nation bordering the host of the 2020 AFC U-23 Championship qualification (China) and the nation containing A Don (Thailand). FINAL: teak
When did the birthplace of the Here Come the Girls performer elect its first black mayor?	The question refers to the "Here Come the Girls performer," but no specific performer by that name is mentioned in the provided content. However, if the question is referring to Madonna, the content does not mention her birthplace electing a black mayor. Therefore, based on the given information, the answer cannot be determined. FINAL: The provided information does not specify when the birthplace of the "Here Come the Girls" performer elected its first black mayor.
When did Nissan along with the company that makes the Comstar wheel and the company that makes the Scion open US assembly plants?	Nissan, Honda (maker of the Comstar wheel), and Toyota (maker of the Scion) opened US assembly plants in different years. Nissan's Smyrna plant was established in 1985. Honda's plant in Marysville, Ohio, began production in 1986. Toyota's plant in Fremont, California, started operations in 1984. FINAL: The question cannot be accurately answered with the provided information.
What is the mascot of William J. Ripple's university?	The mascot of William J. Ripple's university is not mentioned in the provided content. FINAL: The mascot of William J. Ripple's university is not mentioned in the provided content.
Who is the father of Edward Baring, 1st Baron Revelstoke's father?	Edward Baring, 1st Baron Revelstoke's father is Henry Baring of Cromer Hall. FINAL: Henry Baring of Cromer Hall.
Who is the federal leader of the party that Pierre-Hugues Boisvenu is a member of?	The federal leader of the party that Pierre-Hugues Boisvenu is a member of is Stephen Harper. FINAL: Stephen Harper
In True Grit, who did the star play?	In the film *True Grit*, the star, John Wayne, played the role of Rooster Cogburn, a tough and cynical U.S. Marshal. FINAL: John Wayne played the role of Rooster Cogburn.
What is the average yearly income for someone with the same nationality as the producer of The Wild Women of Chastity Gulch?	The producer of The Wild Women of Chastity Gulch is Aaron Spelling, who was an American film and television producer. The average household income in the United States, according to the US Census Bureau 2014 Annual Social and Economic Supplement, was $72,641. FINAL: $72,641
Who is the spouse of the child of Peter Andreas Heiberg?	The spouse of the child of Peter Andreas Heiberg is not explicitly mentioned in the provided text. FINAL: The text does not provide information about the spouse of the child of Peter Andreas Heiberg.
What is the name of the castle found in the birthplace of the performer of Falling Out?	The question refers to "Falling Out," which is not mentioned in the provided content. Therefore, there is no information available to determine the name of the castle in the birthplace of the performer of "Falling Out." FINAL: The question cannot be answered with the provided information.
When was the region that lies to the north of where Israel is located and where Shamal is located established?	The question refers to the region north of Israel and where the Shamal wind is located. The Shamal wind affects Iraq and the Persian Gulf states, which are located north of Israel. However, the text does not provide specific information about when this region was established. FINAL: The text does not provide information about when the region north of Israel, where the Shamal wind is located, was established.
Who is the federal leader of Leon Benoit's political party?	Leon Benoit was a member of the Conservative Party of Canada. The federal leader of the Conservative Party of Canada during his time in office (2004–2015) was Stephen Harper. FINAL: Stephen Harper
In what league did Jose Miranda's team compete?	Jose Miranda's team competed in the USISL Select League and the USISL D-3 Pro League. FINAL: USISL Select League and USISL D-3 Pro League.
Who was the US physicist who directed the project that developed the first atomic bomb at the same place where Feynman worked on Water Boiler?	The US physicist who directed the project that developed the first atomic bomb at the same place where Feynman worked on Water Boiler was J. Robert Oppenheimer. He was the director of the Los Alamos Laboratory, where Feynman contributed to the Manhattan Project, including work on the "Water Boiler" experiment. FINAL: J. Robert Oppenheimer
When did the performer of I Love Life, Thank You release Best Day Ever?	Mac Miller released "Best Day Ever" on March 11, 2011. FINAL: 2011
Which county shares a border with the county where the most populous city in the state where WEKL operates is located?	The question refers to the county where the most populous city in the state where WEKL operates is located. However, the provided content does not mention WEKL or the specific state it operates in. Therefore, it is not possible to determine which county shares a border with that county based on the given information. FINAL: The provided information does not mention WEKL or the specific state it operates in, making it impossible to determine the answer.
Who was honoured with the highest award a citizen without military experience in India before becoming a president?	The highest civilian award in India is the Bharat Ratna. A.P.J. Abdul Kalam was honoured with the Bharat Ratna in 1997 before becoming the President of India. FINAL: A.P.J. Abdul Kalam
Why did Roncalli leave the place where artist who made The Bacchanal of the Andrians died?	Roncalli did not leave the place where the artist who made *The Bacchanal of the Andrians* died. The provided information does not mention anything about an artist or *The Bacchanal of the Andrians*. FINAL: The question contains incorrect or unrelated information not present in the provided content.
In 2010, what was the population of the city where the Yongle emperor greeted the person to whom the edict was addressed?	The question refers to the Yongle Emperor greeting someone to whom an edict was addressed, but it does not provide enough information to determine the population of the city in 2010. The text mentions the Yongle Emperor greeting the Karmapa in Nanjing, but it does not state the population of Nanjing in 2010. FINAL: The population of the city is not provided in the given information.
When did the city the 2010 Sony Ericsson Open – Men's Singles winner is from become the capitol of the state Knowles is from?	Sloane Stephens, the 2010 Sony Ericsson Open – Men's Singles winner, is from the United States. However, the question seems to mix up information. Beyoncé Knowles is from Texas, but the question refers to the city where the 2010 Sony Ericsson Open – Men's Singles winner is from becoming the capital of the state Knowles is from. Since the winner of the 2010 Sony Ericsson Open (which is in Miami) is not specified here, and the question is confusing, it's not possible to accurately answer it based on the given information. FINAL:
Who created the main character of The Godfather?	The main character of The Godfather, Vito Corleone, was created by Mario Puzo. FINAL: Mario Puzo
What gun was used by Pollack's director in Westworld?	The question refers to a specific detail not covered in the provided content. The content discusses various historical and military firearms but does not mention anything related to "Pollack's director in Westworld." FINAL: The provided information does not contain details about the gun used by Pollack's director in Westworld.
When does the new season of the show starring the cast member of Pizza Man start?	The question refers to a show starring the cast member of "Pizza Man," but no specific show or cast member named "Pizza Man" is mentioned in the provided content. Therefore, the start date of the new season cannot be determined from the given information. FINAL: The provided information does not specify a show starring a cast member of "Pizza Man" or its start date.
What was the name of the Hero and the Terror star's character in Walker, Texas Ranger?	The question refers to the film "Hero and the Terror," which stars Chuck Norris as Danny O'Brien. However, there is no mention of the film "Walker, Texas Ranger" in the provided content. Therefore, the answer cannot be determined from the given information. FINAL: The provided information does not mention "Walker, Texas Ranger" or the character played by the star of "Hero and the Terror" in that show.
What is the position of the person impeached in England for acts committed as governor general of India?	Edmund Burke was involved in the impeachment efforts against Warren Hastings, who was the Governor-General of Bengal. The impeachment process in England, as outlined in the provided texts, involves the House of Commons bringing charges against an official, followed by a trial in the House of Lords. In the case of Hastings, the trial was a significant event, reflecting the political and legal procedures of the time. The position of the person impeached, in this case, Hastings, would be that of a high-ranking official facing legal charges for alleged misconduct during their tenure. FINAL: The person impeached in England for acts committed as governor general of India was Warren
What was the form of the language that the last name Sylvester comes from, used in the era of the king who united the 9th century tribes, later known as?	The form of the language is Medieval Latin, which evolved from Classical Latin and was used during the era of Charlemagne, who united the 9th-century tribes. FINAL: Medieval Latin
When was the celestial body that transforms nuclear potential energy to other forms of energy discovered to be the center of the solar system?	The question refers to the discovery of the Sun as the center of the solar system, which is not directly addressed in the provided paragraphs. The paragraphs discuss topics such as photosynthesis, energy types, renewable energy, and nuclear energy, but none mention the historical discovery of the Sun as the solar system's center. FINAL: The paragraphs do not provide information about the discovery of the Sun as the center of the solar system.
The actor who plays the father in I Can Only Imagine has a wife played by who in another film?	In the film *I Can Only Imagine*, the actor who plays the father is Dennis Quaid. In another film, *American Dad!*, the character of CIA Deputy Director Avery Bullock is voiced by Patrick Stewart. However, the question refers to a wife, which is not directly addressed in the provided content. Based on the information given, there is no explicit mention of Dennis Quaid's wife being played by an actor in another film. FINAL: The content does not provide information about the actor who plays the father in *I Can Only Imagine* having a wife played by an actor in another film.
Who is the actor who plays the title character in The Bourne Betrayal?	The title character in "The Bourne Betrayal" is Jason Bourne, but the question refers to the actor who plays him. However, the provided content does not specify an actor for "The Bourne Betrayal," as it is a novel, not a film. Therefore, there is no actor associated with the title character in the novel. FINAL: The Bourne Betrayal is a novel, not a film, so there is no actor who plays the title character.
Kiwil's birth country participated in a Commission of Truth and Friendship. Who is the president of the other country that participated?	The president of the other country that participated in the Indonesia–Timor Leste Commission of Truth and Friendship was Susilo Bambang Yudhoyono. FINAL: Susilo Bambang Yudhoyono
what was the name of the producer of Forest Warrior walker texas ranger?	The question contains a mix-up. "Forest Warrior" is a 1996 film starring Chuck Norris, and "Walker, Texas Ranger" is a separate TV show. There is no direct connection between the two. However, if the question refers to "Forest Warrior," its producer was Chuck Norris. FINAL: Chuck Norris
Who was picked over the player with the highest point average in NBA history in the draft?	The player with the highest point average in NBA history is Kevin Durant, who averaged 32.0 points per game in the 2013–14 season. However, the question refers to the draft, and Durant was selected second overall in the 2007 NBA draft. The player picked before him was Greg Oden, who was selected first overall by the Portland Trail Blazers. FINAL: Greg Oden
In The Godfather, who does the producer of Mistress play?	In The Godfather, the producer of Mistress, Lenny Montana, plays the role of feared hitman Luca Brasi. FINAL: Lenny Montana plays Luca Brasi in The Godfather.
Of which river is the river Kichi Sipi Bridge crosses a tributary?	The Kichi Sipi Bridge crosses a tributary of the Nelson River. FINAL: The Kichi Sipi Bridge crosses a tributary of the Nelson River.
What team was Anna Benson's husband on?	Answer: Major League Baseball FINAL: Major League Baseball
For what did the singer of Moon River in Breakfast at Tiffany's win a Tony?	The singer of "Moon River" in *Breakfast at Tiffany's* did not win a Tony. The song was performed by Audrey Hepburn, but there is no mention of her winning a Tony for this performance. FINAL: The singer of "Moon River" in *Breakfast at Tiffany's* did not win a Tony.
Which years did the war with Antigone's spouse occur?	The question refers to the war involving Antigone's spouse, which is not directly addressed in the provided content. However, based on the context of "Antigone" by Sophocles, the war in question is the Seven Against Thebes, which occurred in the mythological era. The text mentions the first Theban war, but no specific years are provided. FINAL: The specific years of the war involving Antigone's spouse are not provided in the content.
Who introduced a system of musical notation in the 14th century used in the area where the Ottoman slave trade flourished?	The question refers to a system of musical notation in the 14th century used in the area where the Ottoman slave trade flourished. However, the provided content does not mention any specific individual who introduced a musical notation system in the 14th century in that region. The content discusses the Ottoman Empire's history, the British Empire's involvement in the slave trade, and musical notation in classical music, but it does not directly connect a 14th-century musical notation system to the area of the Ottoman slave trade. FINAL: The provided information does not specify who introduced a musical notation system in the 14th century in
What was the wettest year of the city located in the county that also contains Helvetia?	The question refers to a city located in a county that contains Helvetia. Helvetia is a city in Indiana, and it is located in Madison County. However, the provided paragraphs do not contain information about the wettest year of any city. FINAL: The information required to answer the question is not available in the provided content.
What were the Genesis's advantages over the platform that plays Sunman?	The question refers to the "Genesis" (Sega's console) and "Sunman," but there is no information provided about a platform called "Sunman." Therefore, it is not possible to determine the Genesis's advantages over "Sunman" based on the given content. FINAL: The question cannot be answered as there is no information about a platform named "Sunman."
Which two features were played up the Microsoft executive who announced IPTV in 2007?	The two features played up by the Microsoft executive who announced IPTV in 2007 were TV remote control features and IPTV streaming features like Netflix. FINAL: TV remote control features and IPTV streaming features like Netflix.
According to Pew in 2010, what percent of Nigeria's population was the people who conquered the Eastern provinces of the Byzantine empire?	The question is not answerable based on the provided content. The paragraphs do not mention any specific percentage related to Nigeria's population or the people who conquered the Eastern provinces of the Byzantine Empire. FINAL: The question cannot be answered with the given information.
What county is the city that shares a border with the state capital of the state where Velma Barfield was born located in?	The question refers to Velma Barfield, who was born in North Carolina. The state capital of North Carolina is Raleigh. The city that shares a border with Raleigh is Cary. Cary is located in Wake County. FINAL: Wake County
What artist was featured on Smooth Jazz Stations, along with Kenny G and the performer of The Dance?	Kenny G and Dave Koz were featured on Smooth Jazz Stations. The performer of "The Dance" is Dave Koz. FINAL: Dave Koz
When was the country Merewalh was a citizen of abolished?	The question refers to a country named "Merewalh," which is not mentioned or described in the provided paragraphs. Therefore, there is no information available to determine when the country Merewalh was abolished. FINAL: The question cannot be answered based on the provided information.
Who is the father of the artist who painted Head I?	The father of the artist who painted Head I is not explicitly mentioned in the provided text. However, the artist is Francis Bacon, and the text does not provide information about his father. FINAL: The text does not provide the name of the father of Francis Bacon, the artist who painted Head I.
What is the body of water that St. Matthew Island located in named after?	The body of water that St. Matthew Island is located in is named after Sir Thomas Lewis, an English physiologist. The body of water is called Lewis Sound. FINAL: Lewis Sound
What percentage did the Dow Jones fall in the historical era where the book takes place?	The book "To Kill a Mockingbird" is set during the Great Depression. The Dow Jones Industrial Average fell 54.7% during that period. FINAL: 54.7%
What is the name of the famous bridge located in the birthplace of the composer of Nulla in mundo pax sincera?	The composer of "Nulla in mundo pax sincera" is Antonio Vivaldi. The famous bridge located in the birthplace of Vivaldi, who was born in Venice, Italy, is the Rialto Bridge. FINAL: Rialto Bridge
Who did Hay work for after being hired by his other notable influence regarding resource distribution other than Max Weber?	Friedrich Hayek was hired by Lionel Robbins at the London School of Economics (LSE). FINAL: Lionel Robbins
Who is the president of the newly declared independent country part of the Commission of Truth and Friendship with the country where Gado-gado is found?	The president of East Timor, which is part of the Indonesia–Timor Leste Commission of Truth and Friendship, is Francisco Guterres. The country where Gado-gado is found is Indonesia. However, the question refers to the president of the newly declared independent country (East Timor) involved in the commission. FINAL: Francisco Guterres
What province shares a border with the province where Lago District is located?	The province that shares a border with the province where Lago District is located is Niassa Province. FINAL: Niassa Province
The language of a film titled and about the city where Tito was interred is the co-official language of a county. In what city is the national Radio and Television broadcaster for that country?	The film about Belgrade, where Tito was interred, is in Serbian, which is a co-official language in Serbia. The national Radio and Television broadcaster for Serbia is in Belgrade. FINAL: Belgrade
When did the team that Jamie Ward is a member of win the FA Cup?	Jamie Ward is a member of Nottingham Forest F.C. The team that Jamie Ward is a member of, Nottingham Forest, won the FA Cup in 1898 and 1959. FINAL: 1898 and 1959
What is the meaning of the name of the city where the Yongle emperor greeted the person to whom the edict was addressed?	The city is Nanjing, whose name means "Southern Capital." FINAL: Nanjing
When did the country that has the same co-official language as that of the movie about the city where Petar Trifunović died send an independent team to the Olympics?	The country with the same co-official language as the movie about Belgrade (Serbian) is Serbia. Serbia first sent an independent team to the Olympics in 1992. FINAL: 1992
Where was Tyler MacDuff's child educated?	Tyler MacDuff was educated at Blair International Baccalaureate School in Pasadena. FINAL: Blair International Baccalaureate School in Pasadena.
How many miles are there between Nashville and the place in Tennessee where Mark Day was born?	Mark Day was born in Clarksville, Tennessee. The distance between Nashville and Clarksville is approximately 45 miles. FINAL: 45 miles
What is the name of the castle in the city where the performer of Sleep is the Enemy was formed?	The performer of "Sleep Is the Enemy" is the Canadian rock band Danko Jones, which was formed in Toronto. The castle in Toronto is Casa Loma. FINAL: Casa Loma
Who was in charge of the area where Pavilion Welgelegen is located?	The question refers to Pavilion Welgelegen, but the provided content does not mention this specific location or its administrator. Therefore, based on the given information, it is not possible to determine who was in charge of the area where Pavilion Welgelegen is located. FINAL: The provided content does not mention Pavilion Welgelegen or its administrator.
When was the last time the team that Malcolm Briggs was a member of beat the 1894-95 FA cup winner?	Malcolm Briggs was a member of Birmingham City. The 1894–95 FA Cup winner was Aston Villa. There is no information provided about when Birmingham City last beat Aston Villa. FINAL: The information provided does not specify when Birmingham City last beat Aston Villa.
Where was Obama's opponent in his first election educated?	Irene T. Griffin was educated at Beauharnois. FINAL: Beauharnois
What county was Tim Dubois born in?	Tim DuBois was born in Southwest City, Missouri. Southwest City is located in McDonald County, Missouri. FINAL: McDonald County
Who did the original voice of the character Mila Kunis plays on Family Guy?	The original voice of the character Mila Kunis plays on Family Guy, Meg Griffin, was Lacey Chabert. FINAL: Lacey Chabert
Who many players can play in the game based on the show that Steven the Sword Fighter is part of?	The game features seven playable characters, with an eighth character to be added in a future content update. Four characters can be equipped to a party at a time. FINAL: 4
with what movie did Mary Philips' husband win his only oscar?	The question refers to "Mary Philips' husband," but there is no mention of a person named Mary Philips in the provided content. Therefore, the question cannot be answered based on the given information. FINAL: The question cannot be answered with the provided information.
According to QS World University Rankings, what is the ranking of the place that employed Said Ashour?	The provided content does not mention Said Ashour or any information related to the QS World University Rankings. Therefore, it is not possible to determine the ranking of the place that employed Said Ashour based on the given information. FINAL: The information required to answer the question is not available in the provided content.
Who is the child of the president who suffered a major defeat when the body which approves members of the American cabinet refused to ratify the Versailles treaty?	The question refers to the President who suffered a major defeat when the body that approves members of the American cabinet (the Senate) refused to ratify the Versailles treaty. This president was Woodrow Wilson. FINAL: Woodrow Wilson
Which competition did the performer of Cadore 33 participated?	The performer of *Cadore 33* is Sergio Dalma, a Spanish singer. The question refers to a competition, but the provided information does not mention Sergio Dalma participating in any specific competition. The content only states that he released *Cadore 33* as his album. FINAL: The information provided does not specify a competition that Sergio Dalma participated in.
The country that Eyal Golan is from lies within a certain region. When was the area that lies immediately to the north of that region established?	Israel is a country in Western Asia. The region immediately to the north of Israel is Lebanon. Lebanon was established as a country in 1920, following the dissolution of the Ottoman Empire. However, the exact date of establishment can vary depending on the context of when the region was formally recognized as a state. FINAL: 1920
What is the capital of the county that shares a border with the county where WAPL is licensed to broadcast?	The question refers to the county where WAPL is licensed to broadcast, which is Appleton, Wisconsin. However, the question mentions "the county that shares a border with the county where WAPL is licensed to broadcast." Since WAPL is licensed to Appleton, the county in question is Outagamie County. The capital of Outagamie County is Appleton. FINAL: Appleton
What was the percentage the Dow Jones fell during the time the first cake mix come out?	The question refers to the time when the first cake mix came out, but the provided content does not mention any specific time related to the introduction of a cake mix. Therefore, there is no information available to determine the percentage the Dow Jones fell during that time. FINAL: The question cannot be answered based on the provided information.
Who constituted the free corps in the country that the Free State of Mecklenburg-Schwerin is located in?	The question refers to the Free State of Mecklenburg-Schwerin, but the provided content does not mention this specific entity or any "free corps" associated with it. Therefore, based on the given information, it is not possible to determine who constituted the free corps in that country. FINAL: The provided content does not contain information about the Free State of Mecklenburg-Schwerin or its free corps.
Who is the spouse of the person who played Father in I Can Only Imagine?	The spouse of the person who played Father in "I Can Only Imagine" is Louise M. Spooner. FINAL: Louise M. Spooner
What county is the city that shares a border with the state capital of the state where the RBC Heritage Golf Tournament is played in?	The RBC Heritage Golf Tournament is played in South Carolina. The state capital of South Carolina is Columbia. The city that shares a border with Columbia is Saluda County. FINAL: Saluda County
Where is the starting meridian for the longitude system on the world map?	The starting meridian for the longitude system on the world map is the Prime Meridian, which is defined as 0° longitude. This meridian was internationally adopted in the International Meridian Conference of 1884 and is associated with Greenwich, England. FINAL: The starting meridian for the longitude system is the Prime Meridian, located at 0° longitude.
When did the town WLUJ is licensed in become capitol of the state in which a statue of a Latin mother goddess is located?	The question contains inaccuracies and references to a non-existent town "WLUJ." There is no information provided about a town named WLUJ or a statue of a Latin mother goddess in the given content. Therefore, the question cannot be answered based on the provided paragraphs. FINAL: The question cannot be answered based on the provided information.
What does the US believe caused the country where Ercole Manfredi died to help Japan?	The question contains inaccuracies. Ercole Manfredi was an architect who worked in Thailand, not a country where he died. The U.S. policy during World War II was that Thailand was not an ally of the Axis and was considered a country forced into actions by Japanese blackmail. There is no direct link between the U.S. belief and Ercole Manfredi's involvement with Japan. FINAL: The question contains inaccuracies. Ercole Manfredi was an architect who worked in Thailand, not a country where he died. The U.S. policy during World War II was that Thailand was not an ally of the Axis and was
What is the name of the major basketball team from the city where the Yongle emperor greeted the person to whom the edict was addressed?	The Yongle Emperor greeted the Karmapa, but the question refers to a city where the Yongle Emperor was based. The Yongle Emperor was based in Beijing, where the Forbidden City was located. However, the question refers to a basketball team, which is not mentioned in the provided content. FINAL: The content does not mention a major basketball team in the city where the Yongle Emperor was based.
What are the Genesis's advantages over the game platform with a 3 letter name abbreviation, featuring a game named after the league that chooses where the Super Bowl is held?	The question refers to the Nintendo Entertainment System (NES), which had several advantages over the Game Boy (a 3-letter name abbreviation). The NES was a home console with superior graphics and processing power compared to the handheld Game Boy. The game "Super Bowl" was not specifically named after the league that chooses the Super Bowl location, but the Super Bowl itself is an event organized by the NFL. FINAL: The Genesis (Sega) had better graphics and processing power compared to the NES, but the question's phrasing is unclear. The Super Bowl is organized by the NFL, not named after the league's choice of location.
When was the last time George Hollis's team beat the 1894-95 FA Cup winner?	George Hollis was a goalkeeper for Small Heath, which is now known as Birmingham City. The 1894-95 FA Cup winner was Aston Villa. However, there is no specific information provided about a match in which George Hollis's team beat the 1894-95 FA Cup winner. FINAL: The information provided does not specify when George Hollis's team beat the 1894-95 FA Cup winner.
When does regular season start in the league where a team has played the most games in the competition where they give out the MLB MVP award after?	The regular season in Major League Baseball (MLB) starts in late March or early April. The MLB MVP award is given out during the regular season. FINAL: The regular season starts in late March or early April.
What does seal stand for in the operator of the list of destroyer classes of the operator of the USS Acme seals?	The question appears to be unclear or incorrectly phrased. However, based on the provided content, "Seal" in "USS Acme (MSO-508)" refers to a minesweeper, as the ship's purpose was to remove mines. There is no direct connection to "seal" as an animal or a name in this context. FINAL: minesweeper
What did the person who discovered that all atoms of an element have the same number of protons participate in?	The person who discovered that all atoms of an element have the same number of protons was James Chadwick. He participated in the Tube Alloys project during the Second World War to build an atomic bomb and was part of the British Mission under the Manhattan Project. FINAL: James Chadwick participated in the Tube Alloys project and the Manhattan Project.
What specific part of the religious scripture that can be fit into a large, loose definition of legal literature does this document reference for Mary?	The document references the patristic interpretation of Genesis 3:15 as a part of religious scripture that can be fit into a large, loose definition of legal literature. FINAL: Genesis 3:15
When did Burma change its name to the country that is the natural boundary between the country that hosted the tournament and the country where A Don is located?	Burma changed its name to Myanmar in 1989. The country that hosted the tournament is India, and A Don is located in the United States. The natural boundary between India and the United States is not directly relevant, but the name change occurred in 1989. FINAL: 1989
Which affiliate left the employer of Don Newman due to an agreement with CHBC?	The question contains a misunderstanding. Don Newman is a character from "The Young and the Restless," while CHBC-TV is a television station mentioned in the context of CBC Television. There is no direct information about an affiliate leaving Don Newman's employer. FINAL: The question contains inaccuracies and lacks sufficient context to provide a precise answer.
Who is the spouse of the actor of Ethan in A Dog's Purpose?	The actor who played Ethan in *A Dog's Purpose* is KJ Apa. The question asks for the spouse of the actor, but no information about KJ Apa's spouse is provided in the given content. FINAL: The spouse of KJ Apa is not mentioned in the provided text.
When was the person who Messi's goals in Copa del Rey compared to get signed by Barcelona?	The person whose goals Messi's were compared to was Diego Maradona. Messi's goal in the Copa del Rey match against Getafe in 2009 was compared to Maradona's "Goal of the Century." FINAL: 2009
How long had the city at the center of East Asia during the North-South division been the capitol city of Yaxing Coach's headquarters location?	The question contains inaccuracies and confusion. The city at the center of East Asia during the North-South division was Nanjing, which was the capital of the Southern dynasties. However, "Yaxing Coach's headquarters location" is not clearly defined or related to the historical context provided. FINAL: The question contains inaccuracies and cannot be answered based on the provided information.
Over how many slaves ended up getting emancipated on the birth place of Francis Watson?	The question refers to the birthplace of Francis Watson, but there is no direct information provided about the number of slaves emancipated at his birthplace. The content mentions the Emancipation Proclamation and related historical events, but not specifically about Francis Watson's birthplace. FINAL: The provided information does not specify the number of slaves emancipated at the birthplace of Francis Watson.
Who is the host of Who Wants to be a Millionaire in the country that MacGruder and Loud's creator is from?	Jorge Gabriel was the host of "Who Wants to Be a Millionaire?" in Portugal. MacGruder and Loud's creator, Aaron Spelling, was from the United States. However, the question refers to the host in the country of the creator of "MacGruder and Loud," which is the U.S. The U.S. version of "Who Wants to Be a Millionaire?" was hosted by Regis Philbin, Meredith Vieira, Cedric the Entertainer, Terry Crews, and Chris Harrison. FINAL: Regis Philbin, Meredith Vieira, Cedric the Entertainer, Terry Crew
what is the former name of the country where the airport that Lion Air is part is located?	The former name of the country where the airport mentioned in the Lion Air content is located is Indonesia. FINAL: Indonesia
What does the US believe caused the country where Bodindecha was born to help Japan?	The US believes that the country where Bodindecha was born, Thailand, was not an ally of the Axis and was forced into certain actions by Japanese blackmail before being occupied by Japanese troops. The US treats Thailand as a country that was occupied by Japan, not as a former enemy. FINAL: The US believes Thailand was forced into actions by Japanese blackmail and was occupied by Japan, not an Axis ally.
What is the Till dom ensamma performer's birth date?	Mauro Scocco, the performer of "Till dom ensamma," was born on 11 September 1962. FINAL: 11 September 1962
Who played Seether's performer in willy wonka and the chocolate factory?	The question refers to "Seether's performer," but there is no mention of a character or performer named Seether in the provided content related to *Willy Wonka & the Chocolate Factory*. FINAL: The question contains an error or refers to a detail not present in the provided content.
When was the region that lies to the north of where Israel is located and where The World is located established?	The question refers to regions near Israel and The World, but no specific information is provided about the establishment of a region located to the north of Israel or near The World. Therefore, the answer cannot be determined from the given content. FINAL: The information provided does not specify the establishment date of the region in question.
Who was the child of the 28th U.S. president?	Answer: Jessie Woodrow Wilson Sayre was the child of the 28th U.S. president, Woodrow Wilson. FINAL: Jessie Woodrow Wilson Sayre
In the Arabic dictionary what is the meaning of the word that also refers to the majority religion in India when the country containing the Neolithic graveyards was created?	The word "Hindu" in Arabic is referred to as "Al-Hind," which originally denoted the region of India, not specifically a religion. The majority religion in India is Hinduism. The country containing the Neolithic graveyards is not explicitly mentioned, but if referring to the Indian subcontinent, the answer is Hinduism. FINAL: Hinduism
Who won the 1993 Indy Car Race in the largest city of the state where the library district and the city of Yuma share the same county?	The 1993 Indy Car Race in Phoenix, Arizona, was won by Mario Andretti. Yuma County, Arizona, and the city of Yuma share the same county. FINAL: Mario Andretti
What was the language from which the last name Sylvester originates during the era of the Frankish king who formed the Holy Roman Empire later known as?	The last name Sylvester originates from the Latin adjective silvestris, meaning "wooded" or "wild," which comes from the noun silva, meaning "woodland." This is during the era of the Frankish king Charlemagne, who later formed the Holy Roman Empire. FINAL: Latin