Who developed the eponymous character from the series that contains Mickey's Safari in Letterland?	The question refers to "Mickey's Safari in Letterland," but none of the provided paragraphs mention this specific title or its developer. Therefore, based on the given information, the answer cannot be determined. FINAL: Cannot be determined from the provided information.
What county is the city that shares a border with the state capital of the state where Zubly Cemetery is located in?	The Zubly Cemetery is located in Aiken County, South Carolina. The state capital of South Carolina is Columbia. The city that shares a border with Columbia is Lexington. Therefore, the county is Lexington County. FINAL: Lexington County
In what region of the country containing A Lưới is the birthplace of John Phan located?	The provided text does not mention A Lưới or the birthplace of John Phan. Therefore, it is not possible to determine the answer based on the given information. FINAL: The provided text does not mention A Lưới or the birthplace of John Phan.
Where do Greyhound buses leave from in the city where Arna Selznick's employer is headquartered?	The question refers to "Arna Selznick," but there is no mention of an individual named Arna Selznick in the provided content. However, the content mentions David Selznick, who was the head of the Selznick International studio. The city where his studio was located is not explicitly stated, but Selznick International was based in Hollywood, California. Greyhound buses in Hollywood would typically depart from the Greyhound Terminal in Los Angeles. FINAL: Los Angeles
Which county does Lloyd Dane's birthplace belong to?	Lloyd Dane was born in Eldon, Missouri. Eldon is located in Howard County, Missouri. FINAL: Howard County
Who wrote "Turn Me On" by performer of "Happy Pills"?	Norah Jones wrote "Turn Me On" as the performer of "Happy Pills." FINAL: Norah Jones
Who did the screenwriter for Good Will Hunting play in Dazed and Confused?	The screenwriter for *Good Will Hunting*, Ben Affleck, played the role of Fred O'Bannion in *Dazed and Confused*. FINAL: Ben Affleck
What is the seat of the county sharing a border with the county in which J. P. Hayes was born?	J. P. Hayes was born in Appleton, Wisconsin. The county in which he was born is Outagamie County. The seat of Outagamie County is Appleton. FINAL: Appleton
What does the U.S. believe caused the country where the birthplace of Yaovabha Bongsanid is located, to help Japan?	The question refers to the country where Princess Yaovabha Bongsanid was born, but the provided content only mentions her death at the Grand Palace. There is no information about her birthplace or any connection to Japan. Therefore, the question cannot be answered based on the given content. FINAL: The provided content does not mention the birthplace of Yaovabha Bongsanid or any country's involvement with Japan.
What was the language from which the last name Sylvester originates during the era of the Frankish king who formed the Holy Roman Empire later known as?	The last name Sylvester originates from the Latin name "Sylvester," which means "of the forest." During the era of the Frankish king who formed the Holy Roman Empire, the language used was Medieval Latin, which evolved from Classical Latin. FINAL: Medieval Latin
The group representing at least 70% of Jews worldwide and Italians may be genetically similar due to what two factors?	The group representing at least 70% of Jews worldwide, Ashkenazi Jews, may be genetically similar to Italians due to inter-marriage and conversions in the time of the Roman Empire. FINAL: inter-marriage and conversions in the time of the Roman Empire.
What is the record label for the band which performed Pythons?	The record label for the band Surfer Blood, which performed the album "Pythons," is Sire Records. FINAL: Sire Records
Who is the child of the actor who is a cast member of Love in Pawn?	The question refers to "Love in Pawn," which is not mentioned in the provided content. Therefore, there is no information available to identify the child of the actor who is a cast member of "Love in Pawn." FINAL: The question cannot be answered with the provided information.
What was the version of the language where the last name Sylvester originates, used in the era of the king that united the tribes in the 9th century, later called?	The name Sylvester originates from the Latin adjective silvestris, which means "wooded" or "wild." This version of the language was used during the era of Charlemagne, who united the tribes in the 9th century. The language of that era is later called Medieval Latin. FINAL: Medieval Latin
Who won the Indy Car Race in the largest populated city of the state where Yuma's Library District is located?	The question refers to the "Yuma's Library District," but there is no direct information about a library district in Yuma. However, Yuma is a city in Colorado. The largest populated city in Colorado is Denver. There is no mention of an Indy Car Race in Denver or any specific winner in the provided content. FINAL: The information provided does not specify who won an Indy Car Race in the largest populated city of the state where Yuma is located.
Who played the girlfriend of Alex P. Keaton's actor on Family Ties in Back to the Future?	Michael J. Fox played the role of Alex P. Keaton on Family Ties. In Back to the Future, his character, Marty McFly, had a girlfriend named Jennifer Parker, who was played by Claudia Wells. FINAL: Claudia Wells
What is the source of the river of which Kraai River is a tributary?	The Kraai River is a tributary of the Orange River. The source of the Orange River is not explicitly mentioned in the provided text. FINAL: The Orange River.
When was the region immediately north of the region where the country that secured southern Lebanon is located and the Persian Gulf established?	The region immediately north of the area where Israel secured southern Lebanon and the Persian Gulf was established as part of the Kingdom of Saudi Arabia in 1932. FINAL: 1932
When did the luxury division of the maker of the Toyopet Master change the body style of the rx 350?	The question refers to the luxury division of the maker of the Toyopet Master, which is Toyota. However, there is no information provided about the body style change of the "RX 350," which is a model from Lexus, Toyota's luxury division. The provided content does not mention any changes to the RX 350's body style. FINAL: The provided information does not mention any changes to the body style of the RX 350.
The German priest, who wanted to reform the religious denomination now the largest in the US, preached a sermon on Marian devotion soon before his death in which German state?	The German priest referred to is Martin Luther, who preached a sermon on Marian devotion shortly before his death. Luther was based in Wittenberg, which is in the state of Saxony, Germany. FINAL: Saxony
What song did Paul McCartney write for Sean Lennon's siblings?	The question refers to a song written by Paul McCartney for Cilla Black, but there is no direct information about a song written by Paul McCartney for Sean Lennon's siblings. FINAL: The provided content does not specify a song written by Paul McCartney for Sean Lennon's siblings.
What award was received by the person who authored Missing Person?	The content provided does not mention the book "Missing Person" or the author who wrote it. Therefore, based on the given information, it is not possible to determine which award was received by the author of "Missing Person." FINAL: The information provided does not specify the award received by the author of "Missing Person."
Who sings home alone tonight with the singer of you can crash my party anytime?	Luke Bryan sings "Home Alone Tonight" with Karen Fairchild. Luke Bryan is the singer of "Crash My Party." FINAL: Luke Bryan
What body of water does the river that Toongabbie Creek flows into flow into?	Toongabbie Creek is part of the Parramatta River catchment. The Parramatta River flows into the Port Jackson, which is a large natural harbor in New South Wales, Australia. FINAL: The body of water that the river Toongabbie Creek flows into flows into is the Port Jackson.
How long was the city the Qing lost in 1853 the capital of the province where Yaxing Coach is headquartered?	The Qing lost Nanjing in 1853. Yaxing Coach is headquartered in Yangzhou, Jiangsu. Nanjing was the capital of Jiangsu province. FINAL: The city the Qing lost in 1853 was the capital of the province where Yaxing Coach is headquartered for a period that is not explicitly stated in the provided information.
When did the luxury division of the company that manufactures Toyopet Master change the body style of the RX 350?	The question refers to the luxury division of the company that manufactures Toyopet Master, but no information is provided about Toyopet Master or its luxury division in the given content. Therefore, the question cannot be answered based on the provided paragraphs. FINAL: The question cannot be answered based on the provided information.
Where is the origin of the river that Kraai River is a tributary of?	The Kraai River flows westward from the confluence of the Bell River and the Sterkspruit at Moshesh's Ford and joins the Orange River at Aliwal North. FINAL: The origin of the river that the Kraai River is a tributary of is the confluence of the Bell River and the Sterkspruit at Moshesh's Ford.
Where is the river that the engine pumped water from located in the world?	The river that the engine pumped water from is the Nile River, located in Egypt. FINAL: Egypt
Who was the first African American student to attend the school that owns Swayze Field?	The provided paragraphs do not mention any school that owns Swayze Field or any information about the first African American student to attend such a school. Therefore, based on the given information, it is not possible to determine the answer. FINAL: The provided information does not contain details about the first African American student at a school that owns Swayze Field.
Who wrote the show that Jimmy Olsen works for?	The show that Jimmy Olsen works for is "Adventures of Superman." The question refers to the character Jimmy Olsen, who is a character in the "Adventures of Superman" TV series. The content provided does not explicitly mention the writer of the show, but it does state that George Reeves played Clark Kent/Superman, with Jack Larson as Jimmy Olsen. The writer of the show is not directly mentioned in the provided content. FINAL: The writer of the show that Jimmy Olsen works for is not mentioned in the provided content.
What franchise of the pro soccer organization headquartered in New York, is based in the city that produced the album considered the true portrait of the No Wave movement?	The No Wave movement's quintessential album is the Eno-produced *No New York* compilation. The question refers to a soccer franchise headquartered in New York that is based in the city associated with this album. The New York City FC, mentioned in the context of New York City, is headquartered there. FINAL: New York City FC
When was one internet browser's version of Windows 8 made accessible?	The content provided does not specify when a particular internet browser's version of Windows 8 was made accessible. The information focuses on the release and distribution of Windows 8 itself, not on specific browser versions. FINAL: The question cannot be answered based on the provided information.
Who is the child of the Victim of Romance performer?	The question refers to a "Victim of Romance performer," but there is no direct information provided about a specific "child of the Victim of Romance performer" in the given content. The term "Victim of Romance" is not clearly defined or linked to any specific individual in the provided texts. FINAL: The question cannot be answered with the given information.
At the end of which year did the tribes in the area where the Ashkenazi Jews can trace their ancestry to Jews who settled there invade the roman empire?	The tribes that settled in the area where Ashkenazi Jews can trace their ancestry to invaded the Roman Empire in the 5th century. Based on the provided information, the specific year mentioned is 406, when the Alans, Vandals, and Suevi crossed into Gaul. FINAL: 406
Who is the spouse of the person who voices Jarvis in Iron Man?	The spouse of the person who voices Jarvis in Iron Man is not mentioned in the provided content. FINAL: The spouse of the person who voices Jarvis in Iron Man is not mentioned in the provided content.
What is the name of the castle in the place of birth of the performer of When I Was a Boy?	The performer of "When I Was a Boy" is Jane Siberry. The question refers to the castle in the place of her birth. However, the provided information does not mention Jane Siberry's place of birth or any castle associated with it. Therefore, based on the given content, the answer cannot be determined. FINAL: The information provided does not specify the place of birth of Jane Siberry or any castle associated with it.
How were people from whom new coins were a proclamation of independence by the Somali Muslim Ajuran Empire expelled from the natural boundary between Thailand and A Magne's country?	The question contains inaccuracies and confusion. The Somali Muslim Ajuran Empire is not related to the natural boundary between Thailand and a "Magne's country," which is not mentioned in the provided content. The text about the Somali Muslim Ajuran Empire mentions that they used a new coinage to proclaim economic independence from the Portuguese, not that people were expelled from a natural boundary. There is no information about expulsion related to this context. FINAL: The question contains inaccuracies and lacks clear context based on the provided information.
Who is the father of Nim's actress in Return to Nim's Island?	The question refers to "Nim's Island," which is a film featuring Bindi Irwin as Nim Rusoe. However, the question asks about the "father of Nim's actress," which is not clearly defined in the provided content. The content lists the cast of "Return to Nim's Island," but it does not provide information about the actress's father. FINAL: The content does not provide information about the father of Nim's actress.
What city shares a border with the place where the person who went to the state known for its Mediterranean climate during the gold rush worked?	The person who went to the state known for its Mediterranean climate during the gold rush is likely referring to someone who went to California. The city that shares a border with California is Oregon, Nevada, and Arizona. However, based on the context, the most relevant answer is Oregon. FINAL: Oregon
Besides areas of the country gaining control of Florida after the conflict Charles Edmund Nugent participated in, what other differences exist between where Carlos Barral died and Real Madrid?	Carlos Barral was born and died in Barcelona, Spain, while Real Madrid is a football club based in Madrid, Spain. The key difference is the location of Barcelona versus Madrid. FINAL: The key difference is the location of Barcelona versus Madrid.
In April 2010, what did the company owned by MV Macoma announce it was in the process of doing?	In April 2010, the company owned by MV Macoma announced it was in the process of finalizing the sale of its interests in four Nigerian oil fields. FINAL: In April 2010, the company owned by MV Macoma announced it was in the process of finalizing the sale of its interests in four Nigerian oil fields.
Where does the body of water by the city that shares a border with Elizabeth Berg's birthplace and Ohio River meet?	The body of water by the city that shares a border with Elizabeth Berg's birthplace (Saint Paul, Minnesota) and the Ohio River is Lake Superior. Lake Superior is part of the Great Lakes and is bordered by Minnesota, which shares a border with Saint Paul. The Ohio River is a separate body of water, but the question refers to the meeting point of the Ohio River and a body of water near a city that shares a border with Saint Paul. The Ohio River meets the Mississippi River near Cairo, Illinois, which is near the southern border of Illinois, which shares a border with Kentucky and Indiana. However, the direct meeting point of
What was the wettest year in the second largest city in the state where Yuma's Library District is located?	The second largest city in the state where Yuma's Library District is located is Yuma, Arizona. The wettest year in Yuma, Arizona, was 1905 with 24.17 in (614 mm) of precipitation. FINAL: 1905
When was John's eldest son crowned?	John II of Jerusalem was crowned on May 11, 1284. FINAL: 1284
What is the date of birth of the person who was part of Ratata?	The date of birth of the person who was part of Ratata is not explicitly mentioned in the provided information. However, the band Ratata was formed in 1980, and the member in question, Mauro Scocco, was the frontman. The exact birth date of Mauro Scocco is not provided. FINAL: The date of birth of the person who was part of Ratata is not provided in the given content.
What worldwide ranking does the university that Pedro Ramirez Vasquez attended hold?	Pedro Ramírez Vázquez attended the National Autonomous University of Mexico (UNAM). According to the provided information, UNAM was ranked 74th in the Top 200 World University Ranking published by Times Higher Education in 2006. FINAL: 74th
What company is the college where Wolf V. Vishniac studied a part of?	The college where Wolf V. Vishniac studied is part of Stanford University. FINAL: Stanford University
How many ethnic minorities were looked at differently in the city where the headquarters of the company that Study in Brown's record label is a part of?	The city mentioned is New York, as the record label for "Study in Brown" is EmArcy Records, which is part of the Columbia Records family. The question refers to ethnic minorities in New York, but the provided content does not specify the number of ethnic minorities looked at differently. FINAL: The provided information does not specify the number of ethnic minorities looked at differently in New York.
What is the position of the first governor general of India?	The first Governor-General of British India was Warren Hastings, and the first Governor-General of independent India was Louis Mountbatten. FINAL: The first Governor-General of British India was Warren Hastings, and the first Governor-General of independent India was Louis Mountbatten.
What Islamic denomination was the author of The Canon of Medicine thought to be a member of?	The author of The Canon of Medicine, Avicenna, was thought to be a Sunni Hanafi by some scholars, while others suggested he might have been an Ismaili or a Twelver Shia. However, the most widely accepted view is that he was a Sunni Hanafi. FINAL: Sunni Hanafi
Who is the spouse of the person who plays Batman in the Lego Batman Movie?	In "The Lego Batman Movie," Batman is voiced by Will Arnett. Will Arnett's spouse is Rachel Dratch. FINAL: Rachel Dratch
What country does team that Pa Amadou Gai is a member of play for?	Pa Amadou Gai is a Gambian soccer player. FINAL: Gambia
What is the experimental satellite which was the forerunner to the communication satellite of the operator of GSAT-7 called?	The experimental satellite that was the forerunner to the communication satellite of the operator of GSAT-7 is ATS-6. FINAL: ATS-6
What is the mouth of watercourse for the body of water where Bartram's Covered Bridge is located?	Bartram's Covered Bridge is located over Crum Creek. The mouth of a watercourse refers to the point where a river or stream flows into a larger body of water. However, the provided information does not specify the exact mouth of Crum Creek where Bartram's Covered Bridge is located. FINAL: The provided information does not specify the mouth of Crum Creek where Bartram's Covered Bridge is located.
Who was the person who acquired the parent company of the music service Beyonce owns part of talking about in the song Cry?	The person who acquired the parent company of the music service Beyoncé owns part of, as mentioned in the song "Cry," is not explicitly identified in the provided content. However, the song "Cry" by Beyoncé is part of her album "4," which is under Sony Music Entertainment, acquired by Sony Corporation. The question seems to reference a different context not clearly detailed in the given paragraphs. FINAL: The question refers to a context not clearly detailed in the provided paragraphs.
When is Celebrity Big Brother coming to the network which, along with ABC and the network which broadcasted The Chisholms, is the other major broadcaster based in NY?	The question refers to a network based in New York, along with ABC and the network that broadcasted *The Chisholms*. From the provided content, the three major American broadcast networks headquartered in New York are ABC, CBS, and NBC. The network that broadcasted *The Chisholms* is not explicitly mentioned, but if it refers to a network based in New York, the answer would likely be CBS or NBC. However, since the question is about when *Celebrity Big Brother* is coming to that network, and no specific information about *Celebrity Big Brother* is provided, the answer cannot be determined from
The MLB MVP award is given out after a competition where a team has played the most games. What is the longest win streak in the history of league that team plays for?	The question refers to the longest win streak in the history of a team in the league where the MLB MVP award is given. The answer is not directly provided in the given content. However, the content mentions that Ken Jennings holds the record for the longest winning streak on the game show Jeopardy!, which is unrelated to MLB. FINAL: The information provided does not specify the longest win streak in MLB history.
Who is the other child of Chian Hsiao-chang's father?	The question refers to "Chian Hsiao-chang," but there is no mention of this individual in the provided content. Therefore, it is not possible to determine the other child of Chian Hsiao-chang's father based on the given information. FINAL: The question cannot be answered with the provided information.
Who started the foundation that developed the Free Software Directory?	The Free Software Foundation (FSF) started the foundation that developed the Free Software Directory. FINAL: Free Software Foundation
What notable pop artist started out his career on adult contemporary radio along with the performer of Illuminations?	The question refers to a notable pop artist who started his career on adult contemporary radio along with the performer of "Illuminations." However, the provided content does not mention any artist associated with "Illuminations" or an artist who started their career on adult contemporary radio. Therefore, based on the given information, the answer cannot be determined. FINAL: The provided information does not contain details about an artist associated with "Illuminations" or their connection to adult contemporary radio.
On what date did Battle of the birth place of Marzuki Alie end?	Marzuki Alie was born on 6 November 1955, but the question refers to the "Battle of the birth place," which is not mentioned in the provided content. There is no battle associated with his birthplace in the given information. FINAL: The question refers to a "Battle of the birth place of Marzuki Alie," but no such battle is mentioned in the provided content.
Who was the first president in the country where the Kamchatka Peninsula is located?	The Kamchatka Peninsula is located in Russia. The first president of Russia was Boris Yeltsin. FINAL: Boris Yeltsin
Who did Jokshan's father marry after the death of Sarah?	Jokshan's father, Abraham, married Keturah after the death of Sarah. FINAL: Keturah
What was the person who provided evidence to suggest the existence of the neutron a participant of?	The question refers to the person who provided evidence to suggest the existence of the neutron. Based on the given content, the answer is not directly mentioned. However, the content discusses the neutron star and its composition, but not the discovery of the neutron itself. FINAL: The content does not provide information about the person who suggested the existence of the neutron.
Who plays the character that took the sword out of the stone in once upon a time?	The question refers to the character who took the sword out of the stone in "Once Upon a Time," but the provided content does not mention this specific event or character. The information given about "Once Upon a Time" only states that Tony Amendola plays Geppetto, the creator of Pinocchio, but does not connect him to a sword-in-the-stone scenario. FINAL: The provided content does not specify which character took the sword out of the stone in "Once Upon a Time."
When is the next episode of the series that Steven the Sword Fighter is a part of being released?	The provided content does not mention a series called "Steven the Sword Fighter." Therefore, it is not possible to determine when the next episode of this series will be released. FINAL: The question cannot be answered based on the provided information.
Who plays the person with the same name as he who was caught by surprise in Once Upon a Time?	Freddie Stroma plays the person with the same name as he who was caught by surprise in Once Upon a Time. FINAL: Freddie Stroma
Who was played by the creator of Push, Nevada in Dazed and Confused?	The question is asking who was played by the creator of "Push, Nevada" in "Dazed and Confused." However, there is no information provided about the creator of "Push, Nevada" appearing in "Dazed and Confused." FINAL: The information provided does not indicate who, if anyone, was played by the creator of "Push, Nevada" in "Dazed and Confused."
Why was Common Sense, by the same author as Rights of Man, an important work?	"Common Sense" is not mentioned in the provided content. The question refers to a work not included in the given paragraphs. FINAL: The provided content does not mention "Common Sense" or its significance.
When did the president of the Confederate States of America end his fight in the Mexican-American war?	The president of the Confederate States of America, Jefferson Davis, did not participate in the Mexican-American War, as he was not in a military or political leadership role during that conflict, which occurred from 1846 to 1848. The question contains an inaccuracy, as Davis's involvement in the Mexican-American War was not as a president. FINAL: The question contains an inaccuracy; Jefferson Davis was not the president of the Confederate States during the Mexican-American War.
When was the last time the team Matthew Webb was a member of beat the winner of the 1894-95 FA Cup?	Matthew Webb was a member of Birmingham City, but there is no direct information linking his team to a victory over the winner of the 1894-95 FA Cup. The 1894-95 FA Cup winner was Blackburn Rovers. There is no evidence provided that Birmingham City defeated Blackburn Rovers during Webb's time with the club. FINAL: The information provided does not indicate when the team Matthew Webb was a member of beat the winner of the 1894-95 FA Cup.
What does the name of the organization the Haiti national football team belongs to stand for?	The Haiti national football team is part of the Confederation of North, Central America and Caribbean Association Football (CONCACAF). FINAL: CONCACAF stands for Confederation of North, Central America and Caribbean Association Football.
What is the record label of the co-writer and recording artist of Permission to Fly?	The record label of the co-writer and recording artist of "Permission to Fly" is not explicitly mentioned in the provided content. FINAL: The record label of the co-writer and recording artist of "Permission to Fly" is not explicitly mentioned in the provided content.
When did the location of the basilica named after the same saint at San Pietro in Ciel d'Oro become its own country?	The question contains a misunderstanding. The basilica named after the same saint as San Pietro in Ciel d'Oro is not a country. San Pietro in Ciel d'Oro is a chapel within the Basilica of Sant'Ambrogio in Milan, Italy. It is not a country and has never been one. FINAL: The location of the basilica named after the same saint as San Pietro in Ciel d'Oro has never been a country.
Where did the person featured in the film Sammy Going South study or work?	The person featured in the film *Sammy Going South* is not explicitly mentioned in the provided content. However, the film was directed by Alexander Mackendrick, who is known for his work in film, but no specific information about where he studied or worked is given in the paragraph. FINAL: The paragraph does not provide information about where the person featured in the film *Sammy Going South* studied or worked.
What does the acronym of the organization Danish Football Union is part of stand for?	The question refers to the "Danish Football Association," which is the governing body for football in Denmark. The acronym for the organization is DFF (Dansk Fodbold Forbund). However, the question asks for the acronym of the organization the "Danish Football Union" is part of, which is unclear. Based on the provided information, the Danish Football Association (DFF) is the governing body for football, including futsal, in Denmark. FINAL: DFF
When did the team that won the AL East in 2017 last play in the event after which the MLB MVP is awarded?	The team that won the AL East in 2017 was the New York Yankees. The MLB All-Star Game, where the MVP is awarded, was played in 2017. The Yankees last played in the World Series in 2017, which was after the 2017 All-Star Game. FINAL: 2017
What shares a border with the city where the person who went to the state where Baskin-Robbins was founded during the gold rush works?	The person who went to the state where Baskin-Robbins was founded during the gold rush is likely referring to the California Gold Rush. Baskin-Robbins was founded in California. The question asks about a city that shares a border with the city where this person works. However, the text does not specify which city the person works in. Therefore, the answer cannot be determined from the given information. FINAL: The answer cannot be determined from the given information.
How many ethnic minorities were looked at differently in the city where the headquarters of the only group larger than Långa nätter's record label is located?	The question refers to a city where the headquarters of a record label larger than Långa nätter's is located. However, the provided content does not mention Långa nätter or a specific city related to it. Therefore, the question cannot be answered based on the given information. FINAL: The question cannot be answered based on the provided information.
What year did the country where the place of birth of Beatrice Heuser is located form an alliance with Japan?	Beatrice Heuser was born in Bangkok, which is in Thailand. Thailand did not form an alliance with Japan during the time frame mentioned in the provided content. However, the question refers to a country that formed an alliance with Japan, and the content mentions Britain forming an alliance with Japan in 1902. Since the question is about the country of Beatrice Heuser's birth, and no alliance involving Thailand with Japan is mentioned, the answer cannot be determined from the given information. FINAL: The information provided does not specify an alliance involving Thailand (where Beatrice Heuser was born) and Japan.
When did the death city of Taito Kantonen become the capital of the US state having the statue being the title of the various Latin Mother goddess?	Taito Kantonen was a theologian who moved to the United States as a child. The question refers to a "death city," which is not directly mentioned in the provided content. However, the city associated with the statue mentioned in the content is Springfield, Illinois, which became the capital of Illinois in 1839. The statue in question is the Alma Mater, a symbol of the University of Illinois. The term "Alma Mater" has Latin origins, referring to mother goddesses. FINAL: 1839
Who is the president of the newly declared independent country that is part of the Commission of Truth and Friendship with the country where Sumardi was born?	The president of the newly declared independent country that is part of the Indonesia–Timor Leste Commission of Truth and Friendship is Francisco Guterres of East Timor. FINAL: Francisco Guterres
What is the source of the river that is the mouth of the Caledon River?	The source of the river that is the mouth of the Caledon River is Doghole Lake. FINAL: Doghole Lake
A country's military branch, the equivalent of which in the US helped the Old West's local police, was unprepared for the invasion of the country that developed the ZH-29. The unprepared country was the only communist country to have an embassy where?	The country's military branch referred to is the Chinese National Revolutionary Army, which used the ZH-29 rifle. The US military branch that helped the Old West's local police was the Army. The unprepared country was China, which was the only communist country to have an embassy in the United States. FINAL: China
What pantheon is the God of the underworld in ancient Egypt a part of?	The pantheon of ancient Egypt. FINAL: The pantheon of ancient Egypt.
What event caused the founder of Australia's liberal party to become Prime Minister?	The event that caused the founder of Australia's liberal party to become Prime Minister was the formation of the Free Trade Party, which later evolved into the Commonwealth Liberal Party. The founder, George Reid, led the Reid Government as the fourth Prime Minister of Australia (1904-5). FINAL: The formation of the Free Trade Party and its evolution into the Commonwealth Liberal Party led to the founder, George Reid, becoming Prime Minister.
Who founded what Robert J Chassell is a member of?	Robert J. Chassell was a founding director of the Free Software Foundation (FSF). FINAL: Free Software Foundation (FSF)
Who is part of the group performing Ask the Fish?	The question refers to "Ask the Fish," which is a live album by Leftover Salmon. Therefore, the group performing "Ask the Fish" is Leftover Salmon. FINAL: Leftover Salmon
When did the city where the headquarters of Barton Premium Blend's manufacturer is located elect its first black mayor?	The city where the headquarters of Barton Premium Blend's manufacturer is located is Bardstown, Kentucky. However, the provided information does not mention when Bardstown elected its first black mayor. FINAL: The information provided does not specify when Bardstown, Kentucky, elected its first black mayor.
What is the meaning of the word that is also the majority religion in the area that became India when the country where Kot Haibat is located was created in the Arabic dictionary?	The word is "Hindu," which is the majority religion in the area that became India. In the Arabic dictionary, "Hindu" is derived from the Persian word "Hindu," meaning "from the land of the Indus." FINAL: Hindu
What was the population of the European country the Huguenots felt kinship for emigration to before this emigration?	The population of the Dutch Republic before the Huguenot emigration was approximately 2 million. FINAL: 2 million
What other notable work did the person who illustrated Shrek work on?	The person who illustrated Shrek is not explicitly mentioned in the provided content. However, based on the context, it is likely referring to the illustrators of the "Shrek" franchise, which is based on William Steig's book. The question seems to be asking about other works by the same illustrator, but no specific illustrator is named. FINAL: The content does not provide information about the specific illustrator of "Shrek" or their other notable works.
Who gives out the prize named after the author of The Wealth of Nations?	The prize named after the author of *The Wealth of Nations* is the Adam Smith Prize, which is given out by the University of Cambridge. FINAL: The University of Cambridge.
What is the region of the country of Sa Thầy and the territory of the Zone 5 Military Museam located?	Sa Thầy District is located in the Central Highlands region of Vietnam. The Zone 5 Military Museum is located in Da Nang, Vietnam. FINAL: The region of Sa Thầy is the Central Highlands, and the Zone 5 Military Museum is located in Da Nang, Vietnam.
When is Celebrity Big Brother coming to the network which, along with ABC and the network which released Stand Against Fear, is the other major broadcaster based in NY?	Celebrity Big Brother was set to premiere on February 7, 2018, on CBS. CBS is the network in question, as it is one of the major broadcasters based in New York, along with ABC and the network that released *Stand Against Fear* (which is also CBS). FINAL: February 7, 2018
Which section of the emergency response guidebook of the continent where bison antiquus are found contains the response guides?	The question refers to an "emergency response guidebook" but no such specific guidebook is mentioned in the provided content. The content discusses the "AIR-ONE Emergency Response Coalition" in Illinois, but no direct link to a guidebook for the continent where *Bison antiquus* are found is provided. FINAL: The provided content does not specify an emergency response guidebook related to *Bison antiquus*.
Who was in charge in the country that is the natural boundary between the country that hosted the tournament and the country where A Don is located?	The country that is the natural boundary between the country that hosted the tournament (Russia, for the 2017 FIFA Confederations Cup) and the country where A Don is located (Laos) is not explicitly mentioned in the provided content. However, based on the information given, the answer cannot be determined with certainty. FINAL: The question cannot be answered with the provided information.
Who did the creator of Push, Nevada play in Dazed and Confused?	The creator of "Push, Nevada," Ben Affleck, played the role of Fred O'Bannion in "Dazed and Confused." FINAL: Ben Affleck played Fred O'Bannion in Dazed and Confused.
How many people were in the British colonies where bison antiquus could be found?	The content provided does not specify the number of people in the British colonies where bison antiquus could be found. The information focuses on the evolution and characteristics of bison antiquus, not on the population of British colonies. FINAL: The content does not provide information on the population of British colonies where bison antiquus was found.
During British rule, what wood was mostly produced in the nation that's the boundary between the host of the 2020 AFC U-23 Championship qualification, and the nation containing A Don?	During British rule, the nation that is the boundary between the host of the 2020 AFC U-23 Championship qualification (Thailand) and the nation containing A Don (likely referring to a location in Myanmar) primarily produced teak. FINAL: teak
When did the birthplace of the Here Come the Girls performer elect its first black mayor?	The question refers to the birthplace of the performer of "Here Come the Girls," but the content provided does not mention the birthplace of the performer. The song "Here Come the Girls" was written by Allen Toussaint and recorded by Ernie K-Doe, but no information is given about the birthplace of either individual. Therefore, the question cannot be answered based on the provided content. FINAL: The question cannot be answered based on the provided information.
When did Nissan along with the company that makes the Comstar wheel and the company that makes the Scion open US assembly plants?	Nissan, the company that makes the Comstar wheel (Honda), and the company that makes the Scion (Short Brothers) did not all open US assembly plants. The question contains inaccuracies. Nissan has assembly plants in the US, but Honda is not known for manufacturing the Comstar wheel, and Short Brothers did not produce the Scion in the US. FINAL: The question contains inaccuracies and cannot be answered as stated.
What is the mascot of William J. Ripple's university?	The mascot of William J. Ripple's university is not mentioned in the provided content. FINAL: The mascot of William J. Ripple's university is not mentioned in the provided content.
Who is the father of Edward Baring, 1st Baron Revelstoke's father?	Edward Baring, 1st Baron Revelstoke's father is Henry Baring. FINAL: Henry Baring
Who is the federal leader of the party that Pierre-Hugues Boisvenu is a member of?	The federal leader of the party that Pierre-Hugues Boisvenu is a member of is Stephen Harper. He was the leader of the Conservative Party of Canada until 2015. FINAL: Stephen Harper
In True Grit, who did the star play?	In the film *True Grit*, the star (John Wayne) played the role of Rooster Cogburn, a tough and cynical U.S. Marshal. FINAL: John Wayne played the role of Rooster Cogburn in *True Grit*.
What is the average yearly income for someone with the same nationality as the producer of The Wild Women of Chastity Gulch?	The producer of *The Wild Women of Chastity Gulch* is Aaron Spelling, an American. The average household income in the U.S. is not directly provided, but the mean household income in 2014 was $72,641. FINAL: $72,641
Who is the spouse of the child of Peter Andreas Heiberg?	The spouse of the child of Peter Andreas Heiberg is not directly mentioned in the provided content. However, the content mentions that Johan Ludvig Heiberg was the son of Peter Andreas Heiberg. The spouse of Johan Ludvig Heiberg is not specified in the given text. FINAL: The spouse of the child of Peter Andreas Heiberg is not mentioned in the provided content.
What is the name of the castle found in the birthplace of the performer of Falling Out?	The question refers to the performer of "Falling Out," which is an album by Serena Ryder. However, there is no direct information provided about a castle in her birthplace. The question cannot be answered based on the given content. FINAL: The question cannot be answered based on the provided information.
When was the region that lies to the north of where Israel is located and where Shamal is located established?	The question refers to a region north of Israel and where the Shamal wind is located. However, the provided content does not specify when any particular region in that area was established. FINAL: The information provided does not indicate when the region north of Israel, where the Shamal wind is located, was established.
Who is the federal leader of Leon Benoit's political party?	Leon Benoit was a member of the Conservative Party of Canada. However, the text does not explicitly mention the federal leader of his party during his time in office. FINAL: The text does not provide the name of the federal leader of Leon Benoit's political party.
In what league did Jose Miranda's team compete?	Jose Miranda's team competed in the USISL Select League and the USISL D-3 Pro League. FINAL: USISL Select League and USISL D-3 Pro League.
Who was the US physicist who directed the project that developed the first atomic bomb at the same place where Feynman worked on Water Boiler?	The US physicist who directed the project that developed the first atomic bomb at the same place where Feynman worked on Water Boiler was Major General Leslie Groves. FINAL: Leslie Groves
When did the performer of I Love Life, Thank You release Best Day Ever?	Mac Miller released his mixtape "Best Day Ever" on March 11, 2011. He also released "I Love Life, Thank You" on October 14, 2011. FINAL: March 11, 2011
Which county shares a border with the county where the most populous city in the state where WEKL operates is located?	The question refers to the county where the most populous city in the state where WEKL operates is located. However, the provided content does not mention WEKL or the state it operates in. Therefore, it is not possible to determine which county shares a border with that county based on the given information. FINAL: The provided information does not mention WEKL or the state it operates in, making it impossible to determine the answer.
Who was honoured with the highest award a citizen without military experience in India before becoming a president?	The highest civilian award in India is the Bharat Ratna. Before becoming president, A.P.J. Abdul Kalam was honoured with the Bharat Ratna in 1997. FINAL: A.P.J. Abdul Kalam
Why did Roncalli leave the place where artist who made The Bacchanal of the Andrians died?	The provided text does not mention anything about Roncalli leaving a place related to the artist who created "The Bacchanal of the Andrians." Therefore, there is no information to answer this question. FINAL: The question cannot be answered based on the provided information.
In 2010, what was the population of the city where the Yongle emperor greeted the person to whom the edict was addressed?	The Yongle Emperor greeted the Karmapa, and the city in question is Nanjing. According to the 2010 census, the population of Nanjing was 8.005 million. FINAL: 8.005 million
When did the city the 2010 Sony Ericsson Open – Men's Singles winner is from become the capitol of the state Knowles is from?	Suga Mama is associated with Beyoncé Knowles, who is from Texas. The city where the 2010 Sony Ericsson Open – Men's Singles winner, Andy Roddick, is from is not explicitly mentioned. However, the question refers to the city where the winner is from becoming the capital of the state Knowles is from. Since Knowles is from Texas, the capital of Texas is Austin. The question is unclear about the city of the winner, but if we assume the winner is from a city that became the capital of Texas, the answer would be when Austin became the capital of Texas, which was in
Who created the main character of The Godfather?	The main character of The Godfather, Vito Corleone, was created by Mario Puzo. FINAL: Mario Puzo
What gun was used by Pollack's director in Westworld?	The question refers to "Pollack's director" in the context of "Westworld," but there is no mention of a director named Pollack or any specific gun used by such a director in the provided content. The content about "Westworld (season 2)" lists actors and general information about the show, but it does not provide details about a director named Pollack or any specific gun associated with them. FINAL: The provided information does not specify a gun used by "Pollack's director" in Westworld.
When does the new season of the show starring the cast member of Pizza Man start?	The question refers to the show "Pizza Man," which is a 1991 film, not a television series with seasons. Therefore, there is no "new season" of the show starring the cast member of Pizza Man. FINAL: There is no new season of the show "Pizza Man" as it is a film, not a television series.
What was the name of the Hero and the Terror star's character in Walker, Texas Ranger?	The question refers to the film "Hero and the Terror," which stars Chuck Norris as Danny O'Brien. However, the question asks about a character in "Walker, Texas Ranger," which is a different show. There is no direct connection between "Hero and the Terror" and "Walker, Texas Ranger." Therefore, the answer cannot be determined from the provided information. FINAL: The information provided does not mention any character from "Walker, Texas Ranger" associated with "Hero and the Terror."
What is the position of the person impeached in England for acts committed as governor general of India?	The person impeached in England for acts committed as Governor General of India was Warren Hastings. He was impeached by the British Parliament, and the trial took place in 1786. The impeachment was part of a broader political and legal process involving allegations of misconduct during his tenure. FINAL: Warren Hastings was impeached by the British Parliament for acts committed as Governor General of India, and his trial took place in 1786.
What was the form of the language that the last name Sylvester comes from, used in the era of the king who united the 9th century tribes, later known as?	The form of the language that the last name Sylvester comes from is Latin, specifically Classical Latin. The name Sylvester is derived from the Latin adjective silvestris, meaning "wooded" or "wild." This form of the language was used during the era of the king who united the 9th-century tribes, which refers to Charlemagne. FINAL: Latin.
When was the celestial body that transforms nuclear potential energy to other forms of energy discovered to be the center of the solar system?	The question refers to the discovery of the Sun as the center of the solar system, which is not directly addressed in the provided paragraphs. The content focuses on energy types, psychodynamics, nuclear decay, photosynthesis, renewable energy, and other topics, but does not mention the historical discovery of the Sun as the solar system's center. FINAL: The paragraphs do not provide information about the discovery of the Sun as the center of the solar system.
The actor who plays the father in I Can Only Imagine has a wife played by who in another film?	The actor who plays the father in *I Can Only Imagine* is Dennis Quaid. In another film, his wife is played by Meg Ryan. FINAL: Meg Ryan
Who is the actor who plays the title character in The Bourne Betrayal?	The actor who plays the title character in The Bourne Betrayal is not explicitly mentioned in the provided content. However, since The Bourne Betrayal is a novel and not a film, there is no specific actor associated with the title character in a film adaptation. FINAL: The Bourne Betrayal is a novel, not a film, so there is no actor who plays the title character in a film.
Kiwil's birth country participated in a Commission of Truth and Friendship. Who is the president of the other country that participated?	The Indonesia–Timor Leste Commission of Truth and Friendship was established between Indonesia and East Timor. The president of the other country, East Timor, at the time was Xanana Gusmão. FINAL: Xanana Gusmão
what was the name of the producer of Forest Warrior walker texas ranger?	The question refers to "Forest Warrior walker texas ranger," which seems to mix elements from different contexts. There is no direct information about a "Forest Warrior walker texas ranger" in the provided content. However, "Forest Warrior" is a 1996 film starring Chuck Norris, but there is no mention of a "walker texas ranger" in the given content. FINAL: The provided content does not mention a producer for "Forest Warrior walker texas ranger."
Who was picked over the player with the highest point average in NBA history in the draft?	The player with the highest point average in NBA history is Wilt Chamberlain, who averaged 50.4 points per game in the 1961-62 season. However, the question refers to the draft, and Wilt Chamberlain was not drafted; he was signed as a free agent. Therefore, no one was picked over him in the draft. FINAL: No one was picked over Wilt Chamberlain in the draft, as he was not drafted.
In The Godfather, who does the producer of Mistress play?	In "The Godfather," the producer of "The Mistress" (TV series) is not directly mentioned. However, based on the given information, the question seems to be mixing different contexts. The "Mistress" TV series features Kendal playing Maxine, but there is no direct link provided between "The Godfather" and the producer of "The Mistress." FINAL: The question cannot be answered with the provided information.
Of which river is the river Kichi Sipi Bridge crosses a tributary?	The Kichi Sipi Bridge spans a deep channel of the Nelson River. FINAL: Nelson River
What team was Anna Benson's husband on?	Anna Benson's husband, Kris Benson, was a Major League Baseball pitcher. The answer is not explicitly stated in the provided content, but it can be inferred that he played for a Major League Baseball team. However, without specific information about the team, the answer cannot be definitively provided. FINAL: The content does not specify the team that Anna Benson's husband, Kris Benson, was on.
For what did the singer of Moon River in Breakfast at Tiffany's win a Tony?	The singer of "Moon River" in *Breakfast at Tiffany's* was Audrey Hepburn. However, the question refers to a Tony Award, which is unrelated to the song's success. Audrey Hepburn did not win a Tony for "Moon River." FINAL: The singer of "Moon River" in *Breakfast at Tiffany's* did not win a Tony for the song.
Which years did the war with Antigone's spouse occur?	The question refers to the war involving Antigone's spouse, which is not directly addressed in the provided content. However, based on the context of "Antigone" by Sophocles, the war in question is the Seven Against Thebes, which occurred before the events of the play. The Seven Years' War is a different conflict. FINAL: The question cannot be accurately answered based on the provided content.
Who introduced a system of musical notation in the 14th century used in the area where the Ottoman slave trade flourished?	The question refers to a system of musical notation introduced in the 14th century in an area associated with the Ottoman slave trade. However, the provided content does not mention any specific individual who introduced a musical notation system in the 14th century in that region. The content about musical notation refers to Western staff notation, which was in use since the 16th century, and the Hamparsum notation, which was used in Turkish and Armenian music but not specifically linked to the 14th century or the Ottoman slave trade. FINAL: The provided information does not specify who introduced a musical notation system in the 1
What was the wettest year of the city located in the county that also contains Helvetia?	Helvetia is located in Pima County, Arizona. However, the provided content does not include information about the wettest year of any city in Pima County. FINAL: The information required to determine the wettest year of the city located in the county that also contains Helvetia is not available.
What were the Genesis's advantages over the platform that plays Sunman?	The question refers to the "Genesis" (Sega's console) and a platform that plays "Sunman," but there is no information provided about a platform that plays "Sunman." Therefore, no direct comparison can be made. FINAL: The provided content does not mention a platform that plays "Sunman," so no advantages can be determined.
Which two features were played up the Microsoft executive who announced IPTV in 2007?	The question refers to the IPTV feature mentioned in the context of the Xbox 360, but no specific Microsoft executive is named in the provided content. Therefore, the answer cannot be determined from the given information. FINAL: The provided information does not specify which Microsoft executive announced IPTV in 2007.
According to Pew in 2010, what percent of Nigeria's population was the people who conquered the Eastern provinces of the Byzantine empire?	The question refers to the people who conquered the Eastern provinces of the Byzantine Empire, which were the Muslim Arabs. However, the provided content does not mention any specific percentage related to Nigeria's population in 2010 that corresponds to this group. The content about Nigeria discusses agriculture and does not provide data on religious or ethnic groups related to the conquest of the Byzantine Empire. FINAL: The provided content does not include data on the percentage of Nigeria's population related to the people who conquered the Eastern provinces of the Byzantine Empire.
What county is the city that shares a border with the state capital of the state where Velma Barfield was born located in?	The question refers to Velma Barfield, who was born in North Carolina. The state capital of North Carolina is Raleigh. The city that shares a border with Raleigh is Cary. Cary is located in Wake County. FINAL: Wake County
What artist was featured on Smooth Jazz Stations, along with Kenny G and the performer of The Dance?	Kenny G is featured on Smooth Jazz stations. The performer of The Dance is Dave Koz. FINAL: Dave Koz
When was the country Merewalh was a citizen of abolished?	The question refers to a country named "Merewalh," which is not mentioned in any of the provided paragraphs. Therefore, there is no information available to determine when the country Merewalh was a citizen of was abolished. FINAL: The question cannot be answered based on the provided information.
Who is the father of the artist who painted Head I?	The father of the artist who painted Head I is not explicitly mentioned in the provided text. However, the artist is Francis Bacon, and the text does not provide information about his father. FINAL: The text does not provide information about the father of Francis Bacon, the artist who painted Head I.
What is the body of water that St. Matthew Island located in named after?	The body of water that St. Matthew Island is located in is named after Sir Thomas Lewis, an English physiologist. The body of water is called Lewis Sound. FINAL: Lewis Sound
What percentage did the Dow Jones fall in the historical era where the book takes place?	The question refers to the historical era in which the book "Last Act in Palmyra" takes place, but the content provided does not mention any specific percentage drop in the Dow Jones during that time. The information about the Dow Jones is unrelated to the book's setting. FINAL: The content does not provide information about the Dow Jones' percentage fall during the historical era of the book.
What is the name of the famous bridge located in the birthplace of the composer of Nulla in mundo pax sincera?	The composer of "Nulla in mundo pax sincera" is Antonio Vivaldi. The famous bridge located in the birthplace of Vivaldi, which is Venice, is not explicitly mentioned in the provided content. However, based on general knowledge, the famous bridge in Venice is the Rialto Bridge. FINAL: Rialto Bridge
Who did Hay work for after being hired by his other notable influence regarding resource distribution other than Max Weber?	Hayek worked for the London School of Economics (LSE) after being hired by Lionel Robbins. FINAL: Hayek worked for the London School of Economics (LSE) after being hired by Lionel Robbins.
Who is the president of the newly declared independent country part of the Commission of Truth and Friendship with the country where Gado-gado is found?	The president of the newly declared independent country, East Timor, which is part of the Indonesia–Timor Leste Commission of Truth and Friendship, is Francisco Guterres. Gado-gado is found in Indonesia. FINAL: Francisco Guterres
What province shares a border with the province where Lago District is located?	The province that shares a border with the province where Lago District is located is Niassa Province. FINAL: Niassa Province
The language of a film titled and about the city where Tito was interred is the co-official language of a county. In what city is the national Radio and Television broadcaster for that country?	The film titled "Belgrade" is about the city where Tito was interred. The national Radio and Television broadcaster for Serbia is in Belgrade. FINAL: Belgrade
When did the team that Jamie Ward is a member of win the FA Cup?	Jamie Ward is a member of the Northern Ireland national team. However, the question refers to a team he is a member of, but no specific club team is mentioned in the provided content. Therefore, based on the given information, it is not possible to determine when the team Jamie Ward is a member of won the FA Cup. FINAL: The information provided does not specify a team that Jamie Ward is a member of that has won the FA Cup.
What is the meaning of the name of the city where the Yongle emperor greeted the person to whom the edict was addressed?	The name of the city is Nanjing, which means "Southern Capital." FINAL: Southern Capital
When did the country that has the same co-official language as that of the movie about the city where Petar Trifunović died send an independent team to the Olympics?	The country that has the same co-official language as the movie about the city where Petar Trifunović died is Serbia. Serbia sent an independent team to the Olympics in 2008. FINAL: 2008
Where was Tyler MacDuff's child educated?	Tyler MacDuff's child was educated at Blair International Baccalaureate School in Pasadena. FINAL: Blair International Baccalaureate School in Pasadena.
How many miles are there between Nashville and the place in Tennessee where Mark Day was born?	Mark Day was born in Clarksville, Tennessee. The distance between Nashville and Clarksville is approximately 45 miles. FINAL: 45 miles
What is the name of the castle in the city where the performer of Sleep is the Enemy was formed?	The performer of "Sleep Is the Enemy" is the band Danko Jones, which was formed in Brooklyn, New York City. The castle in Brooklyn is Castle Clinton. Answer: Castle Clinton FINAL: Castle Clinton
Who was in charge of the area where Pavilion Welgelegen is located?	The provided text does not mention Pavilion Welgelegen or any individual in charge of its area. FINAL: The question cannot be answered based on the given information.
When was the last time the team that Malcolm Briggs was a member of beat the 1894-95 FA cup winner?	Malcolm Briggs was a member of Birmingham City, but there is no direct information provided about his team's match against the 1894-95 FA Cup winner, which was Aston Villa. The question cannot be answered with the given information. FINAL: The question cannot be answered with the given information.
Where was Obama's opponent in his first election educated?	Barack Obama's opponent in his first election was Irene Griffin. Irene Griffin was educated in New Jersey. FINAL: New Jersey
What county was Tim Dubois born in?	Tim DuBois was born in Southwest City, Missouri. FINAL: Southwest City, Missouri
Who did the original voice of the character Mila Kunis plays on Family Guy?	The original voice of the character Mila Kunis plays on Family Guy, Meg Griffin, was Lacey Chabert. FINAL: Lacey Chabert
Who many players can play in the game based on the show that Steven the Sword Fighter is part of?	The game allows four characters to be equipped to a party at a time. FINAL: 4
with what movie did Mary Philips' husband win his only oscar?	Mary Philips' husband was Humphrey Bogart. He won his only Oscar for his role in "The African Queen." FINAL: The African Queen
According to QS World University Rankings, what is the ranking of the place that employed Said Ashour?	The provided content does not mention Said Ashour or any information related to the QS World University Rankings. Therefore, it is not possible to determine the ranking of the place that employed Said Ashour based on the given information. FINAL: The information required to answer the question is not available in the provided content.
Who is the child of the president who suffered a major defeat when the body which approves members of the American cabinet refused to ratify the Versailles treaty?	The question refers to the Treaty of Versailles, which was signed by Germany after World War I. The body that refused to ratify the treaty was the U.S. Senate. However, the question mentions "the child of the president," which is not directly addressed in the provided content. The president at the time of the Treaty of Versailles was Woodrow Wilson. There is no information in the provided content about his child suffering a major defeat due to the Senate's refusal to ratify the treaty. FINAL: The question cannot be answered based on the provided information.
Which competition did the performer of Cadore 33 participated?	The performer of *Cadore 33* is Sergio Dalma, a Spanish singer. However, the provided text does not mention any specific competition he participated in. FINAL: The text does not provide information about a competition participated in by the performer of *Cadore 33*.
The country that Eyal Golan is from lies within a certain region. When was the area that lies immediately to the north of that region established?	Eyal Golan is from Israel. The area immediately to the north of Israel is Lebanon. Lebanon was established as a country in 1920, but the question refers to the area immediately to the north of Israel, which is the border region. However, the specific date of establishment of the area immediately to the north is not directly provided. The closest relevant historical event is the establishment of Lebanon as a state in 1920. FINAL: 1920
What is the capital of the county that shares a border with the county where WAPL is licensed to broadcast?	The capital of the county that shares a border with the county where WAPL is licensed to broadcast is Appleton. FINAL: Appleton
What was the percentage the Dow Jones fell during the time the first cake mix come out?	The question refers to the time when the first cake mix came out, but there is no direct information linking the Dow Jones Industrial Average's performance to the release of a cake mix. The provided content mentions "Baby Got Back" by Sir Mix-a-Lot and "German chocolate cake," but neither is related to the Dow Jones' percentage fall. Therefore, the question cannot be answered based on the given information. FINAL: The question cannot be answered based on the provided information.
Who constituted the free corps in the country that the Free State of Mecklenburg-Schwerin is located in?	The question refers to the Free State of Mecklenburg-Schwerin, which is part of Germany. However, the provided content does not mention any "free corps" in relation to this region. Therefore, based on the given information, it is not possible to determine who constituted the free corps in that country. FINAL: The provided information does not specify who constituted the free corps in the country that the Free State of Mecklenburg-Schwerin is located in.
Who is the spouse of the person who played Father in I Can Only Imagine?	The spouse of the person who played Father in *I Can Only Imagine* is not explicitly mentioned in the provided content. FINAL: The content does not provide information about the spouse of the actor who played Father in *I Can Only Imagine*.
What county is the city that shares a border with the state capital of the state where the RBC Heritage Golf Tournament is played in?	The RBC Heritage Golf Tournament is played in South Carolina. The state capital of South Carolina is Columbia. The city that shares a border with Columbia is Lexington. The county is Lexington County. FINAL: Lexington County
Where is the starting meridian for the longitude system on the world map?	The starting meridian for the longitude system on the world map is the Prime Meridian, which is defined as 0° longitude. It is also referred to as the IERS Reference Meridian, and it passes through the Royal Observatory in Greenwich, England. FINAL: The starting meridian for the longitude system is the Prime Meridian, located at 0° longitude.
When did the town WLUJ is licensed in become capitol of the state in which a statue of a Latin mother goddess is located?	The question refers to a town named "WLUJ," which is not mentioned in the provided content. There is no information about a town named WLUJ being licensed as a capital or any connection to a statue of a Latin mother goddess. The content mentions the "Alma Mater" statue, which is associated with the University of Illinois, but no direct link to a town named WLUJ. FINAL: The question cannot be answered based on the provided information.
What does the US believe caused the country where Ercole Manfredi died to help Japan?	The provided information does not mention where Ercole Manfredi died or the reasons why the US would believe a country helped Japan. The question cannot be answered based on the given content. FINAL: The provided information does not mention where Ercole Manfredi died or the reasons why the US would believe a country helped Japan.
What is the name of the major basketball team from the city where the Yongle emperor greeted the person to whom the edict was addressed?	The city where the Yongle Emperor greeted the person to whom the edict was addressed is Nanjing. The major basketball team from Nanjing is the Nanjing Monkey Kings. FINAL: Nanjing Monkey Kings
What are the Genesis's advantages over the game platform with a 3 letter name abbreviation, featuring a game named after the league that chooses where the Super Bowl is held?	The question refers to the "Genesis" and a game platform with a 3-letter name abbreviation. The Genesis is a video game console, also known as the Mega Drive in some regions. The game platform with a 3-letter name abbreviation is likely the "SNES" (Super Nintendo Entertainment System). The game named after the league that chooses where the Super Bowl is held is not directly mentioned in the provided content. However, the NFL (National Football League) is the league that chooses the Super Bowl location. There is no specific game named after the NFL in the content provided. FINAL: The Genesis (Mega Drive) is
When was the last time George Hollis's team beat the 1894-95 FA Cup winner?	George Hollis's team, Small Heath, did not beat the 1894-95 FA Cup winner, as the question refers to a historical context where Hollis was a goalkeeper for Small Heath, and the 1894-95 FA Cup winner is not directly linked to his career. FINAL: The question cannot be answered based on the provided information.
When does regular season start in the league where a team has played the most games in the competition where they give out the MLB MVP award after?	The regular season in Major League Baseball (MLB) starts in late March or early April. FINAL: late March or early April
What does seal stand for in the operator of the list of destroyer classes of the operator of the USS Acme seals?	The term "seal" in "USS Acme (MSO-508)" refers to a mine-sweeping vessel, as the ship was acquired by the U.S. Navy to remove mines. The word "seal" here does not refer to the animal or the hockey team. FINAL: The term "seal" in the context of the USS Acme refers to a mine-sweeping vessel.
What did the person who discovered that all atoms of an element have the same number of protons participate in?	The person who discovered that all atoms of an element have the same number of protons was involved in the development of the understanding of atomic structure, which contributed to the field of nuclear physics and the study of radioactivity. FINAL: The person who discovered that all atoms of an element have the same number of protons participated in the development of the understanding of atomic structure and nuclear physics.
What specific part of the religious scripture that can be fit into a large, loose definition of legal literature does this document reference for Mary?	The document references the papal bull defining the dogma, Ineffabilis Deus, which is part of religious scripture and can be considered legal literature. FINAL: The papal bull defining the dogma, Ineffabilis Deus.
When did Burma change its name to the country that is the natural boundary between the country that hosted the tournament and the country where A Don is located?	Burma changed its name to Myanmar in 1989. The country that hosted the tournament is India, and the country where A Don is located is not specified in the provided content. However, based on the name change, the answer is 1989. FINAL: 1989
Which affiliate left the employer of Don Newman due to an agreement with CHBC?	The content provided does not mention any affiliate leaving the employer of Don Newman due to an agreement with CHBC. The information about CHBC-TV and its affiliation with E! is separate from any information about Don Newman's employer. FINAL: The question cannot be answered based on the provided information.
Who is the spouse of the actor of Ethan in A Dog's Purpose?	The actor who played Ethan in *A Dog's Purpose* is KJ Apa. The question asks for the spouse of this actor. However, the provided information does not mention KJ Apa's spouse. FINAL: The provided information does not mention the spouse of KJ Apa.
When was the person who Messi's goals in Copa del Rey compared to get signed by Barcelona?	The person whose goals Messi's goals in the Copa del Rey were compared to was Diego Maradona. The comparison was made after Messi scored a goal in the Copa del Rey final that was likened to Maradona's famous "Goal of the Century." FINAL: Diego Maradona
How long had the city at the center of East Asia during the North-South division been the capitol city of Yaxing Coach's headquarters location?	During the period of North–South division, Nanjing remained the capital of the Southern dynasties for more than two and a half centuries. Yaxing Coach is based in Yangzhou. However, the question combines unrelated cities and entities, making it unclear and unanswerable as posed. FINAL: The question contains inaccuracies and cannot be answered based on the provided information.
Over how many slaves ended up getting emancipated on the birth place of Francis Watson?	The question refers to the birthplace of Francis Watson, but no specific location is mentioned in the provided text. The text discusses the Emancipation Proclamation and the number of enslaved people who fought for the Union, but it does not provide a direct answer to the number of slaves emancipated at the birthplace of Francis Watson. FINAL: The provided text does not specify the number of slaves emancipated at the birthplace of Francis Watson.
Who is the host of Who Wants to be a Millionaire in the country that MacGruder and Loud's creator is from?	The host of "Who Wants to Be a Millionaire?" in the country where "MacGruder and Loud" was created (the United States) is Regis Philbin for the original U.S. version, followed by Meredith Vieira, Cedric the Entertainer, Terry Crews, and Chris Harrison. FINAL: Regis Philbin, Meredith Vieira, Cedric the Entertainer, Terry Crews, and Chris Harrison.
what is the former name of the country where the airport that Lion Air is part is located?	The question refers to Lion Air, which is based in Indonesia. The former name of Indonesia is the Dutch East Indies. FINAL: Dutch East Indies
What does the US believe caused the country where Bodindecha was born to help Japan?	The U.S. believes that the country where Bodindecha was born (Thailand) was forced into certain actions by Japanese blackmail before being occupied by Japanese troops. The U.S. does not consider Thailand an former enemy but rather a country that was coerced by Japan. FINAL: The U.S. believes Thailand was forced into actions by Japanese blackmail before being occupied.
What is the Till dom ensamma performer's birth date?	The content provided does not mention the birth date of the performer of "Till dom ensamma." The song is mentioned as being written by Mauro Scocco and recorded by himself, but no birth date for Mauro Scocco is given. FINAL: The birth date of the performer of "Till dom ensamma" is not provided in the given content.
Who played Seether's performer in willy wonka and the chocolate factory?	The question refers to "Seether's performer" in *Willy Wonka & the Chocolate Factory*, but there is no mention of a song or performer named "Seether" in the provided content related to the film. The song "Seether" is mentioned in the context of the band Veruca Salt, but not in relation to *Willy Wonka & the Chocolate Factory*. FINAL: The content does not provide information about a performer of "Seether" in *Willy Wonka & the Chocolate Factory*.
When was the region that lies to the north of where Israel is located and where The World is located established?	The question refers to regions near Israel and The World, but no specific information is provided about the establishment of a region that lies to the north of Israel and where The World is located. Therefore, the answer cannot be determined from the given content. FINAL: The question cannot be answered based on the provided information.
Who was the child of the 28th U.S. president?	The child of the 28th U.S. president, Woodrow Wilson, was Jessie Woodrow Wilson Sayre. FINAL: Jessie Woodrow Wilson Sayre
In the Arabic dictionary what is the meaning of the word that also refers to the majority religion in India when the country containing the Neolithic graveyards was created?	The Arabic equivalent of the word "Hindu" is "Al-Hind," which referred to the country of India. The majority religion in India is Hinduism. The country containing the Neolithic graveyards is Pakistan. FINAL: Hinduism
Who won the 1993 Indy Car Race in the largest city of the state where the library district and the city of Yuma share the same county?	The 1993 Indy Car Race in Phoenix, Arizona, was won by Mario Andretti. Yuma County, Arizona, is the county where the Yuma Library District is located, and Phoenix is the largest city in Arizona. FINAL: Mario Andretti
What was the language from which the last name Sylvester originates during the era of the Frankish king who formed the Holy Roman Empire later known as?	The name Sylvester originates from the Latin adjective silvestris, meaning "wooded" or "wild," derived from the noun silva, meaning "woodland." This is during the era of Charlemagne, who formed the Holy Roman Empire. FINAL: Latin