What is John Mayne's occupation?	This is a mock response from the MockLLMChatClient.
What is Kathy Saltzman's occupation?	This is a mock response from the MockLLMChatClient.
What is Eleanor Davis's occupation?	This is a mock response from the MockLLMChatClient.
What is William Murray, 1st Earl of Mansfield's occupation?	This is a mock response from the MockLLMChatClient.
What is Þorsteinn Bachmann's occupation?	This is a mock response from the MockLLMChatClient.
What is Jacob Kraemer's occupation?	This is a mock response from the MockLLMChatClient.
What is Bae Geu-rin's occupation?	This is a mock response from the MockLLMChatClient.
What is John Floyd's occupation?	This is a mock response from the MockLLMChatClient.
What is Sachiko Kokubu's occupation?	This is a mock response from the MockLLMChatClient.
What is Akari Hayami's occupation?	This is a mock response from the MockLLMChatClient.
What is Paris's occupation?	This is a mock response from the MockLLMChatClient.
What is Fairfax M. Cone's occupation?	This is a mock response from the MockLLMChatClient.
What is Albert Bates's occupation?	This is a mock response from the MockLLMChatClient.
What is Heath's occupation?	This is a mock response from the MockLLMChatClient.
What is Yoshiki Tonogai's occupation?	This is a mock response from the MockLLMChatClient.
What is Thomas R. Whitney's occupation?	This is a mock response from the MockLLMChatClient.
What is Edwin Wallock's occupation?	This is a mock response from the MockLLMChatClient.
What is Tsutomu Seki's occupation?	This is a mock response from the MockLLMChatClient.
What is Matthew McKay's occupation?	This is a mock response from the MockLLMChatClient.
What is Dominick Bellizzi's occupation?	This is a mock response from the MockLLMChatClient.
What is Brendan Canty's occupation?	This is a mock response from the MockLLMChatClient.
What is María Elena Marqués's occupation?	This is a mock response from the MockLLMChatClient.
What is Patrick O'Brien Demsey's occupation?	This is a mock response from the MockLLMChatClient.
What is Boutheina Jabnoun's occupation?	This is a mock response from the MockLLMChatClient.
What is Modou Dia's occupation?	This is a mock response from the MockLLMChatClient.
What is Glenn Albrecht's occupation?	This is a mock response from the MockLLMChatClient.
What is Tobias Lindholm's occupation?	This is a mock response from the MockLLMChatClient.
What is Ingrid Martinez's occupation?	This is a mock response from the MockLLMChatClient.
What is Tolis Voskopoulos's occupation?	This is a mock response from the MockLLMChatClient.
What is Marco Ameglio's occupation?	This is a mock response from the MockLLMChatClient.
What is Mohd Sharkar Shamsudin's occupation?	This is a mock response from the MockLLMChatClient.
What is Anthony Sharp's occupation?	This is a mock response from the MockLLMChatClient.
What is Claire Berlinski's occupation?	This is a mock response from the MockLLMChatClient.
What is Russell Stokes's occupation?	This is a mock response from the MockLLMChatClient.
What is C. E. Webber's occupation?	This is a mock response from the MockLLMChatClient.
What is Muhammad Ali Luqman's occupation?	This is a mock response from the MockLLMChatClient.
What is Ivo Perilli's occupation?	This is a mock response from the MockLLMChatClient.
What is Joseph Weydemeyer's occupation?	This is a mock response from the MockLLMChatClient.
What is Ai's occupation?	This is a mock response from the MockLLMChatClient.
What is Rinaldo del Mel's occupation?	This is a mock response from the MockLLMChatClient.
What is Annie Beustes's occupation?	This is a mock response from the MockLLMChatClient.
What is Elisa Bridges's occupation?	This is a mock response from the MockLLMChatClient.
What is Domingo Eyzaguirre's occupation?	This is a mock response from the MockLLMChatClient.
What is Suzanne Lilar's occupation?	This is a mock response from the MockLLMChatClient.
What is Karen Redman's occupation?	This is a mock response from the MockLLMChatClient.
What is Eduard Looijenga's occupation?	This is a mock response from the MockLLMChatClient.
What is Petrus Camper's occupation?	This is a mock response from the MockLLMChatClient.
What is Jacopo Melani's occupation?	This is a mock response from the MockLLMChatClient.
What is Charlotte von Hagn's occupation?	This is a mock response from the MockLLMChatClient.
What is Michael Hutchings's occupation?	This is a mock response from the MockLLMChatClient.
What is James Alex Msekela's occupation?	This is a mock response from the MockLLMChatClient.
What is Hiroyuki Arai's occupation?	This is a mock response from the MockLLMChatClient.
What is Melinda Mullins's occupation?	This is a mock response from the MockLLMChatClient.
What is Meyer Lutz's occupation?	This is a mock response from the MockLLMChatClient.
What is Ludwig Lichtschein's occupation?	This is a mock response from the MockLLMChatClient.
What is Władysław Sławny's occupation?	This is a mock response from the MockLLMChatClient.
What is Johnson's occupation?	This is a mock response from the MockLLMChatClient.
What is Walter Köbel's occupation?	This is a mock response from the MockLLMChatClient.
What is Debbie Johnson's occupation?	This is a mock response from the MockLLMChatClient.
What is Kekko Fornarelli's occupation?	This is a mock response from the MockLLMChatClient.
What is Adil Shamoo's occupation?	This is a mock response from the MockLLMChatClient.
What is Patrick Mulvany's occupation?	This is a mock response from the MockLLMChatClient.
What is Gerard Kennedy's occupation?	This is a mock response from the MockLLMChatClient.
What is Giora Godik's occupation?	This is a mock response from the MockLLMChatClient.
What is Lillian Lawrence's occupation?	This is a mock response from the MockLLMChatClient.
What is Philip Rosenberg's occupation?	This is a mock response from the MockLLMChatClient.
What is Mariana Vicente's occupation?	This is a mock response from the MockLLMChatClient.
What is Huntington Wilson's occupation?	This is a mock response from the MockLLMChatClient.
What is Bala's occupation?	This is a mock response from the MockLLMChatClient.
What is Steve Tom's occupation?	This is a mock response from the MockLLMChatClient.
What is Ilja Rosendahl's occupation?	This is a mock response from the MockLLMChatClient.
What is Thanasis Pafilis's occupation?	This is a mock response from the MockLLMChatClient.
What is Christopher Butson's occupation?	This is a mock response from the MockLLMChatClient.
What is Hate Man's occupation?	This is a mock response from the MockLLMChatClient.
What is Rich Brightman's occupation?	This is a mock response from the MockLLMChatClient.
What is Edward Norton's occupation?	This is a mock response from the MockLLMChatClient.
What is Jonathan Le Billon's occupation?	This is a mock response from the MockLLMChatClient.
What is Eliza Lawrence's occupation?	This is a mock response from the MockLLMChatClient.
What is Charles Combe's occupation?	This is a mock response from the MockLLMChatClient.
What is GQ's occupation?	This is a mock response from the MockLLMChatClient.
What is John D. Maurice's occupation?	This is a mock response from the MockLLMChatClient.
What is Harvey Benge's occupation?	This is a mock response from the MockLLMChatClient.
What is Alan Huckle's occupation?	This is a mock response from the MockLLMChatClient.
What is Sylwester Braun's occupation?	This is a mock response from the MockLLMChatClient.
What is Jack Mackenzie's occupation?	This is a mock response from the MockLLMChatClient.
What is Ernst Theodor Echtermeyer's occupation?	This is a mock response from the MockLLMChatClient.
What is Felicia Chateloin's occupation?	This is a mock response from the MockLLMChatClient.
What is Bedřich Feigl's occupation?	This is a mock response from the MockLLMChatClient.
What is Björn Böhning's occupation?	This is a mock response from the MockLLMChatClient.
What is Stanley Peiris's occupation?	This is a mock response from the MockLLMChatClient.
What is J. Da Silva's occupation?	This is a mock response from the MockLLMChatClient.
What is Carsten Carlsen's occupation?	This is a mock response from the MockLLMChatClient.
What is Shiva Nageswara Rao's occupation?	This is a mock response from the MockLLMChatClient.
What is Fritz Goos's occupation?	This is a mock response from the MockLLMChatClient.
What is Alexander Gadolin's occupation?	This is a mock response from the MockLLMChatClient.
What is Kamya Panjabi's occupation?	This is a mock response from the MockLLMChatClient.
What is John Strange's occupation?	This is a mock response from the MockLLMChatClient.
What is Everley Gregg's occupation?	This is a mock response from the MockLLMChatClient.
What is Meg McCall's occupation?	This is a mock response from the MockLLMChatClient.
What is Todd Verow's occupation?	This is a mock response from the MockLLMChatClient.
What is Kyaw Swe's occupation?	This is a mock response from the MockLLMChatClient.
What is Edwin H. Knopf's occupation?	This is a mock response from the MockLLMChatClient.
What is Tatiana Doronina's occupation?	This is a mock response from the MockLLMChatClient.
What is Marina Baker's occupation?	This is a mock response from the MockLLMChatClient.
What is Giuseppe Demachi's occupation?	This is a mock response from the MockLLMChatClient.
What is Atsushi Kaneko's occupation?	This is a mock response from the MockLLMChatClient.
What is Richard Faith's occupation?	This is a mock response from the MockLLMChatClient.
What is E. David Redwine's occupation?	This is a mock response from the MockLLMChatClient.
What is Chiara Zanni's occupation?	This is a mock response from the MockLLMChatClient.
What is P. J. Moloney's occupation?	This is a mock response from the MockLLMChatClient.
What is Andreas Rüdiger's occupation?	This is a mock response from the MockLLMChatClient.
What is Guillem Ramon de Gironella's occupation?	This is a mock response from the MockLLMChatClient.
What is Dima Grigoriev's occupation?	This is a mock response from the MockLLMChatClient.
What is Paddy Mullins's occupation?	This is a mock response from the MockLLMChatClient.
What is Alan Mauritz Swanson's occupation?	This is a mock response from the MockLLMChatClient.
What is Harvey William Burk's occupation?	This is a mock response from the MockLLMChatClient.
What is Richard Sandrak's occupation?	This is a mock response from the MockLLMChatClient.
What is Jim Boyd's occupation?	This is a mock response from the MockLLMChatClient.
What is Nosrat Karimi's occupation?	This is a mock response from the MockLLMChatClient.
What is Jörg A. Eggers's occupation?	This is a mock response from the MockLLMChatClient.
What is Duilio Forte's occupation?	This is a mock response from the MockLLMChatClient.
What is Giovanni Grasso's occupation?	This is a mock response from the MockLLMChatClient.
What is Adam Darr's occupation?	This is a mock response from the MockLLMChatClient.
What is Paul Lieber's occupation?	This is a mock response from the MockLLMChatClient.
What is Keiko Aizawa's occupation?	This is a mock response from the MockLLMChatClient.
What is Petros Efthymiou's occupation?	This is a mock response from the MockLLMChatClient.
What is Isobel Pravda's occupation?	This is a mock response from the MockLLMChatClient.
What is Seungri's occupation?	This is a mock response from the MockLLMChatClient.
What is DM Sevilla's occupation?	This is a mock response from the MockLLMChatClient.
What is Carlo Giustini's occupation?	This is a mock response from the MockLLMChatClient.
What is Hugo Becker's occupation?	This is a mock response from the MockLLMChatClient.
What is Per Risvik's occupation?	This is a mock response from the MockLLMChatClient.
What is Eleanor Yule's occupation?	This is a mock response from the MockLLMChatClient.
What is Claire Adams's occupation?	This is a mock response from the MockLLMChatClient.
What is Lothrop Stoddard's occupation?	This is a mock response from the MockLLMChatClient.
What is Chris Lang's occupation?	This is a mock response from the MockLLMChatClient.
What is Pamela Winslow's occupation?	This is a mock response from the MockLLMChatClient.
What is Zoran Rankić's occupation?	This is a mock response from the MockLLMChatClient.
What is George Minor's occupation?	This is a mock response from the MockLLMChatClient.
What is Anjali Sudhakar's occupation?	This is a mock response from the MockLLMChatClient.
What is Jean Gabriel Marie's occupation?	This is a mock response from the MockLLMChatClient.
What is George Birnie Esslemont's occupation?	This is a mock response from the MockLLMChatClient.
What is Ajay Kumar Parida's occupation?	This is a mock response from the MockLLMChatClient.
What is A. Lawrence Kocher's occupation?	This is a mock response from the MockLLMChatClient.
What is John Andrew Martin's occupation?	This is a mock response from the MockLLMChatClient.
What is Maurice Le Boucher's occupation?	This is a mock response from the MockLLMChatClient.
What is Martin Shapiro's occupation?	This is a mock response from the MockLLMChatClient.
What is Lewis J. Rachmil's occupation?	This is a mock response from the MockLLMChatClient.
What is René Bégin's occupation?	This is a mock response from the MockLLMChatClient.
What is Louis O'Dea's occupation?	This is a mock response from the MockLLMChatClient.
What is Guo Gengmao's occupation?	This is a mock response from the MockLLMChatClient.
What is Jacques Monasch's occupation?	This is a mock response from the MockLLMChatClient.
What is Robert Antoine's occupation?	This is a mock response from the MockLLMChatClient.
What is Howard Fowles's occupation?	This is a mock response from the MockLLMChatClient.
What is Đurđa Ivezić's occupation?	This is a mock response from the MockLLMChatClient.
What is Jeet Ganguly's occupation?	This is a mock response from the MockLLMChatClient.
What is Akimasa Nakamura's occupation?	This is a mock response from the MockLLMChatClient.
What is Jean-Marie-Victor Viel's occupation?	This is a mock response from the MockLLMChatClient.
What is Eckart von Hirschhausen's occupation?	This is a mock response from the MockLLMChatClient.
What is Val McLane's occupation?	This is a mock response from the MockLLMChatClient.
What is Edwin N. Hubbell's occupation?	This is a mock response from the MockLLMChatClient.
What is Mariví Bilbao's occupation?	This is a mock response from the MockLLMChatClient.
What is Dick Rude's occupation?	This is a mock response from the MockLLMChatClient.
What is Harding of Bristol's occupation?	This is a mock response from the MockLLMChatClient.
What is Gina Krog's occupation?	This is a mock response from the MockLLMChatClient.
What is Petr Mlsna's occupation?	This is a mock response from the MockLLMChatClient.
What is Neville Ashenheim's occupation?	This is a mock response from the MockLLMChatClient.
What is Lorena Corona Valdés's occupation?	This is a mock response from the MockLLMChatClient.
What is Honor Harger's occupation?	This is a mock response from the MockLLMChatClient.
What is Clement Baker's occupation?	This is a mock response from the MockLLMChatClient.
What is Alleppey Vincent's occupation?	This is a mock response from the MockLLMChatClient.
In what city was Belarmino Mario Chipongue born?	This is a mock response from the MockLLMChatClient.
In what city was Raju Kaji Shakya born?	This is a mock response from the MockLLMChatClient.
In what city was Alastair Heathcote born?	This is a mock response from the MockLLMChatClient.
In what city was William Marshall Craig born?	This is a mock response from the MockLLMChatClient.
In what city was Philipp Crone born?	This is a mock response from the MockLLMChatClient.
In what city was Danie Mellor born?	This is a mock response from the MockLLMChatClient.
In what city was Endre Bálint born?	This is a mock response from the MockLLMChatClient.
In what city was Aleksandr Nekrasov born?	This is a mock response from the MockLLMChatClient.
In what city was Charles Joseph Bonaparte born?	This is a mock response from the MockLLMChatClient.
In what city was Louis François Antoine Arbogast born?	This is a mock response from the MockLLMChatClient.
In what city was Austin Cuvillier born?	This is a mock response from the MockLLMChatClient.
In what city was Bert Myers born?	This is a mock response from the MockLLMChatClient.
In what city was Scott Fraser born?	This is a mock response from the MockLLMChatClient.
In what city was Giuseppe Castelli born?	This is a mock response from the MockLLMChatClient.
In what city was Jacob Duck born?	This is a mock response from the MockLLMChatClient.
In what city was Parnelli Jones born?	This is a mock response from the MockLLMChatClient.
In what city was Fernand Cornez born?	This is a mock response from the MockLLMChatClient.
In what city was Yinka Ayenuwa born?	This is a mock response from the MockLLMChatClient.
In what city was Phil Williams born?	This is a mock response from the MockLLMChatClient.
In what city was James M. Bingham born?	This is a mock response from the MockLLMChatClient.
In what city was Jack Kachkar born?	This is a mock response from the MockLLMChatClient.
In what city was Gustavo Grondona born?	This is a mock response from the MockLLMChatClient.
In what city was Bastien Lecouffe-Deharme born?	This is a mock response from the MockLLMChatClient.
In what city was Betty Francisco born?	This is a mock response from the MockLLMChatClient.
In what city was Hans-Jörg Voigt born?	This is a mock response from the MockLLMChatClient.
In what city was Charlie Davis born?	This is a mock response from the MockLLMChatClient.
In what city was Marnus Labuschagne born?	This is a mock response from the MockLLMChatClient.
In what city was Leslie Douglas Jackson born?	This is a mock response from the MockLLMChatClient.
In what city was Ricardo Maliandi born?	This is a mock response from the MockLLMChatClient.
