What is John Mayne's occupation?	John Mayne was a Scottish printer, journalist, and poet.   FINAL: Scottish printer, journalist, and poet.
What is Kathy Saltzman's occupation?	Kathy Saltzman is an American politician. She was a member of the Minnesota Senate and served on various committees, including the Business, Industry and Jobs Committee, the Education Committee, and the Transportation Committee. She also had roles in education funding and community work.  FINAL: American politician
What is Eleanor Davis's occupation?	Eleanor Davis is a cartoonist and illustrator.   FINAL: cartoonist and illustrator.
What is William Murray, 1st Earl of Mansfield's occupation?	William Murray, 1st Earl of Mansfield's occupation was a British judge, politician, lawyer, and peer. He was also a barrister and played a significant role in reforming English law.  FINAL: British judge, politician, lawyer, and peer.
What is Þorsteinn Bachmann's occupation?	Þorsteinn Bachmann is an Icelandic film actor.   FINAL: actor
What is Jacob Kraemer's occupation?	Jacob Kraemer's occupation is a Canadian actor.   FINAL: Canadian actor
What is Bae Geu-rin's occupation?	Bae Geu-rin is a South Korean actress.   FINAL: Actress
What is John Floyd's occupation?	John Floyd's occupation was an American politician, planter, and military officer.   FINAL: politician, planter, and military officer.
What is Sachiko Kokubu's occupation?	Sachiko Kokubu is a Japanese actress and fashion model.   FINAL: actress and fashion model
What is Akari Hayami's occupation?	Akari Hayami is a Japanese actress, model, and former idol singer.   FINAL: actress, model, and former idol singer.
What is Paris's occupation?	Paris's occupation is that of an actor. He was a pantomimus in Rome during the 1st century AD.  FINAL: actor
What is Fairfax M. Cone's occupation?	Fairfax M. Cone's occupation was an American businessman, advertising executive, and former director of the American Association of Advertising Agencies.   FINAL: American businessman, advertising executive, and former director of the American Association of Advertising Agencies.
What is Albert Bates's occupation?	Albert Bates is an American lawyer, author, teacher, and member of the intentional community and ecovillage movements. He has also been involved in environmental advocacy, ecovillage development, and sustainable agriculture.  FINAL: Albert Bates is an American lawyer, author, teacher, and environmental advocate.
What is Heath's occupation?	Heath's occupation is a musician. He was a bass guitarist for the rock band X Japan and also had a solo career.   FINAL: musician
What is Yoshiki Tonogai's occupation?	Yoshiki Tonogai is a Japanese manga artist.   FINAL: manga artist
What is Thomas R. Whitney's occupation?	Thomas R. Whitney was an American journalist, politician, and writer. He worked as an editor for the "New York Sunday Times" and later published his own paper, the "Sunday Morning News," and a magazine, "The Republic." He also served in the New York State Senate and was a member of the Know Nothing Party.  FINAL: Journalist, politician, and writer.
What is Edwin Wallock's occupation?	Edwin Wallock was an American actor.   FINAL: Actor
What is Tsutomu Seki's occupation?	Tsutomu Seki's occupation is a Japanese amateur astronomer and discoverer of minor planets and comets. He is the Director of the Geisei Observatory in Kōchi and in charge of the Comet Section of the Oriental Astronomical Association.  FINAL: Japanese amateur astronomer and discoverer of minor planets and comets.
What is Matthew McKay's occupation?	Matthew McKay's occupation was a Canadian politician. He served as a Liberal party member of the House of Commons of Canada and held various roles such as Parliamentary Secretary to the Minister of Finance and critic for the Environment. FINAL: Canadian politician.
What is Dominick Bellizzi's occupation?	Dominick Bellizzi's occupation was a jockey.   FINAL: jockey
What is Brendan Canty's occupation?	Brendan Canty is an American musician, composer, producer, and filmmaker, best known as the drummer for the band Fugazi. He is also a multi-instrumentalist, involved in soundtrack work, film scoring, directing, and various side projects.  FINAL: Musician, composer, producer, and filmmaker.
What is María Elena Marqués's occupation?	María Elena Marqués was a Mexican actress and singer.   FINAL: actress and singer
What is Patrick O'Brien Demsey's occupation?	Patrick O'Brien Demsey's occupation is an actor.   FINAL: actor
What is Boutheina Jabnoun's occupation?	Boutheina Jabnoun Marai is a Tunisian journalist and magazine publisher. She is the co-owner and editor-in-chief of Bouthaina magazine.  FINAL: journalist and magazine publisher
What is Modou Dia's occupation?	Modou Dia's occupation is a politician and former diplomat.   FINAL: politician and former diplomat.
What is Glenn Albrecht's occupation?	Glenn Albrecht is an environmental philosopher and academic. He was a Professor of Sustainability at Murdoch University and has held other academic positions.   FINAL: Professor of Sustainability and environmental philosopher
What is Tobias Lindholm's occupation?	Tobias Lindholm is a Danish screenwriter and film director.   FINAL: screenwriter and film director
What is Ingrid Martinez's occupation?	Ingrid Martz is a Mexican actress and model.   FINAL: actress and model
What is Tolis Voskopoulos's occupation?	Tolis Voskopoulos was a Greek singer, actor, and composer.   FINAL: singer, actor, and composer
What is Marco Ameglio's occupation?	Marco Ameglio is a Panamanian politician and businessman. He served as the President of the National Assembly and has been a member of the Panama Canal Authority Board of Directors.  FINAL: politician and businessman
What is Mohd Sharkar Shamsudin's occupation?	Mohd Sharkar Shamsudin's occupation is a Malaysian politician. He has served as Speaker of the Pahang State Legislative Assembly and was a Member of the Pahang State Executive Council (EXCO) and Member of the Pahang State Legislative Assembly (MLA) for Lanchang.  FINAL: Malaysian politician
What is Anthony Sharp's occupation?	Anthony Sharp was an English actor, writer, and director. He was also a playwright and a prolific director, particularly of comedy-thrillers and 'boardroom' dramas. Additionally, he had a career in cinema, television, and radio.  FINAL: Actor, writer, and director.
What is Claire Berlinski's occupation?	Claire Berlinski is an American journalist and author.   FINAL: journalist and author
What is Russell Stokes's occupation?	Russell Stokes was a manufacturer and politician. He was the managing director and chairman of Stokes & Sons, a family business involved in badge- and medallion-making. He also served as a member of the Victorian Legislative Assembly.  FINAL: Manufacturer and politician.
What is C. E. Webber's occupation?	C. E. Webber's occupation was a British television writer and playwright.   FINAL: British television writer and playwright.
What is Muhammad Ali Luqman's occupation?	Muhammad Ali Luqman's occupation was a Yemeni lawyer, writer, and journalist.   FINAL: lawyer, writer, and journalist.
What is Ivo Perilli's occupation?	Ivo Perilli was an Italian screenwriter.   FINAL: screenwriter
What is Joseph Weydemeyer's occupation?	Joseph Weydemeyer was a military officer, journalist, politician, and Marxist revolutionary. He served as a lieutenant colonel in the Union Army during the American Civil War and was involved in publishing socialist periodicals.  FINAL: military officer, journalist, politician, and Marxist revolutionary.
What is Ai's occupation?	Ai's occupation is a poet and educator. She was an American poet and educator who won the 1999 National Book Award for Poetry for "Vice: New and Selected Poems". FINAL: poet and educator
What is Rinaldo del Mel's occupation?	Rinaldo del Mel's occupation was a Franco-Flemish composer of the Renaissance, mainly active in Italy, and a member of the Roman School of composition. He was also a "maestro di cappella" in various positions.  FINAL: Composer and maestro di cappella.
What is Annie Beustes's occupation?	Annie Beustes is a French politician in New Caledonia.  FINAL: French politician in New Caledonia.
What is Elisa Bridges's occupation?	Elisa Bridges was an American actress and model.   FINAL: actress and model
What is Domingo Eyzaguirre's occupation?	Domingo Eyzaguirre was a Chilean politician and philanthropist. FINAL: politician and philanthropist
What is Suzanne Lilar's occupation?	Suzanne Lilar was a Flemish Belgian essayist, novelist, and playwright. She was also a member of the Royal Academy of French Language and Literature.   FINAL: novelist, essayist, and playwright
What is Karen Redman's occupation?	Karen Redman is a Canadian politician and the chair of the Region of Waterloo. She previously served as a member of the House of Commons of Canada and held roles such as Chief Government Whip and Chief Official Opposition Whip.   FINAL: Canadian politician and chair of the Region of Waterloo.
What is Eduard Looijenga's occupation?	Eduard Looijenga is a Dutch mathematician who works in algebraic geometry and the theory of algebraic groups. He was a professor of mathematics at Utrecht University until his retirement in 2013 and has also held a professorship at Tsinghua University.  FINAL: Mathematician
What is Petrus Camper's occupation?	Petrus Camper was a Dutch physician, anatomist, physiologist, midwife, zoologist, anthropologist, palaeontologist, and naturalist. FINAL: physician, anatomist, physiologist, midwife, zoologist, anthropologist, palaeontologist, and naturalist.
What is Jacopo Melani's occupation?	Jacopo Melani was an Italian composer and violinist.   FINAL: composer and violinist
What is Charlotte von Hagn's occupation?	Charlotte von Hagn's occupation was a German actress.   FINAL: actress
What is Michael Hutchings's occupation?	Michael Hutchings is a professional chef. He is best known as the chef/owner of Michael's Waterside in Santa Barbara, California, and has appeared on various cooking programs.   FINAL: Chef
What is James Alex Msekela's occupation?	James Alex Msekela's occupation is a Tanzanian politician and diplomat. He served as Tanzania's ambassador to Italy and previously held positions as a Member of Parliament and Regional Commissioner.   FINAL: politician and diplomat
What is Hiroyuki Arai's occupation?	Hiroyuki Arai is a Japanese politician and member of the House of Councillors in the Diet.  FINAL: Japanese politician and member of the House of Councillors in the Diet.
What is Melinda Mullins's occupation?	Melinda Mullins is an American former film, television and theatre actress.   FINAL: actress
What is Meyer Lutz's occupation?	Meyer Lutz's occupation was a composer and conductor. He was known for his work in light music, musical theatre, and burlesques, and he held positions such as music director at various theatres, including the Gaiety Theatre in London.  FINAL: composer and conductor
What is Ludwig Lichtschein's occupation?	Ludwig Lichtschein's occupation was a rabbi.   FINAL: rabbi
What is Władysław Sławny's occupation?	Władysław Sławny's occupation was a photographer. He was a Polish photographer who worked as a press photographer in Paris and had his photos published in "Vu" and "Regards" magazines.  FINAL: photographer
What is Johnson's occupation?	Johnson's occupation is a film score composer and music director.   FINAL: film score composer and music director.
What is Walter Köbel's occupation?	Walter Köbel's occupation was a German politician. He served as the Mayor of Rüsselsheim and was a member of the Hessian State Parliament.  FINAL: politician
What is Debbie Johnson's occupation?	Debbie Johnson is an American politician.   FINAL: politician
What is Kekko Fornarelli's occupation?	Kekko Fornarelli is a jazz pianist and composer.   FINAL: jazz pianist and composer
What is Adil Shamoo's occupation?	Adil Shamoo is a professor, biochemist, and analyst for Foreign Policy In Focus. He has also served in various advisory roles and has been involved in ethics and research protection.   FINAL: Professor, biochemist, and analyst for Foreign Policy In Focus.
What is Patrick Mulvany's occupation?	Patrick Mulvany's occupation was an Irish politician and farmer. He was also an artist, known for his paintings of historical and western scenes.  FINAL: Irish politician and farmer, artist
What is Gerard Kennedy's occupation?	Gerard Kennedy is an Australian actor and former Canadian politician. He is known for his roles in television series such as "Hunter" and "Division 4," as well as for his political career in Ontario, Canada.  FINAL: Actor and politician.
What is Giora Godik's occupation?	Giora Godik's occupation was a theater producer and impresario. He was known as the "King of musicals" and was famous for bringing musical comedies to Israel.  FINAL: theater producer and impresario
What is Lillian Lawrence's occupation?	Lillian Lawrence was an American theatre and silent film actress.   FINAL: Actress
What is Philip Rosenberg's occupation?	Answer: Production designer
What is Mariana Vicente's occupation?	Mariana Vicente's occupation is an actress, model, and beauty pageant titleholder.   FINAL: actress, model, and beauty pageant titleholder.
What is Huntington Wilson's occupation?	Huntington Wilson was a United States diplomat and author.  FINAL: Diplomat and author.
What is Bala's occupation?	Bala's occupation is a film director, screenwriter, and film producer.   FINAL: film director, screenwriter, and film producer.
What is Steve Tom's occupation?	Steve Tom's occupation is an actor.   FINAL: actor
What is Ilja Rosendahl's occupation?	Ilja Rosendahl is a German film and music producer, director, screenwriter, actor, songwriter, musician (vocals, guitars, bass) and voiceover artist. FINAL: film and music producer, director, screenwriter, actor, songwriter, musician (vocals, guitars, bass) and voiceover artist.
What is Thanasis Pafilis's occupation?	Thanasis Pafilis is a Greek communist politician, member of the Hellenic Parliament, and General Secretary of the World Peace Council. He has also served as a Member of the European Parliament.  FINAL: Greek communist politician, member of the Hellenic Parliament, and General Secretary of the World Peace Council.
What is Christopher Butson's occupation?	Christopher Butson was an Irish Anglican priest. He served as the Rector of Clontarf, Archdeacon of Clonfert, and Dean of Kilmacduagh.  FINAL: Priest
What is Hate Man's occupation?	Hate Man's occupation was an American philosopher, activist, and former reporter for "The New York Times".  FINAL: philosopher, activist, and former reporter for "The New York Times"
What is Rich Brightman's occupation?	Rich Brightman's occupation is a singer-songwriter.   FINAL: singer-songwriter
What is Edward Norton's occupation?	Edward Norton is an American actor and producer. He has also directed and acted in the crime film "Motherless Brooklyn" (2019) and starred in "The Grand Budapest Hotel" (2014). Additionally, he is an environmental activist and social entrepreneur.  FINAL: Actor and producer.
What is Jonathan Le Billon's occupation?	Jonathan Le Billon is a British actor. He has worked in feature films, television shows, and classical theatre companies. He has also been involved in producing and performing as Sherlock Holmes in online productions.   FINAL: Actor.
What is Eliza Lawrence's occupation?	Eliza Lawrence was a Canadian territorial-level politician and member of the Legislative Assembly of the Northwest Territories. She also worked as a nurse, nutritional educator, and manager in the territorial government.  FINAL: Politician, nurse, and manager
What is Charles Combe's occupation?	Charles Combe was an English physician and numismatist. He was also a Fellow of the Royal Society and the Society of Antiquaries of London. Additionally, he was involved in publishing works related to coins and literature.  FINAL: physician and numismatist
What is GQ's occupation?	GQ is an actor, writer, and rapper.   FINAL: actor, writer, and rapper.
What is John D. Maurice's occupation?	John D. Maurice's occupation is an American journalist.   FINAL: journalist
What is Harvey Benge's occupation?	Harvey Benge was a New Zealand photographer.   FINAL: Photographer
What is Alan Huckle's occupation?	Alan Huckle's occupation is a British Colonial Governor and senior diplomat. He served as the commissioner of the British Indian Ocean Territory and the British Antarctic Territory, and later as the governor of Anguilla and the Falkland Islands.   FINAL: British Colonial Governor and senior diplomat.
What is Sylwester Braun's occupation?	Sylwester Braun's occupation was a Polish photographer and Home Army officer.   FINAL: photographer and Home Army officer.
What is Jack Mackenzie's occupation?	Jack Mackenzie's occupation was a cinematographer.   FINAL: cinematographer
What is Ernst Theodor Echtermeyer's occupation?	Ernst Theodor Echtermeyer's occupation was a German writer and philosopher.   FINAL: writer and philosopher
What is Felicia Chateloin's occupation?	Felicia Chateloin is a Cuban architect specialized in conservation and rehabilitation of built patrimony and in urban historic preservation. She works as a preservation and rehabilitation specialist and also serves as a professor at the Faculty of Architecture, Polytechnic José Antonio Echeverría (CUJAE) and at the San Geronimo University College of the University of Havana.  FINAL: Architect and professor.
What is Bedřich Feigl's occupation?	Bedřich Feigl was a Czech-Jewish painter, graphic designer, and illustrator.   FINAL: painter, graphic designer, and illustrator
What is Björn Böhning's occupation?	Björn Böhning is a German politician who has served as State Secretary at the Federal Ministry of Labour and Social Affairs.   FINAL: German politician
What is Stanley Peiris's occupation?	Stanley Peiris was a Sri Lankan musician and musical composer. He had a musical career spanning more than forty years, during which he produced over 700 albums and composed scores for about 6,600 songs.  FINAL: Musician and musical composer.
What is J. Da Silva's occupation?	J. Da Silva's occupation was a cricket umpire.   FINAL: Cricket umpire
What is Carsten Carlsen's occupation?	Carsten Carlsen was a Norwegian pianist and composer.   FINAL: pianist and composer
What is Shiva Nageswara Rao's occupation?	Siva Nageswara Rao is an Indian film director and screenwriter who works in Telugu cinema. He is especially known for his work in comedy films. His notable films include "Money" (1993), "Money Money" (1994), "Lucky Chance" (1994), "Sisindri" (1995), "Pattukondi Chooddaam" (1997), "Hands Up!" (2000), "Dhanalakshmi, I Love You" (2002), "Mr & Mrs
What is Fritz Goos's occupation?	Fritz Goos was a German physicist and astronomer. He worked in optical spectroscopy, investigated the emission and absorption properties of various objects, and contributed to the discovery of the Goos-Hänchen effect.  FINAL: Physicist and astronomer
What is Alexander Gadolin's occupation?	Alexander Gadolin was a Finnish legal scholar and politician. He served in the Diet of Finland and the Parliament of Finland, representing the Swedish People's Party of Finland.  FINAL: Finnish legal scholar and politician.
What is Kamya Panjabi's occupation?	Kamya Panjabi is an Indian actress and politician. She is known for her work in Hindi television productions and participated in the reality show "Bigg Boss 7." She joined the Indian National Congress party in 2021.  FINAL: actress and politician
What is John Strange's occupation?	John Strange's occupation was a diplomat.   FINAL: diplomat
What is Everley Gregg's occupation?	Everley Gregg's occupation was an English actress.   FINAL: actress
What is Meg McCall's occupation?	Meg McCall's occupation was a Canadian politician. She represented the electoral district of Klondike in the Yukon Legislative Assembly.  FINAL: Canadian politician
What is Todd Verow's occupation?	Todd Verow's occupation is a film director.   FINAL: film director
What is Kyaw Swe's occupation?	Kyaw Swe is a Burmese politician and former Minister of Home Affairs of Myanmar. He also served as Commander of South-west Command in Pathein, Ayeyarwady Region.  FINAL: Burmese politician and former Minister of Home Affairs of Myanmar.
What is Edwin H. Knopf's occupation?	Edwin H. Knopf was a film director, producer, and screenwriter.   FINAL: film director, producer, and screenwriter.
What is Tatiana Doronina's occupation?	Tatiana Doronina's occupation is an actress. She is a Soviet/Russian actress known for her work in theater and film, and she was named a People's Artist of the USSR in 1981.  FINAL: Actress
What is Marina Baker's occupation?	Marina Baker is a British politician, journalist, children's book author, former model, and actress. She has also worked as a magic consultant and is involved in local environmental initiatives.  FINAL: British politician, journalist, children's book author, former model, and actress.
What is Giuseppe Demachi's occupation?	Giuseppe Demachi was an Italian composer and violinist.   FINAL: composer and violinist
What is Atsushi Kaneko's occupation?	Atsushi Kaneko is a Japanese manga artist.   FINAL: manga artist
What is Richard Faith's occupation?	Richard Faith's occupation was an American composer, concert pianist, professor of piano, and a published composer of piano pedagogy literature, orchestral and chamber works, opera, and songs.  FINAL: American composer, concert pianist, professor of piano, and published composer of piano pedagogy literature, orchestral and chamber works, opera, and songs.
What is E. David Redwine's occupation?	E. David Redwine is a North Carolina politician. He served in the North Carolina House of Representatives and was a candidate for the North Carolina Senate seat.  FINAL: Politician
What is Chiara Zanni's occupation?	Chiara Zanni is a Canadian actress and comedian. She is known for her roles in various television series and voice-work in animated projects.  FINAL: Actress and comedian.
What is P. J. Moloney's occupation?	P. J. Moloney's occupation was a chemist before he entered politics.   FINAL: chemist
What is Andreas Rüdiger's occupation?	Andreas Rüdiger's occupation was a philosopher and physicist.   FINAL: philosopher and physicist
What is Guillem Ramon de Gironella's occupation?	Guillem Ramon de Gironella was a Catalan troubadour. His poetry is noted for its originality and beauty, and he is associated with the monastery of Sant Daniel de Girona.   FINAL: Troubadour.
What is Dima Grigoriev's occupation?	Dima Grigoriev is a Russian mathematician. He has worked as a researcher and professor, holding positions at various institutions including Penn State University and CNRS in France. His work focuses on areas such as algebraic geometry, symbolic computation, and computational complexity theory.  FINAL: Mathematician
What is Paddy Mullins's occupation?	Paddy Mullins was an Irish racehorse trainer.   FINAL: trainer
What is Alan Mauritz Swanson's occupation?	Alan Mauritz Swanson is an American composer and academic.   FINAL: composer and academic
What is Harvey William Burk's occupation?	Harvey William Burk was a politician and farmer.   FINAL: politician and farmer
What is Richard Sandrak's occupation?	Richard Sandrak's occupation was a bodybuilder, martial artist, and actor. He is known for his appearance in the documentary "The World's Strongest Boy" and for his role in the film "Little Hercules in 3D."  FINAL: bodybuilder, martial artist, and actor
What is Jim Boyd's occupation?	Jim Boyd's occupation was a newscaster and actor. He worked as a weekend, early morning, and midday news anchor and reporter for WCVB-TV and later transitioned to acting in major motion pictures and television productions.  FINAL: newscaster and actor
What is Nosrat Karimi's occupation?	Nosrat Karimi was an Iranian actor, director, make-up artist, professor, scriptwriter, and sculptor.   FINAL: actor, director, make-up artist, professor, scriptwriter, and sculptor.
What is Jörg A. Eggers's occupation?	Jörg A. Eggers is a German film director and screenwriter.   FINAL: film director and screenwriter
What is Duilio Forte's occupation?	Duilio Forte is an artist and architect. He teaches materials technologies at Nuova Accademia Belle Arti di Milano and creates large sculptures and unique exterior sculptural saunas. His work includes installations like "Sleipnir Venexia" and "Sleipnir Convivalis," and he founded AtelierFORTE, an architecture and sculpture research laboratory.  FINAL: Artist and architect.
What is Giovanni Grasso's occupation?	Giovanni Grasso was an Italian stage and film actor. He appeared in more than 80 films between 1910 and 1955.   FINAL: Actor
What is Adam Darr's occupation?	Adam Darr's occupation was a German classical guitarist, singer, zither player, and composer. FINAL: guitarist, singer, zither player, and composer
What is Paul Lieber's occupation?	Paul Lieber's occupation is an actor.   FINAL: actor
What is Keiko Aizawa's occupation?	Keiko Aizawa is a Japanese actress and voice actress.   FINAL: actress and voice actress
What is Petros Efthymiou's occupation?	Petros Efthymiou is a Greek academic and politician. He has served as a minister, MEP, and is currently the parliamentary spokesman of his party.   FINAL: politician and academic
What is Isobel Pravda's occupation?	Isobel Pravda's occupation is a professional drama teacher. She works at Reading Girls’ School in Whitley, Reading, where she helps high school students pursue careers as actors/actresses.  FINAL: Drama teacher
What is Seungri's occupation?	Seungri's occupation was a South Korean former singer-songwriter and convicted criminal. He was a former member of the boy band BigBang and also worked as an actor and musical performer.  FINAL: South Korean former singer-songwriter and convicted criminal.
What is DM Sevilla's occupation?	DM Sevilla's occupation is an actor and dancer.   FINAL: actor and dancer
What is Carlo Giustini's occupation?	Carlo Giustini was an Italian actor.   FINAL: Actor
What is Hugo Becker's occupation?	Hugo Becker was a German cellist, cello teacher, and composer. He also taught at various conservatories and was known for his performances and collaborations with other musicians.  FINAL: Cellist, cello teacher, and composer.
What is Per Risvik's occupation?	Per Risvik's occupation was a Norwegian politician. He was a member of the Progress Party and served in various political roles, including on the Storting and in local government positions.   FINAL: politician
What is Eleanor Yule's occupation?	Eleanor Yule is a Scottish film director.   FINAL: film director
What is Claire Adams's occupation?	Claire Adams was a Canadian actress and silent film actress. She also worked as a benefactor.   FINAL: Actress and benefactor.
What is Lothrop Stoddard's occupation?	Lothrop Stoddard was an American historian, journalist, political scientist, and white supremacist. He was also a racialist author and a member of the Ku Klux Klan. His work focused on race, civilization, and eugenics.  FINAL: Historian, journalist, political scientist, and racialist author.
What is Chris Lang's occupation?	Chris Lang is a British screenwriter, producer, and actor.   FINAL: screenwriter, producer, and actor
What is Pamela Winslow's occupation?	Pamela Winslow is an actress and producer.   FINAL: actress and producer
What is Zoran Rankić's occupation?	Zoran Rankić was a Serbian actor and writer.   FINAL: actor and writer
What is George Minor's occupation?	George Minor was a baseball player.   FINAL: baseball player
What is Anjali Sudhakar's occupation?	Anjali Sudhakar is an Indian actress.   FINAL: Actress
What is Jean Gabriel Marie's occupation?	Jean Gabriel Marie's occupation was a French composer.   FINAL: composer
What is George Birnie Esslemont's occupation?	George Birnie Esslemont's occupation was a Scottish Liberal politician. He served as a Member of Parliament for Aberdeen South.  FINAL: Politician
What is Ajay Kumar Parida's occupation?	Ajay Kumar Parida was an Indian biologist and researcher. He served as the Director of the Institute of Life Sciences (ILS) and was involved in agricultural and biotechnological research.   FINAL: Biologist and researcher.
What is A. Lawrence Kocher's occupation?	A. Lawrence Kocher was an American architect, editor, and teacher. He was a pioneering advocate of modern architecture and the preservation of historic landmarks. He served as the Director of the McIntire School of Art and Architecture at the University of Virginia and was the managing editor of Architectural Record. He also collaborated with architect Albert Frey on various projects.  FINAL: Architect, editor, and teacher.
What is John Andrew Martin's occupation?	John Andrew Martin's occupation was a journalist, attorney, soldier, and politician. He served as a member of the U.S. House of Representatives and was involved in various political and legal roles.  FINAL: journalist, attorney, soldier, and politician
What is Maurice Le Boucher's occupation?	Maurice Le Boucher was a French organist, composer, and pedagogue. He was also a professor at the École Niedermeyer and an organist at St. Germain-l'Auxerrois in Paris. He composed an Organ Symphony in E major and wrote a drama titled "la Duchesse de Padoue."  FINAL: Organist, composer, and pedagogue.
What is Martin Shapiro's occupation?	Martin Shapiro is an American screenwriter and comic book writer.   FINAL: screenwriter and comic book writer
What is Lewis J. Rachmil's occupation?	Lewis J. Rachmil's occupation was a film producer and art director.   FINAL: film producer and art director
What is René Bégin's occupation?	René Bégin's occupation was a Canadian politician and wholesaler.   FINAL: Canadian politician and wholesaler.
What is Louis O'Dea's occupation?	Louis O'Dea's occupation was an Irish politician and solicitor.   FINAL: politician and solicitor
What is Guo Gengmao's occupation?	Guo Gengmao is a Chinese politician who served as Communist Party Secretary and Governor of Henan Province, as well as Governor of Hebei Province.  FINAL: Chinese politician
What is Jacques Monasch's occupation?	Jacques Monasch is a Dutch politician, art collector, and former management and political consultant and civil servant. FINAL: politician, art collector, and former management and political consultant and civil servant.
What is Robert Antoine's occupation?	Robert Antoine's occupation was a Belgian Jesuit priest, missionary in India, and professor of Comparative Literature at Jadavpur University. He was also a Sanskritist, musician, and co-founder of Shanti Bhavan.   FINAL: priest, missionary, and professor of Comparative Literature
What is Howard Fowles's occupation?	Howard Fowles was an Australian politician. He was a member of the New South Wales Legislative Assembly and a member of the Labor Party (ALP). He also served as the acting Speaker of the New South Wales Legislative Assembly for 3 months in 1962. Additionally, he worked as a linesman for the New South Wales Government Railways and was an official in the Electrical Trades Union. Later in life, he was a poultry farmer.  FINAL: Politician, linesman, and poultry farmer.
What is Đurđa Ivezić's occupation?	Đurđa Ivezić's occupation was a Croatian film, television, and stage actress.   FINAL: actress
What is Jeet Ganguly's occupation?	Jeet Ganguly is a score composer, music director, and playback singer.   FINAL: score composer, music director, and playback singer.
What is Akimasa Nakamura's occupation?	Akimasa Nakamura's occupation is a Japanese astronomer.   FINAL: astronomer
What is Jean-Marie-Victor Viel's occupation?	Jean-Marie-Victor Viel's occupation was that of a French architect.   FINAL: Architect
What is Eckart von Hirschhausen's occupation?	Eckart von Hirschhausen is a comedian, talk show host, and doctor.   FINAL: comedian, talk show host, and doctor.
What is Val McLane's occupation?	Val McLane is an English actress, scriptwriter, director, and teacher.   FINAL: actress, scriptwriter, director, and teacher.
What is Edwin N. Hubbell's occupation?	Edwin N. Hubbell was an American politician. He served one term in the U.S. House of Representatives from 1865 to 1867. Later, he worked as a clerk at a lumber company and held positions as Assistant City Treasurer and Deputy City Treasurer.  FINAL: Politician
What is Mariví Bilbao's occupation?	Mariví Bilbao's occupation was an actress.   FINAL: actress
What is Dick Rude's occupation?	Dick Rude is an actor, director, and writer.   FINAL: actor, director, and writer.
What is Harding of Bristol's occupation?	Harding of Bristol's occupation was sheriff reeve of Bristol, responsible for managing a manorial estate and similar duties to those of a magistrate. FINAL: sheriff reeve of Bristol
What is Gina Krog's occupation?	Gina Krog was a Norwegian suffragist, teacher, liberal politician, writer, and editor. She was also a major figure in liberal feminism in Scandinavia.  FINAL: Norwegian suffragist, teacher, liberal politician, writer, and editor.
What is Petr Mlsna's occupation?	Petr Mlsna is a Czech politician who served as Chairman of the Government Legislative Council and Minister without Portfolio of the Czech Republic.  FINAL: Politician
What is Neville Ashenheim's occupation?	Neville Ashenheim was a Jamaican businessman, lawyer, politician, and served as the first Jamaican Ambassador to the United States.  FINAL: businessman, lawyer, politician, and ambassador
What is Lorena Corona Valdés's occupation?	Lorena Corona Valdés is a Mexican politician. She serves as a federal deputy to the LXIII Legislature of the Mexican Congress, representing Durango and the first electoral region.   FINAL: politician
What is Honor Harger's occupation?	Honor Harger is an artist, curator, and art director. She has held positions such as artistic director of the AV Festival, director of Lighthouse, and executive director of the ArtScience Museum in Singapore. She is also known for her work with the sound art collective Relay and the radio project "Radio Astronomy."  FINAL: Artist, curator, and art director.
What is Clement Baker's occupation?	Clement Baker was an English politician. He served as a Member of Parliament (MP) for New Romney in 1512 and 1515, and held other local positions such as chamberlain, commissioner of subsidy, and jurat of the town, as well as bailiff to Yarmouth.  FINAL: English politician
What is Alleppey Vincent's occupation?	Alleppey Vincent's occupation was an Indian film actor in Malayalam cinema. He is known for acting in the first talkie made in Malayalam, "Balan" (1938), and for being the first person to record his voice in a Malayalam cinema. He also acted in several other films and was involved in the film industry as a producer and director.  FINAL: Indian film actor in Malayalam cinema.
In what city was Belarmino Mario Chipongue born?	Belarmino Mário Chipongue was born in Lubango.   FINAL: Lubango
In what city was Raju Kaji Shakya born?	Raju Kaji Shakya was born in Dharan, Nepal.   FINAL: Dharan
In what city was Alastair Heathcote born?	Alastair Heathcote was born in Athens, Greece.   FINAL: Athens, Greece
In what city was William Marshall Craig born?	The context provided does not specify the birthplace of William Marshall Craig.   FINAL: The context does not provide information about the birthplace of William Marshall Craig.
In what city was Philipp Crone born?	Philipp Crone was born in Cologne.   FINAL: Cologne
In what city was Danie Mellor born?	Danie Mellor was born in Mackay, Queensland.  FINAL: Mackay, Queensland
In what city was Endre Bálint born?	Endre Bálint was born in Budapest.   FINAL: Budapest
In what city was Aleksandr Nekrasov born?	Aleksandr Nekrasov was born in Moscow, Russian Empire.   FINAL: Moscow
In what city was Charles Joseph Bonaparte born?	Charles Joseph Bonaparte was born in Baltimore, Maryland.   FINAL: Baltimore
In what city was Louis François Antoine Arbogast born?	Louis François Antoine Arbogast was born in Mutzig, Alsace.   FINAL: Mutzig, Alsace.
In what city was Austin Cuvillier born?	Austin Cuvillier was born in Quebec City, Province of Quebec.   FINAL: Quebec City
In what city was Bert Myers born?	Bert Myers was born in Frederick, Maryland.   FINAL: Frederick, Maryland
In what city was Scott Fraser born?	Scott Fraser was born in Ottawa, Ontario.   FINAL: Ottawa, Ontario.
In what city was Giuseppe Castelli born?	Giuseppe Castelli was born in Milan.   FINAL: Milan
In what city was Jacob Duck born?	Jacob Duck was born in Utrecht.   FINAL: Utrecht
In what city was Parnelli Jones born?	Parnelli Jones was born in Texarkana, Arkansas.   FINAL: Texarkana, Arkansas
In what city was Fernand Cornez born?	Fernand Cornez was born in Paris.   FINAL: Paris
In what city was Yinka Ayenuwa born?	Yinka Ayenuwa was born in Warri.   FINAL: Warri
In what city was Phil Williams born?	Phil Williams was born in Birkenhead.   FINAL: Birkenhead
In what city was James M. Bingham born?	James M. Bingham was born in Perry, New York. FINAL: Perry, New York
In what city was Jack Kachkar born?	Answer: Damascus, Syria
In what city was Gustavo Grondona born?	Gustavo Grondona was born in Buenos Aires.   FINAL: Buenos Aires
In what city was Bastien Lecouffe-Deharme born?	Bastien Lecouffe-Deharme was born in Vannes. FINAL: Vannes
In what city was Betty Francisco born?	Betty Francisco was born in Little Rock, Arkansas.   FINAL: Little Rock, Arkansas
In what city was Hans-Jörg Voigt born?	Hans-Jörg Voigt was born in Dresden, East Germany.   FINAL: Dresden
In what city was Charlie Davis born?	The context provided does not specify the birthplace of Charlie Davis.   FINAL: The context does not provide the birthplace of Charlie Davis.
In what city was Marnus Labuschagne born?	Marnus Labuschagne was born in Klerksdorp, North West Province, South Africa. FINAL: Klerksdorp, North West Province, South Africa.
In what city was Leslie Douglas Jackson born?	Leslie Douglas Jackson was born in Brisbane, Queensland.   FINAL: Brisbane
In what city was Ricardo Maliandi born?	Ricardo Maliandi was born in La Plata.   FINAL: La Plata
